============================= test session starts ==============================
platform darwin -- Python 3.13.9, pytest-9.0.2, pluggy-1.6.0
rootdir: /Users/swoonna/LearnML/cs336/cs336-assignment1-basics
configfile: pyproject.toml
plugins: jaxtyping-0.3.9, timeout-2.4.0
collected 1 item

tests/test_train_bpe.py::test_train_bpe_tinystories 2026-05-25 06:38:46 - Started.
Chunk boundaries: [0, 278469249, 556938507, 835407773, 1113876594, 1392345974, 1670815354, 1949284164, 2227753162]
2026-05-25 06:39:54 - Pre tokenization done.
2026-05-25 06:39:54 - Done with building pair indexes
2026-05-25 06:40:23 - Done with merging

Wall-clock time: 98.0s
Peak memory: 2616.7 MB

Vocab size: 10010
Total merges: 9753

First 10 merges:
  b' ' + b't' -> b' t'
  b'h' + b'e' -> b'he'
  b' ' + b'a' -> b' a'
  b' ' + b's' -> b' s'
  b' ' + b'w' -> b' w'
  b'n' + b'd' -> b'nd'
  b' t' + b'he' -> b' the'
  b'e' + b'd' -> b'ed'
  b' ' + b'b' -> b' b'
  b' t' + b'o' -> b' to'
  b' a' + b'nd' -> b' and'
  b' ' + b'h' -> b' h'
  b' ' + b'f' -> b' f'
  b'i' + b'n' -> b'in'
  b' ' + b'T' -> b' T'
  b' w' + b'a' -> b' wa'
  b'r' + b'e' -> b're'
  b'i' + b't' -> b'it'
  b'o' + b'u' -> b'ou'
  b' ' + b'l' -> b' l'
  b' ' + b'd' -> b' d'
  b' ' + b'c' -> b' c'
  b' ' + b'p' -> b' p'
  b'a' + b'y' -> b'ay'
  b' ' + b'm' -> b' m'
  b'e' + b'r' -> b'er'
  b' wa' + b's' -> b' was'
  b'o' + b'm' -> b'om'
  b' T' + b'he' -> b' The'
  b' ' + b'he' -> b' he'
  b'i' + b's' -> b'is'
  b'a' + b'r' -> b'ar'
  b' ' + b'n' -> b' n'
  b'i' + b'm' -> b'im'
  b'o' + b'n' -> b'on'
  b' s' + b'a' -> b' sa'
  b'i' + b'd' -> b'id'
  b'l' + b'l' -> b'll'
  b' h' + b'a' -> b' ha'
  b' ' + b'g' -> b' g'
  b'a' + b't' -> b'at'
  b' ' + b'S' -> b' S'
  b'in' + b'g' -> b'ing'
  b'o' + b't' -> b'ot'
  b'e' + b'n' -> b'en'
  b'a' + b'n' -> b'an'
  b'l' + b'e' -> b'le'
  b'o' + b'r' -> b'or'
  b'i' + b'r' -> b'ir'
  b'a' + b'm' -> b'am'
  b'e' + b't' -> b'et'
  b' ' + b'H' -> b' H'
  b' ' + b'it' -> b' it'
  b' t' + b'h' -> b' th'
  b'i' + b'g' -> b'ig'
  b' The' + b'y' -> b' They'
  b' ' + b'in' -> b' in'
  b'i' + b'l' -> b'il'
  b' p' + b'l' -> b' pl'
  b' H' + b'e' -> b' He'
  b' ' + b'"' -> b' "'
  b'o' + b'w' -> b'ow'
  b'v' + b'er' -> b'ver'
  b'r' + b'i' -> b'ri'
  b'u' + b't' -> b'ut'
  b' b' + b'e' -> b' be'
  b' ' + b'u' -> b' u'
  b' sa' + b'id' -> b' said'
  b' pl' + b'ay' -> b' play'
  b'it' + b'h' -> b'ith'
  b' d' + b'ay' -> b' day'
  b' w' + b'ith' -> b' with'
  b'p' + b'p' -> b'pp'
  b'O' + b'n' -> b'On'
  b' ' + b'o' -> b' o'
  b' ' + b'y' -> b' y'
  b'o' + b'o' -> b'oo'
  b'k' + b'ed' -> b'ked'
  b' ' + b'r' -> b' r'
  b' he' + b'r' -> b' her'
  b'c' + b'e' -> b'ce'
  b' ' + b'I' -> b' I'
  b' S' + b'he' -> b' She'
  b'l' + b'd' -> b'ld'
  b' T' + b'im' -> b' Tim'
  b' h' + b'is' -> b' his'
  b' s' + b't' -> b' st'
  b'k' + b'e' -> b'ke'
  b' ' + b'e' -> b' e'
  b' b' + b'ig' -> b' big'
  b'n' + b't' -> b'nt'
  b'c' + b'k' -> b'ck'
  b' y' + b'ou' -> b' you'
  b'ver' + b'y' -> b'very'
  b's' + b't' -> b'st'
  b'v' + b'e' -> b've'
  b'e' + b'nd' -> b'end'
  b' ' + b'on' -> b' on'
  b'u' + b'n' -> b'un'
  b' ha' + b'pp' -> b' happ'
  b'ri' + b'end' -> b'riend'
  b' f' + b'riend' -> b' friend'
  b'a' + b'll' -> b'all'
  b'il' + b'y' -> b'ily'
  b' ' + b'L' -> b' L'
  b' the' + b'y' -> b' they'
  b' w' + b'e' -> b' we'
  b' ha' + b'd' -> b' had'
  b' n' + b'ot' -> b' not'
  b' l' + b'i' -> b' li'
  b' u' + b'p' -> b' up'
  b'he' + b'r' -> b'her'
  b' wa' + b'nt' -> b' want'
  b' o' + b'f' -> b' of'
  b'a' + b'd' -> b'ad'
  b'it' + b't' -> b'itt'
  b's' + b'e' -> b'se'
  b' ' + b'B' -> b' B'
  b' d' + b'o' -> b' do'
  b' happ' + b'y' -> b' happy'
  b'en' + b't' -> b'ent'
  b' ' + b'very' -> b' very'
  b' ' + b'M' -> b' M'
  b'e' + b's' -> b'es'
  b' th' + b'at' -> b' that'
  b' sa' + b'w' -> b' saw'
  b'On' + b'e' -> b'One'
  b"'" + b's' -> b"'s"
  b'ou' + b'ld' -> b'ould'
  b' m' + b'om' -> b' mom'
  b' f' + b'or' -> b' for'
  b' s' + b'h' -> b' sh'
  b'itt' + b'le' -> b'ittle'
  b' l' + b'ittle' -> b' little'
  b' s' + b'o' -> b' so'
  b' s' + b'he' -> b' she'
  b'c' + b'h' -> b'ch'
  b'im' + b'e' -> b'ime'
  b' n' + b'e' -> b' ne'
  b' n' + b'am' -> b' nam'
  b'.' + b'"' -> b'."'
  b' t' + b'ime' -> b' time'
  b' ' + b'k' -> b' k'
  b'ou' + b'nd' -> b'ound'
  b' the' + b're' -> b' there'
  b' nam' + b'ed' -> b' named'
  b' s' + b'm' -> b' sm'
  b' b' + b'o' -> b' bo'
  b' we' + b're' -> b' were'
  b' L' + b'ily' -> b' Lily'
  b' want' + b'ed' -> b' wanted'
  b' b' + b'ut' -> b' but'
  b'ou' + b't' -> b'out'
  b'T' + b'he' -> b'The'
  b' friend' + b's' -> b' friends'
  b'v' + b'ed' -> b'ved'
  b'!' + b'"' -> b'!"'
  b'h' + b't' -> b'ht'
  b' T' + b'om' -> b' Tom'
  b'ir' + b'd' -> b'ird'
  b'e' + b'l' -> b'el'
  b' b' + b'ird' -> b' bird'
  b'a' + b'l' -> b'al'
  b' a' + b'n' -> b' an'
  b'a' + b'ke' -> b'ake'
  b' to' + b'o' -> b' too'
  b'om' + b'e' -> b'ome'
  b' I' + b't' -> b' It'
  b'u' + b'g' -> b'ug'
  b'id' + b'e' -> b'ide'
  b' w' + b'ent' -> b' went'
  b' w' + b'h' -> b' wh'
  b' he' + b'l' -> b' hel'
  b'On' + b'ce' -> b'Once'
  b' ' + b'is' -> b' is'
  b' a' + b'll' -> b' all'
  b' hel' + b'p' -> b' help'
  b'u' + b'e' -> b'ue'
  b' l' + b'oo' -> b' loo'
  b' l' + b'o' -> b' lo'
  b't' + b'er' -> b'ter'
  b' ' + b'A' -> b' A'
  b' up' + b'on' -> b' upon'
  b'r' + b'y' -> b'ry'
  b'o' + b're' -> b'ore'
  b'i' + b'nd' -> b'ind'
  b' f' + b'un' -> b' fun'
  b'g' + b'et' -> b'get'
  b' to' + b'y' -> b' toy'
  b'i' + b'll' -> b'ill'
  b'am' + b'e' -> b'ame'
  b' a' + b's' -> b' as'
  b' a' + b't' -> b' at'
  b'r' + b'a' -> b'ra'
  b' ' + b'j' -> b' j'
  b' d' + b'id' -> b' did'
  b'get' + b'her' -> b'gether'
  b' ' + b're' -> b' re'
  b'u' + b'r' -> b'ur'
  b' s' + b'e' -> b' se'
  b' to' + b'gether' -> b' together'
  b'a' + b'ck' -> b'ack'
  b' c' + b'at' -> b' cat'
  b'l' + b'y' -> b'ly'
  b' t' + b're' -> b' tre'
  b'oo' + b'd' -> b'ood'
  b'i' + b'c' -> b'ic'
  b't' + b'ed' -> b'ted'
  b' do' + b'g' -> b' dog'
  b' c' + b'ould' -> b' could'
  b' c' + b'an' -> b' can'
  b' the' + b'ir' -> b' their'
  b'ar' + b'd' -> b'ard'
  b'e' + b'c' -> b'ec'
  b'ar' + b'k' -> b'ark'
  b' g' + b'ir' -> b' gir'
  b' play' + b'ed' -> b' played'
  b' h' + b'im' -> b' him'
  b' b' + b'all' -> b' ball'
  b'?' + b'"' -> b'?"'
  b' gir' + b'l' -> b' girl'
  b'w' + b'ay' -> b'way'
  b' r' + b'o' -> b' ro'
  b' g' + b'o' -> b' go'
  b'he' + b'd' -> b'hed'
  b'm' + b'y' -> b'my'
  b' a' + b're' -> b' are'
  b' ' + b'out' -> b' out'
  b' l' + b'e' -> b' le'
  b' f' + b'r' -> b' fr'
  b'a' + b'in' -> b'ain'
  b' k' + b'n' -> b' kn'
  b'he' + b'n' -> b'hen'
  b' the' + b'm' -> b' them'
  b'u' + b'm' -> b'um'
  b"'" + b't' -> b"'t"
  b'a' + b'x' -> b'ax'
  b' sa' + b'd' -> b' sad'
  b'u' + b'l' -> b'ul'
  b' bo' + b'y' -> b' boy'
  b' tre' + b'e' -> b' tree'
  b'ot' + b'her' -> b'other'
  b' ha' + b've' -> b' have'
  b' m' + b'an' -> b' man'
  b' c' + b'l' -> b' cl'
  b' lo' + b'ved' -> b' loved'
  b' loo' + b'ked' -> b' looked'
  b'ou' + b'g' -> b'oug'
  b' f' + b'ound' -> b' found'
  b' s' + b'p' -> b' sp'
  b' st' + b'ar' -> b' star'
  b' S' + b'ue' -> b' Sue'
  b'on' + b'e' -> b'one'
  b'h' + b'ing' -> b'hing'
  b' s' + b'c' -> b' sc'
  b' b' + b'ack' -> b' back'
  b'ow' + b'n' -> b'own'
  b' M' + b'ax' -> b' Max'
  b'a' + b're' -> b'are'
  b' li' + b'ke' -> b' like'
  b'f' + b'ul' -> b'ful'
  b's' + b'ide' -> b'side'
  b' m' + b'e' -> b' me'
  b' be' + b'c' -> b' bec'
  b' p' + b'ark' -> b' park'
  b'ig' + b'ht' -> b'ight'
  b'on' + b'g' -> b'ong'
  b' c' + b'ar' -> b' car'
  b'o' + b'p' -> b'op'
  b'el' + b't' -> b'elt'
  b' ' + b'One' -> b' One'
  b' li' + b'ked' -> b' liked'
  b' w' + b'ould' -> b' would'
  b' m' + b'ake' -> b' make'
  b'r' + b'ound' -> b'round'
  b' l' + b'a' -> b' la'
  b' f' + b'a' -> b' fa'
  b' f' + b'elt' -> b' felt'
  b'Y' + b'ou' -> b'You'
  b' ' + b'W' -> b' W'
  b'e' + b'll' -> b'ell'
  b' se' + b'e' -> b' see'
  b' B' + b'ut' -> b' But'
  b'om' + b'et' -> b'omet'
  b' as' + b'ked' -> b' asked'
  b'a' + b'g' -> b'ag'
  b' ne' + b'w' -> b' new'
  b' n' + b'o' -> b' no'
  b'i' + b'ce' -> b'ice'
  b' S' + b'am' -> b' Sam'
  b'ou' + b'se' -> b'ouse'
  b' star' + b'ted' -> b' started'
  b'ar' + b'ed' -> b'ared'
  b' c' + b'ame' -> b' came'
  b' B' + b'en' -> b' Ben'
  b' a' + b'l' -> b' al'
  b' ' + b'other' -> b' other'
  b'oug' + b'ht' -> b'ought'
  b'il' + b'ed' -> b'iled'
  b' s' + b'omet' -> b' somet'
  b' a' + b'g' -> b' ag'
  b' g' + b'ood' -> b' good'
  b' sm' + b'all' -> b' small'
  b's' + b's' -> b'ss'
  b' b' + b'r' -> b' br'
  b' sm' + b'iled' -> b' smiled'
  b' s' + b'ay' -> b' say'
  b'ri' + b'ed' -> b'ried'
  b'ad' + b'e' -> b'ade'
  b'ing' + b's' -> b'ings'
  b'o' + b'b' -> b'ob'
  b'p' + b'ot' -> b'pot'
  b' w' + b'or' -> b' wor'
  b' f' + b'ind' -> b' find'
  b' e' + b'x' -> b' ex'
  b'i' + b'a' -> b'ia'
  b' a' + b'way' -> b' away'
  b't' + b'y' -> b'ty'
  b' p' + b'ut' -> b' put'
  b' wh' + b'at' -> b' what'
  b' somet' + b'hing' -> b' something'
  b' c' + b'o' -> b' co'
  b' fr' + b'om' -> b' from'
  b' m' + b'ade' -> b' made'
  b' th' + b'ought' -> b' thought'
  b'en' + b'ed' -> b'ened'
  b' h' + b'ome' -> b' home'
  b' play' + b'ing' -> b' playing'
  b'oo' + b'k' -> b'ook'
  b' e' + b'very' -> b' every'
  b' wa' + b'l' -> b' wal'
  b' m' + b'u' -> b' mu'
  b'u' + b'c' -> b'uc'
  b'a' + b'ch' -> b'ach'
  b'ar' + b'n' -> b'arn'
  b' S' + b'pot' -> b' Spot'
  b' r' + b'an' -> b' ran'
  b'i' + b'le' -> b'ile'
  b' ' + b'F' -> b' F'
  b'i' + b'e' -> b'ie'
  b' ' + b'J' -> b' J'
  b'a' + b've' -> b'ave'
  b' ag' + b'ain' -> b' again'
  b' s' + b'ome' -> b' some'
  b' la' + b'ug' -> b' laug'
  b'd' + b'd' -> b'dd'
  b' h' + b'ouse' -> b' house'
  b' d' + b'own' -> b' down'
  b' f' + b'l' -> b' fl'
  b'k' + b'ing' -> b'king'
  b' too' + b'k' -> b' took'
  b' sc' + b'ared' -> b' scared'
  b' p' + b'r' -> b' pr'
  b'n' + b'y' -> b'ny'
  b'u' + b're' -> b'ure'
  b' toy' + b's' -> b' toys'
  b' le' + b'arn' -> b' learn'
  b' ' + b'You' -> b' You'
  b'i' + b'f' -> b'if'
  b' w' + b'ill' -> b' will'
  b' bo' + b'x' -> b' box'
  b'i' + b'ck' -> b'ick'
  b're' + b't' -> b'ret'
  b'a' + b'b' -> b'ab'
  b'e' + b'p' -> b'ep'
  b' m' + b'y' -> b' my'
  b' a' + b'round' -> b' around'
  b' th' + b'ings' -> b' things'
  b' you' + b'r' -> b' your'
  b'ou' + b'd' -> b'oud'
  b' b' + b'l' -> b' bl'
  b'u' + b'ck' -> b'uck'
  b' w' + b'hen' -> b' when'
  b'is' + b'h' -> b'ish'
  b' li' + b'ved' -> b' lived'
  b' f' + b'e' -> b' fe'
  b' the' + b'n' -> b' then'
  b' s' + b'un' -> b' sun'
  b'a' + b's' -> b'as'
  b' s' + b'w' -> b' sw'
  b',' + b'"' -> b',"'
  b' c' + b'h' -> b' ch'
  b'u' + b's' -> b'us'
  b'pp' + b'ed' -> b'pped'
  b' a' + b'b' -> b' ab'
  b' M' + b'ia' -> b' Mia'
  b'an' + b'k' -> b'ank'
  b' g' + b'et' -> b' get'
  b'uc' + b'y' -> b'ucy'
  b'T' + b'im' -> b'Tim'
  b'um' + b'p' -> b'ump'
  b'T' + b'h' -> b'Th'
  b' l' + b'ot' -> b' lot'
  b'is' + b't' -> b'ist'
  b'ot' + b'h' -> b'oth'
  b' t' + b'ried' -> b' tried'
  b'a' + b'p' -> b'ap'
  b' kn' + b'ow' -> b' know'
  b' say' + b's' -> b' says'
  b' g' + b'ot' -> b' got'
  b'it' + b'ed' -> b'ited'
  b' wh' + b'o' -> b' who'
  b' kn' + b'e' -> b' kne'
  b'u' + b'st' -> b'ust'
  b' man' + b'y' -> b' many'
  b'nd' + b'er' -> b'nder'
  b' in' + b't' -> b' int'
  b' ab' + b'out' -> b' about'
  b'L' + b'ily' -> b'Lily'
  b' p' + b'ret' -> b' pret'
  b' d' + b'ec' -> b' dec'
  b' an' + b'y' -> b' any'
  b' r' + b'ed' -> b' red'
  b' ' + b'D' -> b' D'
  b'i' + b've' -> b'ive'
  b' kne' + b'w' -> b' knew'
  b'a' + b'ce' -> b'ace'
  b'ou' + b's' -> b'ous'
  b' m' + b'ore' -> b' more'
  b'is' + b'e' -> b'ise'
  b' c' + b'are' -> b' care'
  b'all' + b'y' -> b'ally'
  b' p' + b'ic' -> b' pic'
  b'a' + b'u' -> b'au'
  b'q' + b'u' -> b'qu'
  b' h' + b'ug' -> b' hug'
  b' L' + b'ucy' -> b' Lucy'
  b' learn' + b'ed' -> b' learned'
  b' p' + b'o' -> b' po'
  b' wa' + b'ter' -> b' water'
  b'f' + b'ter' -> b'fter'
  b' ' + b'v' -> b' v'
  b' bec' + b'ame' -> b' became'
  b' be' + b'st' -> b' best'
  b'au' + b'se' -> b'ause'
  b' o' + b'p' -> b' op'
  b' g' + b're' -> b' gre'
  b' ex' + b'c' -> b' exc'
  b'ur' + b'p' -> b'urp'
  b'way' + b's' -> b'ways'
  b'\xe2' + b'\x80' -> b'\xe2\x80'
  b' out' + b'side' -> b' outside'
  b' laug' + b'hed' -> b' laughed'
  b' loo' + b'k' -> b' look'
  b' al' + b'ways' -> b' always'
  b' dec' + b'id' -> b' decid'
  b' sh' + b'ow' -> b' show'
  b' u' + b'n' -> b' un'
  b'an' + b't' -> b'ant'
  b' B' + b'ob' -> b' Bob'
  b' ro' + b'om' -> b' room'
  b'f' + b'e' -> b'fe'
  b' decid' + b'ed' -> b' decided'
  b' h' + b'o' -> b' ho'
  b' bec' + b'ause' -> b' because'
  b' S' + b'o' -> b' So'
  b' int' + b'o' -> b' into'
  b' e' + b'at' -> b' eat'
  b'it' + b'e' -> b'ite'
  b' j' + b'ump' -> b' jump'
  b' A' + b'nd' -> b' And'
  b' p' + b'e' -> b' pe'
  b' b' + b'oth' -> b' both'
  b'er' + b's' -> b'ers'
  b' M' + b'om' -> b' Mom'
  b' d' + b'ad' -> b' dad'
  b'The' + b'y' -> b'They'
  b'u' + b'dd' -> b'udd'
  b' ' + b'ke' -> b' ke'
  b' on' + b'e' -> b' one'
  b'n' + b'n' -> b'nn'
  b' th' + b'is' -> b' this'
  b' exc' + b'ited' -> b' excited'
  b' fa' + b'st' -> b' fast'
  b' n' + b'ice' -> b' nice'
  b' ' + b'E' -> b' E'
  b' fe' + b'el' -> b' feel'
  b'T' + b'om' -> b'Tom'
  b'Y' + b'es' -> b'Yes'
  b' r' + b'un' -> b' run'
  b' l' + b'ong' -> b' long'
  b' to' + b'ld' -> b' told'
  b' s' + b'k' -> b' sk'
  b' a' + b'm' -> b' am'
  b'urp' + b'r' -> b'urpr'
  b'ou' + b'r' -> b'our'
  b' in' + b'side' -> b' inside'
  b'u' + b'll' -> b'ull'
  b' t' + b'r' -> b' tr'
  b' s' + b'urpr' -> b' surpr'
  b' m' + b'o' -> b' mo'
  b'in' + b'k' -> b'ink'
  b' pret' + b'ty' -> b' pretty'
  b'in' + b'y' -> b'iny'
  b' s' + b'or' -> b' sor'
  b'W' + b'h' -> b'Wh'
  b' t' + b'ake' -> b' take'
  b'o' + b'g' -> b'og'
  b' s' + b'l' -> b' sl'
  b' e' + b'ach' -> b' each'
  b' g' + b'ave' -> b' gave'
  b' mu' + b'ch' -> b' much'
  b' g' + b'ra' -> b' gra'
  b'le' + b'w' -> b'lew'
  b'nn' + b'a' -> b'nna'
  b' ro' + b'ck' -> b' rock'
  b' h' + b'ow' -> b' how'
  b' st' + b'r' -> b' str'
  b'ar' + b'a' -> b'ara'
  b'im' + b'al' -> b'imal'
  b' an' + b'imal' -> b' animal'
  b'g' + b'ed' -> b'ged'
  b' ne' + b'ed' -> b' need'
  b' th' + b'an' -> b' than'
  b'B' + b'ut' -> b'But'
  b'v' + b'en' -> b'ven'
  b'et' + b'ter' -> b'etter'
  b' to' + b'w' -> b' tow'
  b' ' + b'or' -> b' or'
  b' ' + b'C' -> b' C'
  b' u' + b'nder' -> b' under'
  b'es' + b's' -> b'ess'
  b' o' + b'ld' -> b' old'
  b' sor' + b'ry' -> b' sorry'
  b'g' + b'e' -> b'ge'
  b'is' + b'ed' -> b'ised'
  b'r' + b'o' -> b'ro'
  b'ur' + b't' -> b'urt'
  b' c' + b'le' -> b' cle'
  b' f' + b'ish' -> b' fish'
  b' wal' + b'ked' -> b' walked'
  b' cl' + b'o' -> b' clo'
  b'a' + b'nd' -> b'and'
  b' be' + b'ar' -> b' bear'
  b'f' + b't' -> b'ft'
  b'a' + b'se' -> b'ase'
  b'a' + b'st' -> b'ast'
  b' ha' + b'nd' -> b' hand'
  b'ur' + b'n' -> b'urn'
  b' W' + b'e' -> b' We'
  b' k' + b'ind' -> b' kind'
  b' H' + b'is' -> b' His'
  b' t' + b'e' -> b' te'
  b'he' + b're' -> b'here'
  b' happ' + b'ened' -> b' happened'
  b' j' + b'ust' -> b' just'
  b' fl' + b'ow' -> b' flow'
  b' f' + b'ood' -> b' food'
  b' l' + b'ist' -> b' list'
  b' did' + b'n' -> b' didn'
  b' animal' + b's' -> b' animals'
  b' h' + b'ig' -> b' hig'
  b'p' + b'l' -> b'pl'
  b' ne' + b'ar' -> b' near'
  b' wa' + b't' -> b' wat'
  b' ' + b'ide' -> b' ide'
  b' t' + b'ry' -> b' try'
  b'c' + b'hed' -> b'ched'
  b' sk' + b'y' -> b' sky'
  b'in' + b'e' -> b'ine'
  b' s' + b'n' -> b' sn'
  b'v' + b'ing' -> b'ving'
  b' f' + b'i' -> b' fi'
  b'r' + b'om' -> b'rom'
  b' u' + b's' -> b' us'
  b' ide' + b'a' -> b' idea'
  b' b' + b'etter' -> b' better'
  b' A' + b'my' -> b' Amy'
  b' b' + b'ug' -> b' bug'
  b' he' + b'ard' -> b' heard'
  b'g' + b'ry' -> b'gry'
  b' it' + b's' -> b' its'
  b' t' + b'w' -> b' tw'
  b' l' + b'et' -> b' let'
  b'p' + b'ec' -> b'pec'
  b'at' + b'e' -> b'ate'
  b'ab' + b'le' -> b'able'
  b'f' + b'f' -> b'ff'
  b' ' + b'en' -> b' en'
  b' care' + b'ful' -> b' careful'
  b' sh' + b'are' -> b' share'
  b'e' + b'x' -> b'ex'
  b' ' + b'if' -> b' if'
  b'Th' + b'ank' -> b'Thank'
  b'M' + b'om' -> b'Mom'
  b' f' + b'ly' -> b' fly'
  b' st' + b'or' -> b' stor'
  b'i' + b'al' -> b'ial'
  b' f' + b'lew' -> b' flew'
  b'm' + b'ore' -> b'more'
  b' any' + b'more' -> b' anymore'
  b' T' + b'h' -> b' Th'
  b' sp' + b'ec' -> b' spec'
  b' spec' + b'ial' -> b' special'
  b'i' + b'on' -> b'ion'
  b' c' + b'om' -> b' com'
  b' lot' + b's' -> b' lots'
  b' ne' + b'ver' -> b' never'
  b' b' + b'y' -> b' by'
  b'l' + b'f' -> b'lf'
  b're' + b'am' -> b'ream'
  b' d' + b'an' -> b' dan'
  b' b' + b'u' -> b' bu'
  b' f' + b'o' -> b' fo'
  b' w' + b'ind' -> b' wind'
  b' d' + b'on' -> b' don'
  b' t' + b'al' -> b' tal'
  b' cle' + b'an' -> b' clean'
  b'or' + b't' -> b'ort'
  b' g' + b'r' -> b' gr'
  b' lo' + b've' -> b' love'
  b'r' + b'm' -> b'rm'
  b'b' + b'er' -> b'ber'
  b' e' + b'nd' -> b' end'
  b'\n' + b'\n' -> b'\n\n'
  b' The' + b'n' -> b' Then'
  b'op' + b'le' -> b'ople'
  b' e' + b'ven' -> b' even'
  b' m' + b'ag' -> b' mag'
  b' h' + b'ard' -> b' hard'
  b' sh' + b'iny' -> b' shiny'
  b'udd' + b'en' -> b'udden'
  b' f' + b'ore' -> b' fore'
  b' o' + b'ver' -> b' over'
  b' c' + b'ake' -> b' cake'
  b'a' + b'k' -> b'ak'
  b' b' + b'ook' -> b' book'
  b' co' + b'l' -> b' col'
  b' t' + b'urn' -> b' turn'
  b' f' + b'am' -> b' fam'
  b' b' + b'ad' -> b' bad'
  b' sa' + b'fe' -> b' safe'
  b' a' + b'fter' -> b' after'
  b'ad' + b'y' -> b'ady'
  b' A' + b'nna' -> b' Anna'
  b'udden' + b'ly' -> b'uddenly'
  b' pe' + b'ople' -> b' people'
  b' pr' + b'oud' -> b' proud'
  b' E' + b'very' -> b' Every'
  b' surpr' + b'ised' -> b' surprised'
  b'pec' + b'ted' -> b'pected'
  b'L' + b'et' -> b'Let'
  b' hig' + b'h' -> b' high'
  b' c' + b'u' -> b' cu'
  b' h' + b'urt' -> b' hurt'
  b' c' + b'ome' -> b' come'
  b'im' + b'b' -> b'imb'
  b'ard' + b'en' -> b'arden'
  b' do' + b'or' -> b' door'
  b' g' + b'arden' -> b' garden'
  b'b' + b'b' -> b'bb'
  b' g' + b'round' -> b' ground'
  b' op' + b'ened' -> b' opened'
  b' pic' + b'ked' -> b' picked'
  b' l' + b'oud' -> b' loud'
  b' cl' + b'imb' -> b' climb'
  b'ex' + b'pected' -> b'expected'
  b' un' + b'expected' -> b' unexpected'
  b' g' + b'l' -> b' gl'
  b' c' + b'he' -> b' che'
  b'il' + b'd' -> b'ild'
  b' ' + b'im' -> b' im'
  b'A' + b's' -> b'As'
  b' g' + b'ive' -> b' give'
  b' wa' + b'y' -> b' way'
  b'a' + b'il' -> b'ail'
  b"'" + b'm' -> b"'m"
  b' than' + b'ked' -> b' thanked'
  b' col' + b'or' -> b' color'
  b' bl' + b'ue' -> b' blue'
  b' st' + b'ill' -> b' still'
  b' e' + b'ver' -> b' ever'
  b' hug' + b'ged' -> b' hugged'
  b' F' + b'rom' -> b' From'
  b' c' + b'all' -> b' call'
  b' f' + b'ar' -> b' far'
  b'i' + b'p' -> b'ip'
  b' H' + b'er' -> b' Her'
  b' S' + b'ara' -> b' Sara'
  b' W' + b'hen' -> b' When'
  b'N' + b'o' -> b'No'
  b' of' + b'f' -> b' off'
  b' mag' + b'ic' -> b' magic'
  b'i' + b'z' -> b'iz'
  b'oug' + b'h' -> b'ough'
  b'ag' + b'e' -> b'age'
  b'um' + b'my' -> b'ummy'
  b' ' + b'K' -> b' K'
  b' jump' + b'ed' -> b' jumped'
  b' sh' + b'ould' -> b' should'
  b' fam' + b'ily' -> b' family'
  b' p' + b'ar' -> b' par'
  b'oo' + b'l' -> b'ool'
  b' k' + b'id' -> b' kid'
  b' sm' + b'ile' -> b' smile'
  b'he' + b's' -> b'hes'
  b'u' + b'ff' -> b'uff'
  b' pl' + b'ace' -> b' place'
  b'k' + b'ay' -> b'kay'
  b' wal' + b'k' -> b' walk'
  b' n' + b'ow' -> b' now'
  b'c' + b't' -> b'ct'
  b' I' + b'n' -> b' In'
  b' gre' + b'at' -> b' great'
  b'e' + b'm' -> b'em'
  b't' + b'ure' -> b'ture'
  b' ' + b'qu' -> b' qu'
  b'le' + b's' -> b'les'
  b' str' + b'ong' -> b' strong'
  b' st' + b'ay' -> b' stay'
  b' u' + b'nt' -> b' unt'
  b' st' + b'o' -> b' sto'
  b'a' + b'ut' -> b'aut'
  b' fore' + b'st' -> b' forest'
  b'an' + b'e' -> b'ane'
  b' b' + b'ra' -> b' bra'
  b'itt' + b'y' -> b'itty'
  b' ' + b'P' -> b' P'
  b' fr' + b'og' -> b' frog'
  b' br' + b'o' -> b' bro'
  b' unt' + b'il' -> b' until'
  b'o' + b'on' -> b'oon'
  b' be' + b'aut' -> b' beaut'
  b'd' + b'y' -> b'dy'
  b' s' + b'qu' -> b' squ'
  b' st' + b'ick' -> b' stick'
  b'x' + b't' -> b'xt'
  b' ne' + b'xt' -> b' next'
  b' bo' + b'at' -> b' boat'
  b'le' + b'ase' -> b'lease'
  b'n' + b'ing' -> b'ning'
  b' happ' + b'ily' -> b' happily'
  b' list' + b'en' -> b' listen'
  b'a' + b'king' -> b'aking'
  b' kid' + b's' -> b' kids'
  b' t' + b'ra' -> b' tra'
  b'i' + b'es' -> b'ies'
  b'i' + b'ful' -> b'iful'
  b' beaut' + b'iful' -> b' beautiful'
  b' a' + b'pp' -> b' app'
  b't' + b'h' -> b'th'
  b' help' + b'ed' -> b' helped'
  b' d' + b'ra' -> b' dra'
  b' show' + b'ed' -> b' showed'
  b' clo' + b's' -> b' clos'
  b'b' + b'e' -> b'be'
  b' im' + b'p' -> b' imp'
  b' stor' + b'y' -> b' story'
  b'un' + b'ny' -> b'unny'
  b'o' + b'y' -> b'oy'
  b' wh' + b'ile' -> b' while'
  b' tow' + b'n' -> b' town'
  b're' + b'l' -> b'rel'
  b'p' + b't' -> b'pt'
  b' r' + b'ain' -> b' rain'
  b're' + b'ss' -> b'ress'
  b' pic' + b'ture' -> b' picture'
  b' be' + b'ing' -> b' being'
  b' re' + b'm' -> b' rem'
  b' every' + b'one' -> b' everyone'
  b'I' + b't' -> b'It'
  b'ar' + b'y' -> b'ary'
  b're' + b'e' -> b'ree'
  b' m' + b'or' -> b' mor'
  b' ha' + b't' -> b' hat'
  b' call' + b'ed' -> b' called'
  b' m' + b'et' -> b' met'
  b' sto' + b'pped' -> b' stopped'
  b' a' + b'd' -> b' ad'
  b' g' + b'ame' -> b' game'
  b'N' + b'ow' -> b'Now'
  b'H' + b'e' -> b'He'
  b'C' + b'an' -> b'Can'
  b' an' + b'gry' -> b' angry'
  b'g' + b'er' -> b'ger'
  b'uff' + b'y' -> b'uffy'
  b' op' + b'en' -> b' open'
  b' w' + b'o' -> b' wo'
  b' tr' + b'uck' -> b' truck'
  b' ke' + b'ep' -> b' keep'
  b' so' + b'ft' -> b' soft'
  b'W' + b'hen' -> b'When'
  b' c' + b'ry' -> b' cry'
  b' y' + b'ummy' -> b' yummy'
  b' lo' + b'st' -> b' lost'
  b' b' + b'ed' -> b' bed'
  b' L' + b'et' -> b' Let'
  b' S' + b'ally' -> b' Sally'
  b' wa' + b'rm' -> b' warm'
  b'b' + b'y' -> b'by'
  b'v' + b'ent' -> b'vent'
  b' bra' + b've' -> b' brave'
  b' m' + b'ouse' -> b' mouse'
  b' W' + b'h' -> b' Wh'
  b' at' + b'e' -> b' ate'
  b' K' + b'itty' -> b' Kitty'
  b'is' + b'hed' -> b'ished'
  b' d' + b'e' -> b' de'
  b'f' + b'ore' -> b'fore'
  b' do' + b'll' -> b' doll'
  b's' + b'o' -> b'so'
  b' could' + b'n' -> b' couldn'
  b' wat' + b'ch' -> b' watch'
  b' le' + b'ave' -> b' leave'
  b' al' + b'so' -> b' also'
  b'dd' + b'ed' -> b'dded'
  b' f' + b'ell' -> b' fell'
  b' gre' + b'en' -> b' green'
  b' fa' + b'ce' -> b' face'
  b' tw' + b'o' -> b' two'
  b'g' + b'an' -> b'gan'
  b'is' + b's' -> b'iss'
  b' flow' + b'ers' -> b' flowers'
  b'b' + b'it' -> b'bit'
  b'Wh' + b'at' -> b'What'
  b' ' + b'R' -> b' R'
  b'b' + b'le' -> b'ble'
  b' no' + b'ise' -> b' noise'
  b'ab' + b'bit' -> b'abbit'
  b'ir' + b'st' -> b'irst'
  b'ow' + b'l' -> b'owl'
  b' w' + b'here' -> b' where'
  b'a' + b'z' -> b'az'
  b'o' + b'ck' -> b'ock'
  b' so' + b'on' -> b' soon'
  b'se' + b'lf' -> b'self'
  b' sl' + b'ide' -> b' slide'
  b' r' + b'abbit' -> b' rabbit'
  b' ho' + b'le' -> b' hole'
  b'l' + b'uffy' -> b'luffy'
  b' be' + b'fore' -> b' before'
  b'ir' + b'rel' -> b'irrel'
  b' p' + b'us' -> b' pus'
  b'ir' + b'ed' -> b'ired'
  b' sa' + b't' -> b' sat'
  b'ill' + b'y' -> b'illy'
  b' he' + b'ar' -> b' hear'
  b' u' + b'se' -> b' use'
  b'\xe2\x80' + b'\x9d' -> b'\xe2\x80\x9d'
  b'H' + b'i' -> b'Hi'
  b' p' + b'a' -> b' pa'
  b' ke' + b'pt' -> b' kept'
  b'\xe2\x80' + b'\x9c' -> b'\xe2\x80\x9c'
  b'Th' + b'at' -> b'That'
  b' squ' + b'irrel' -> b' squirrel'
  b'e' + b'ar' -> b'ear'
  b'The' + b'n' -> b'Then'
  b'm' + b'a' -> b'ma'
  b' no' + b'dded' -> b' nodded'
  b' ex' + b'pl' -> b' expl'
  b' st' + b'ore' -> b' store'
  b' c' + b'ook' -> b' cook'
  b' hand' + b's' -> b' hands'
  b'L' + b'ook' -> b'Look'
  b' bird' + b's' -> b' birds'
  b' p' + b'ain' -> b' pain'
  b' go' + b'ing' -> b' going'
  b' fun' + b'ny' -> b' funny'
  b' ha' + b'ving' -> b' having'
  b'd' + b'ay' -> b'day'
  b' s' + b'ing' -> b' sing'
  b'ay' + b'be' -> b'aybe'
  b'u' + b'ch' -> b'uch'
  b' e' + b'y' -> b' ey'
  b'a' + b'ug' -> b'aug'
  b' cat' + b'ch' -> b' catch'
  b'aug' + b'ht' -> b'aught'
  b' C' + b'an' -> b' Can'
  b' F' + b'luffy' -> b' Fluffy'
  b'u' + b'it' -> b'uit'
  b' y' + b'ell' -> b' yell'
  b' th' + b'ink' -> b' think'
  b'le' + b'ep' -> b'leep'
  b' c' + b'ra' -> b' cra'
  b' f' + b'in' -> b' fin'
  b'B' + b'en' -> b'Ben'
  b' b' + b're' -> b' bre'
  b' fi' + b'x' -> b' fix'
  b' t' + b'ired' -> b' tired'
  b' b' + b'unny' -> b' bunny'
  b' us' + b'ed' -> b' used'
  b' loo' + b'king' -> b' looking'
  b' b' + b'us' -> b' bus'
  b'an' + b'ge' -> b'ange'
  b'a' + b'ir' -> b'air'
  b' wor' + b'k' -> b' work'
  b' w' + b'r' -> b' wr'
  b' ' + b'our' -> b' our'
  b' p' + b'ull' -> b' pull'
  b'W' + b'e' -> b'We'
  b' th' + b'r' -> b' thr'
  b't' + b'hing' -> b'thing'
  b' ' + b'Now' -> b' Now'
  b' wa' + b'it' -> b' wait'
  b' k' + b'it' -> b' kit'
  b' s' + b'ound' -> b' sound'
  b't' + b'ing' -> b'ting'
  b' j' + b'o' -> b' jo'
  b' ha' + b's' -> b' has'
  b' ' + b'G' -> b' G'
  b' me' + b'an' -> b' mean'
  b' po' + b'nd' -> b' pond'
  b'em' + b'ber' -> b'ember'
  b' be' + b'h' -> b' beh'
  b' d' + b'r' -> b' dr'
  b' sun' + b'ny' -> b' sunny'
  b'l' + b'ed' -> b'led'
  b' other' + b's' -> b' others'
  b' as' + b'k' -> b' ask'
  b'n' + b'g' -> b'ng'
  b'c' + b'hen' -> b'chen'
  b' kit' + b'chen' -> b' kitchen'
  b' tal' + b'k' -> b' talk'
  b' fl' + b'o' -> b' flo'
  b' d' + b'if' -> b' dif'
  b're' + b'w' -> b'rew'
  b' p' + b'ie' -> b' pie'
  b' J' + b'o' -> b' Jo'
  b' he' + b'ad' -> b' head'
  b' re' + b'al' -> b' real'
  b' f' + b'irst' -> b' first'
  b' t' + b'ri' -> b' tri'
  b' mom' + b'my' -> b' mommy'
  b' ey' + b'es' -> b' eyes'
  b'ell' + b'o' -> b'ello'
  b' imp' + b'ort' -> b' import'
  b'H' + b'ello' -> b'Hello'
  b' fa' + b'v' -> b' fav'
  b'at' + b'h' -> b'ath'
  b'j' + b'oy' -> b'joy'
  b' ' + b'z' -> b' z'
  b' rem' + b'ember' -> b' remember'
  b' r' + b'ight' -> b' right'
  b' flow' + b'er' -> b' flower'
  b' c' + b'on' -> b' con'
  b' m' + b'ess' -> b' mess'
  b' par' + b'ty' -> b' party'
  b' co' + b'ld' -> b' cold'
  b' D' + b'o' -> b' Do'
  b' v' + b'o' -> b' vo'
  b' sw' + b'e' -> b' swe'
  b'i' + b'ous' -> b'ious'
  b' sa' + b'nd' -> b' sand'
  b' ' + b'\xe2\x80\x9c' -> b' \xe2\x80\x9c'
  b'a' + b'c' -> b'ac'
  b'or' + b'n' -> b'orn'
  b' r' + b'ace' -> b' race'
  b' cu' + b'ri' -> b' curi'
  b'im' + b'es' -> b'imes'
  b' import' + b'ant' -> b' important'
  b' d' + b'uck' -> b' duck'
  b' mor' + b'al' -> b' moral'
  b' sh' + b'ared' -> b' shared'
  b'z' + b'y' -> b'zy'
  b'ou' + b'nt' -> b'ount'
  b' J' + b'ack' -> b' Jack'
  b' ' + b'ice' -> b' ice'
  b' o' + b'kay' -> b' okay'
  b' ad' + b'vent' -> b' advent'
  b' wor' + b'ked' -> b' worked'
  b'll' + b'ow' -> b'llow'
  b'A' + b't' -> b'At'
  b' en' + b'joy' -> b' enjoy'
  b' d' + b'ress' -> b' dress'
  b' br' + b'ight' -> b' bright'
  b' m' + b'aking' -> b' making'
  b' curi' + b'ous' -> b' curious'
  b' ' + b'own' -> b' own'
  b' t' + b'all' -> b' tall'
  b' d' + b'ir' -> b' dir'
  b' h' + b'op' -> b' hop'
  b're' + b'ed' -> b'reed'
  b' h' + b'id' -> b' hid'
  b' fav' + b'or' -> b' favor'
  b' ' + b'ri' -> b' ri'
  b'h' + b'n' -> b'hn'
  b' s' + b'leep' -> b' sleep'
  b' d' + b'is' -> b' dis'
  b'W' + b'ow' -> b'Wow'
  b' favor' + b'ite' -> b' favorite'
  b' th' + b'ing' -> b' thing'
  b' be' + b'gan' -> b' began'
  b' m' + b'on' -> b' mon'
  b' b' + b'ag' -> b' bag'
  b' h' + b'ill' -> b' hill'
  b'D' + b'on' -> b'Don'
  b' cl' + b'a' -> b' cla'
  b' dra' + b'w' -> b' draw'
  b' re' + b'st' -> b' rest'
  b' he' + b're' -> b' here'
  b' y' + b'ard' -> b' yard'
  b' t' + b'ell' -> b' tell'
  b' F' + b'in' -> b' Fin'
  b'st' + b'er' -> b'ster'
  b' wat' + b'ched' -> b' watched'
  b'q' + b'ue' -> b'que'
  b' fo' + b'llow' -> b' follow'
  b' mo' + b've' -> b' move'
  b' be' + b'l' -> b' bel'
  b'ec' + b't' -> b'ect'
  b' c' + b'ut' -> b' cut'
  b' n' + b'ight' -> b' night'
  b' ag' + b'reed' -> b' agreed'
  b' p' + b'ick' -> b' pick'
  b'c' + b'o' -> b'co'
  b' bl' + b'ock' -> b' block'
  b' h' + b'un' -> b' hun'
  b'ap' + b'er' -> b'aper'
  b'll' + b'y' -> b'lly'
  b' st' + b'op' -> b' stop'
  b' beh' + b'ind' -> b' behind'
  b' Th' + b'is' -> b' This'
  b' surpr' + b'ise' -> b' surprise'
  b'i' + b'ed' -> b'ied'
  b' sh' + b'o' -> b' sho'
  b' h' + b'ot' -> b' hot'
  b'A' + b'fter' -> b'After'
  b' t' + b'able' -> b' table'
  b' gra' + b'ss' -> b' grass'
  b' wor' + b'ry' -> b' worry'
  b' d' + b'ark' -> b' dark'
  b' tre' + b'es' -> b' trees'
  b' vo' + b'ice' -> b' voice'
  b' wal' + b'king' -> b' walking'
  b'fe' + b're' -> b'fere'
  b' flo' + b'or' -> b' floor'
  b' far' + b'm' -> b' farm'
  b' li' + b'on' -> b' lion'
  b' to' + b'p' -> b' top'
  b' dif' + b'fere' -> b' differe'
  b' p' + b'lease' -> b' please'
  b' r' + b'u' -> b' ru'
  b' s' + b'ong' -> b' song'
  b' but' + b'ter' -> b' butter'
  b' t' + b'ail' -> b' tail'
  b' swe' + b'et' -> b' sweet'
  b'M' + b'ax' -> b'Max'
  b' sh' + b'out' -> b' shout'
  b' color' + b's' -> b' colors'
  b' re' + b'ad' -> b' read'
  b' D' + b'ad' -> b' Dad'
  b' l' + b'ady' -> b' lady'
  b' for' + b'g' -> b' forg'
  b'is' + b'y' -> b'isy'
  b' leave' + b's' -> b' leaves'
  b' clos' + b'er' -> b' closer'
  b'ig' + b'n' -> b'ign'
  b' car' + b's' -> b' cars'
  b' turn' + b'ed' -> b' turned'
  b' need' + b'ed' -> b' needed'
  b' t' + b'ast' -> b' tast'
  b'Wh' + b'y' -> b'Why'
  b'ar' + b'ing' -> b'aring'
  b' w' + b'ood' -> b' wood'
  b' c' + b'ried' -> b' cried'
  b' differe' + b'nt' -> b' different'
  b' laug' + b'h' -> b' laugh'
  b' d' + b'el' -> b' del'
  b' pie' + b'ce' -> b' piece'
  b'\xe2\x80' + b'\x99' -> b'\xe2\x80\x99'
  b'er' + b'ed' -> b'ered'
  b' M' + b'r' -> b' Mr'
  b' ro' + b'll' -> b' roll'
  b' advent' + b'ure' -> b' adventure'
  b' fi' + b're' -> b' fire'
  b' do' + b'es' -> b' does'
  b'i' + b'ke' -> b'ike'
  b' c' + b'r' -> b' cr'
  b' hun' + b'gry' -> b' hungry'
  b' ha' + b'ir' -> b' hair'
  b' S' + b'uddenly' -> b' Suddenly'
  b' p' + b'aper' -> b' paper'
  b' feel' + b'ing' -> b' feeling'
  b' yell' + b'ow' -> b' yellow'
  b' f' + b'ull' -> b' full'
  b'b' + b'o' -> b'bo'
  b' pr' + b'in' -> b' prin'
  b'S' + b'ue' -> b'Sue'
  b' to' + b'uch' -> b' touch'
  b' A' + b's' -> b' As'
  b'A' + b'nna' -> b'Anna'
  b'S' + b'am' -> b'Sam'
  b' w' + b'et' -> b' wet'
  b' friend' + b'ly' -> b' friendly'
  b' p' + b'er' -> b' per'
  b'o' + b'om' -> b'oom'
  b'k' + b'en' -> b'ken'
  b'c' + b'ked' -> b'cked'
  b'a' + b'ched' -> b'ached'
  b' sw' + b'ing' -> b' swing'
  b' fr' + b'uit' -> b' fruit'
  b'i' + b'ent' -> b'ient'
  b' bro' + b'ken' -> b' broken'
  b' re' + b'ady' -> b' ready'
  b'by' + b'e' -> b'bye'
  b'pp' + b'y' -> b'ppy'
  b' pr' + b'om' -> b' prom'
  b' Th' + b'at' -> b' That'
  b' an' + b'other' -> b' another'
  b' l' + b'ight' -> b' light'
  b' pret' + b'end' -> b' pretend'
  b' dan' + b'ce' -> b' dance'
  b'at' + b'er' -> b'ater'
  b' climb' + b'ed' -> b' climbed'
  b'w' + b'here' -> b'where'
  b' list' + b'ened' -> b' listened'
  b' Bob' + b'o' -> b' Bobo'
  b' dan' + b'c' -> b' danc'
  b' run' + b'ning' -> b' running'
  b' on' + b'ly' -> b' only'
  b' pl' + b'an' -> b' plan'
  b' g' + b'one' -> b' gone'
  b' sw' + b'im' -> b' swim'
  b'bb' + b'ed' -> b'bbed'
  b'S' + b'uddenly' -> b'Suddenly'
  b's' + b'h' -> b'sh'
  b' tra' + b'in' -> b' train'
  b'il' + b'a' -> b'ila'
  b'nd' + b'ma' -> b'ndma'
  b'S' + b'ara' -> b'Sara'
  b' J' + b'ane' -> b' Jane'
  b' clo' + b'se' -> b' close'
  b'a' + b'v' -> b'av'
  b'S' + b'he' -> b'She'
  b' sm' + b'ell' -> b' smell'
  b'S' + b'o' -> b'So'
  b'ab' + b'y' -> b'aby'
  b' am' + b'az' -> b' amaz'
  b' ho' + b'ld' -> b' hold'
  b' block' + b's' -> b' blocks'
  b' wo' + b'nder' -> b' wonder'
  b' Tim' + b'my' -> b' Timmy'
  b' re' + b'pl' -> b' repl'
  b' A' + b'll' -> b' All'
  b' butter' + b'f' -> b' butterf'
  b' se' + b'es' -> b' sees'
  b' re' + b'ached' -> b' reached'
  b' wa' + b'll' -> b' wall'
  b' p' + b'u' -> b' pu'
  b'one' + b'y' -> b'oney'
  b'r' + b'ed' -> b'red'
  b' sl' + b'ow' -> b' slow'
  b' help' + b'ing' -> b' helping'
  b' d' + b'ri' -> b' dri'
  b' c' + b'ream' -> b' cream'
  b' c' + b'ool' -> b' cool'
  b' gl' + b'ad' -> b' glad'
  b'a' + b'f' -> b'af'
  b' a' + b'nt' -> b' ant'
  b' l' + b'ess' -> b' less'
  b' be' + b'en' -> b' been'
  b' good' + b'bye' -> b' goodbye'
  b' a' + b'c' -> b' ac'
  b' f' + b'ight' -> b' fight'
  b'at' + b'her' -> b'ather'
  b'M' + b'ia' -> b'Mia'
  b' pus' + b'hed' -> b' pushed'
  b'ic' + b'ed' -> b'iced'
  b' fa' + b'ir' -> b' fair'
  b' mu' + b'st' -> b' must'
  b' h' + b'ide' -> b' hide'
  b' mom' + b'ent' -> b' moment'
  b' wind' + b'ow' -> b' window'
  b' ' + b'O' -> b' O'
  b' s' + b'it' -> b' sit'
  b' ball' + b'oon' -> b' balloon'
  b' sn' + b'ow' -> b' snow'
  b' ch' + b'ild' -> b' child'
  b' expl' + b'ore' -> b' explore'
  b' Every' + b'one' -> b' Everyone'
  b' a' + b'r' -> b' ar'
  b' w' + b'ished' -> b' wished'
  b' b' + b'aby' -> b' baby'
  b' d' + b'one' -> b' done'
  b' wa' + b'g' -> b' wag'
  b' st' + b'e' -> b' ste'
  b' bu' + b'y' -> b' buy'
  b' st' + b'uck' -> b' stuck'
  b' per' + b'f' -> b' perf'
  b' th' + b'ank' -> b' thank'
  b' m' + b'ight' -> b' might'
  b'ic' + b'y' -> b'icy'
  b' nam' + b'e' -> b' name'
  b'iz' + b'ed' -> b'ized'
  b' try' + b'ing' -> b' trying'
  b' b' + b'it' -> b' bit'
  b' com' + b'ing' -> b' coming'
  b' b' + b'ar' -> b' bar'
  b' qu' + b'ick' -> b' quick'
  b' f' + b'all' -> b' fall'
  b' app' + b'le' -> b' apple'
  b'as' + b'h' -> b'ash'
  b' sc' + b'ary' -> b' scary'
  b' look' + b's' -> b' looks'
  b' bu' + b'ild' -> b' build'
  b' do' + b'ing' -> b' doing'
  b' w' + b'in' -> b' win'
  b' under' + b'st' -> b' underst'
  b'a' + b'isy' -> b'aisy'
  b' d' + b'in' -> b' din'
  b' d' + b'ream' -> b' dream'
  b' dir' + b'ty' -> b' dirty'
  b' he' + b'ld' -> b' held'
  b'am' + b'es' -> b'ames'
  b' book' + b's' -> b' books'
  b' m' + b'ar' -> b' mar'
  b'I' + b'n' -> b'In'
  b' butterf' + b'ly' -> b' butterfly'
  b' le' + b'ft' -> b' left'
  b' shout' + b'ed' -> b' shouted'
  b' c' + b'ount' -> b' count'
  b' repl' + b'ied' -> b' replied'
  b'av' + b'y' -> b'avy'
  b' re' + b'ach' -> b' reach'
  b' t' + b'iny' -> b' tiny'
  b' thr' + b'ough' -> b' through'
  b'ot' + b't' -> b'ott'
  b' d' + b'ro' -> b' dro'
  b' wh' + b'y' -> b' why'
  b' a' + b'ir' -> b' air'
  b' br' + b'an' -> b' bran'
  b' la' + b'nd' -> b' land'
  b'ke' + b'y' -> b'key'
  b' th' + b'ree' -> b' three'
  b' pull' + b'ed' -> b' pulled'
  b' sp' + b'l' -> b' spl'
  b' gr' + b'ow' -> b' grow'
  b' tre' + b'at' -> b' treat'
  b' br' + b'other' -> b' brother'
  b' w' + b'ise' -> b' wise'
  b' wood' + b's' -> b' woods'
  b' s' + b'ure' -> b' sure'
  b"'" + b're' -> b"'re"
  b' ch' + b'air' -> b' chair'
  b'i' + b'x' -> b'ix'
  b' m' + b'at' -> b' mat'
  b'in' + b's' -> b'ins'
  b' se' + b'en' -> b' seen'
  b' p' + b'ink' -> b' pink'
  b' cla' + b'pped' -> b' clapped'
  b' pl' + b'ant' -> b' plant'
  b'el' + b'y' -> b'ely'
  b' ' + b'owl' -> b' owl'
  b' cu' + b'p' -> b' cup'
  b'ie' + b'ld' -> b'ield'
  b' somet' + b'imes' -> b' sometimes'
  b'and' + b'y' -> b'andy'
  b' f' + b'ill' -> b' fill'
  b' cl' + b'oud' -> b' cloud'
  b'as' + b'k' -> b'ask'
  b' sw' + b'am' -> b' swam'
  b'out' + b'h' -> b'outh'
  b' j' + b'ob' -> b' job'
  b' color' + b'ful' -> b' colorful'
  b' remember' + b'ed' -> b' remembered'
  b' big' + b'ger' -> b' bigger'
  b' ne' + b'st' -> b' nest'
  b' m' + b'outh' -> b' mouth'
  b'p' + b'e' -> b'pe'
  b'O' + b'kay' -> b'Okay'
  b' less' + b'on' -> b' lesson'
  b' jo' + b'in' -> b' join'
  b' c' + b're' -> b' cre'
  b'p' + b'h' -> b'ph'
  b' The' + b're' -> b' There'
  b'ou' + b'p' -> b'oup'
  b'ro' + b'om' -> b'room'
  b'ar' + b't' -> b'art'
  b' wa' + b'ved' -> b' waved'
  b'udd' + b'y' -> b'uddy'
  b' gra' + b'bbed' -> b' grabbed'
  b' stay' + b'ed' -> b' stayed'
  b'O' + b'h' -> b'Oh'
  b' pain' + b't' -> b' paint'
  b'Th' + b'is' -> b'This'
  b' cl' + b'ot' -> b' clot'
  b' con' + b't' -> b' cont'
  b' clot' + b'hes' -> b' clothes'
  b' ' + b've' -> b' ve'
  b'ow' + b'er' -> b'ower'
  b' A' + b'fter' -> b' After'
  b' wa' + b'ited' -> b' waited'
  b' quick' + b'ly' -> b' quickly'
  b'c' + b'le' -> b'cle'
  b' wor' + b'd' -> b' word'
  b' bro' + b'ke' -> b' broke'
  b'uck' + b'y' -> b'ucky'
  b' g' + b'ames' -> b' games'
  b' c' + b'ast' -> b' cast'
  b' b' + b'lew' -> b' blew'
  b' g' + b'ent' -> b' gent'
  b' Mom' + b'my' -> b' Mommy'
  b' enjoy' + b'ed' -> b' enjoyed'
  b' not' + b'iced' -> b' noticed'
  b'J' + b'o' -> b'Jo'
  b'ri' + b'es' -> b'ries'
  b'at' + b'ion' -> b'ation'
  b' s' + b'et' -> b' set'
  b' like' + b's' -> b' likes'
  b' picture' + b's' -> b' pictures'
  b't' + b'on' -> b'ton'
  b'd' + b'e' -> b'de'
  b' se' + b'a' -> b' sea'
  b' he' + b'avy' -> b' heavy'
  b' mu' + b's' -> b' mus'
  b' al' + b'one' -> b' alone'
  b' g' + b'if' -> b' gif'
  b'as' + b'ure' -> b'asure'
  b' any' + b'thing' -> b' anything'
  b' sp' + b'ot' -> b' spot'
  b' m' + b'iss' -> b' miss'
  b' ho' + b'pped' -> b' hopped'
  b' wor' + b'ld' -> b' world'
  b' turn' + b's' -> b' turns'
  b'or' + b'm' -> b'orm'
  b' y' + b'ear' -> b' year'
  b'd' + b'er' -> b'der'
  b' b' + b'ott' -> b' bott'
  b' p' + b'at' -> b' pat'
  b' p' + b'ot' -> b' pot'
  b' p' + b'en' -> b' pen'
  b'l' + b'c' -> b'lc'
  b'H' + b'er' -> b'Her'
  b' m' + b'ix' -> b' mix'
  b' a' + b'rm' -> b' arm'
  b' b' + b'ike' -> b' bike'
  b' t' + b'ight' -> b' tight'
  b' every' + b'where' -> b' everywhere'
  b' w' + b'on' -> b' won'
  b'L' + b'ucy' -> b'Lucy'
  b' tow' + b'er' -> b' tower'
  b' th' + b'rew' -> b' threw'
  b' him' + b'self' -> b' himself'
  b' follow' + b'ed' -> b' followed'
  b' B' + b'uddy' -> b' Buddy'
  b' r' + b'ide' -> b' ride'
  b'm' + b'an' -> b'man'
  b'le' + b'ss' -> b'less'
  b' j' + b'u' -> b' ju'
  b' j' + b'e' -> b' je'
  b'am' + b'p' -> b'amp'
  b'B' + b'ob' -> b'Bob'
  b'ap' + b'e' -> b'ape'
  b' com' + b'p' -> b' comp'
  b' ke' + b'y' -> b' key'
  b'r' + b'ow' -> b'row'
  b'"' + b'.' -> b'".'
  b' wh' + b'ite' -> b' white'
  b'ct' + b'or' -> b'ctor'
  b' wr' + b'ong' -> b' wrong'
  b' D' + b'aisy' -> b' Daisy'
  b' make' + b's' -> b' makes'
  b' Wh' + b'at' -> b' What'
  b' bre' + b'ak' -> b' break'
  b' bl' + b'ack' -> b' black'
  b'are' + b'nt' -> b'arent'
  b'e' + b'e' -> b'ee'
  b'n' + b'er' -> b'ner'
  b'S' + b'pot' -> b'Spot'
  b'D' + b'o' -> b'Do'
  b' de' + b'ep' -> b' deep'
  b'th' + b'y' -> b'thy'
  b' mus' + b'ic' -> b' music'
  b' po' + b'l' -> b' pol'
  b' del' + b'ic' -> b' delic'
  b'ce' + b'ss' -> b'cess'
  b'u' + b'ed' -> b'ued'
  b' forg' + b'ot' -> b' forgot'
  b' be' + b'e' -> b' bee'
  b' p' + b'arent' -> b' parent'
  b' cast' + b'le' -> b' castle'
  b've' + b's' -> b'ves'
  b'o' + b'lly' -> b'olly'
  b' e' + b'm' -> b' em'
  b'i' + b'et' -> b'iet'
  b' we' + b'ar' -> b' wear'
  b' h' + b'it' -> b' hit'
  b'is' + b'ter' -> b'ister'
  b'ou' + b'n' -> b'oun'
  b' qu' + b'iet' -> b' quiet'
  b' r' + b'ound' -> b' round'
  b'an' + b'ce' -> b'ance'
  b' st' + b'u' -> b' stu'
  b' danc' + b'ed' -> b' danced'
  b' v' + b'is' -> b' vis'
  b'ull' + b'y' -> b'ully'
  b' want' + b's' -> b' wants'
  b' le' + b'af' -> b' leaf'
  b' mon' + b'ster' -> b' monster'
  b' n' + b'ap' -> b' nap'
  b' Jo' + b'hn' -> b' John'
  b' underst' + b'and' -> b' understand'
  b'an' + b'g' -> b'ang'
  b' b' + b'owl' -> b' bowl'
  b'o' + b's' -> b'os'
  b'r' + b'ot' -> b'rot'
  b're' + b'n' -> b'ren'
  b' b' + b'or' -> b' bor'
  b' tal' + b'ked' -> b' talked'
  b'itt' + b'en' -> b'itten'
  b' d' + b'ry' -> b' dry'
  b' fast' + b'er' -> b' faster'
  b' cook' + b'ies' -> b' cookies'
  b' br' + b'ought' -> b' brought'
  b'f' + b'ully' -> b'fully'
  b' le' + b'g' -> b' leg'
  b'ro' + b'ss' -> b'ross'
  b' m' + b'um' -> b' mum'
  b'z' + b'z' -> b'zz'
  b' s' + b'ide' -> b' side'
  b't' + b's' -> b'ts'
  b'F' + b'rom' -> b'From'
  b' s' + b'ign' -> b' sign'
  b' In' + b'side' -> b' Inside'
  b' sm' + b'art' -> b' smart'
  b'c' + b'y' -> b'cy'
  b' rock' + b's' -> b' rocks'
  b' some' + b'one' -> b' someone'
  b'H' + b'is' -> b'His'
  b' po' + b'in' -> b' poin'
  b' se' + b'c' -> b' sec'
  b' sh' + b'aring' -> b' sharing'
  b' fo' + b'x' -> b' fox'
  b' we' + b'll' -> b' well'
  b' re' + b's' -> b' res'
  b' re' + b'l' -> b' rel'
  b' happ' + b'en' -> b' happen'
  b' but' + b'ton' -> b' button'
  b' bran' + b'ch' -> b' branch'
  b' L' + b'ila' -> b' Lila'
  b' re' + b'ally' -> b' really'
  b' fin' + b'ished' -> b' finished'
  b'en' + b'ce' -> b'ence'
  b'ard' + b's' -> b'ards'
  b' din' + b'ner' -> b' dinner'
  b' s' + b'ister' -> b' sister'
  b' fly' + b'ing' -> b' flying'
  b'ed' + b'dy' -> b'eddy'
  b' cont' + b'in' -> b' contin'
  b' wor' + b'ried' -> b' worried'
  b' e' + b'le' -> b' ele'
  b' T' + b'o' -> b' To'
  b' vis' + b'it' -> b' visit'
  b' M' + b'aybe' -> b' Maybe'
  b' be' + b'ach' -> b' beach'
  b' ' + b'que' -> b' que'
  b' sec' + b'ret' -> b' secret'
  b' e' + b'l' -> b' el'
  b' Sara' + b'h' -> b' Sarah'
  b' k' + b'ing' -> b' king'
  b'Jo' + b'hn' -> b'John'
  b'g' + b'y' -> b'gy'
  b' to' + b'day' -> b' today'
  b' perf' + b'ect' -> b' perfect'
  b' ri' + b'ver' -> b' river'
  b' every' + b'thing' -> b' everything'
  b' s' + b'illy' -> b' silly'
  b' sh' + b'in' -> b' shin'
  b' Jo' + b'e' -> b' Joe'
  b' dan' + b'ger' -> b' danger'
  b'i' + b'pp' -> b'ipp'
  b' child' + b'ren' -> b' children'
  b' g' + b'u' -> b' gu'
  b' So' + b'on' -> b' Soon'
  b' f' + b'ield' -> b' field'
  b' fill' + b'ed' -> b' filled'
  b' f' + b'ur' -> b' fur'
  b' el' + b'se' -> b' else'
  b' smile' + b's' -> b' smiles'
  b' we' + b'lc' -> b' welc'
  b' A' + b't' -> b' At'
  b' w' + b'ish' -> b' wish'
  b' E' + b'm' -> b' Em'
  b'Wh' + b'ile' -> b'While'
  b' sa' + b'ng' -> b' sang'
  b' g' + b'i' -> b' gi'
  b'z' + b'e' -> b'ze'
  b' p' + b'udd' -> b' pudd'
  b' sn' + b'ack' -> b' snack'
  b' eat' + b'ing' -> b' eating'
  b' real' + b'ized' -> b' realized'
  b' piece' + b's' -> b' pieces'
  b' prom' + b'ised' -> b' promised'
  b'or' + b'd' -> b'ord'
  b' sp' + b'r' -> b' spr'
  b' p' + b'ig' -> b' pig'
  b' f' + b'ree' -> b' free'
  b' contin' + b'ued' -> b' continued'
  b' b' + b'ite' -> b' bite'
  b'e' + b'ad' -> b'ead'
  b' parent' + b's' -> b' parents'
  b' care' + b'fully' -> b' carefully'
  b'at' + b'ed' -> b'ated'
  b'itt' + b'ing' -> b'itting'
  b' e' + b'ar' -> b' ear'
  b'J' + b'ust' -> b'Just'
  b' j' + b'ar' -> b' jar'
  b'M' + b'aybe' -> b'Maybe'
  b' c' + b'ow' -> b' cow'
  b'A' + b'my' -> b'Amy'
  b' bl' + b'ank' -> b' blank'
  b' dra' + b'g' -> b' drag'
  b'st' + b'ead' -> b'stead'
  b' or' + b'ange' -> b' orange'
  b' mu' + b'd' -> b' mud'
  b' cry' + b'ing' -> b' crying'
  b' blank' + b'et' -> b' blanket'
  b' en' + b'ough' -> b' enough'
  b' roll' + b'ed' -> b' rolled'
  b'ck' + b'et' -> b'cket'
  b' s' + b'oup' -> b' soup'
  b' sa' + b'il' -> b' sail'
  b' p' + b'urp' -> b' purp'
  b'im' + b'i' -> b'imi'
  b' y' + b'es' -> b' yes'
  b'a' + b'le' -> b'ale'
  b' dr' + b'ink' -> b' drink'
  b' sn' + b'ake' -> b' snake'
  b'se' + b's' -> b'ses'
  b' b' + b'oun' -> b' boun'
  b' p' + b'et' -> b' pet'
  b' cra' + b'b' -> b' crab'
  b' thr' + b'ow' -> b' throw'
  b' laug' + b'hing' -> b' laughing'
  b' fair' + b'y' -> b' fairy'
  b' word' + b's' -> b' words'
  b' amaz' + b'ing' -> b' amazing'
  b' b' + b'ath' -> b' bath'
  b'i' + b'ch' -> b'ich'
  b' purp' + b'le' -> b' purple'
  b' ' + b'Z' -> b' Z'
  b' with' + b'out' -> b' without'
  b'i' + b're' -> b'ire'
  b' bott' + b'le' -> b' bottle'
  b' B' + b'illy' -> b' Billy'
  b' gif' + b't' -> b' gift'
  b' gra' + b'ndma' -> b' grandma'
  b'F' + b'in' -> b'Fin'
  b'us' + b'ed' -> b'used'
  b'on' + b's' -> b'ons'
  b' p' + b'ast' -> b' past'
  b' m' + b'oney' -> b' money'
  b'i' + b'ver' -> b'iver'
  b'f' + b'ort' -> b'fort'
  b' m' + b'ail' -> b' mail'
  b' G' + b'ra' -> b' Gra'
  b' bar' + b'ked' -> b' barked'
  b' wag' + b'ged' -> b' wagged'
  b' at' + b't' -> b' att'
  b'ch' + b'ool' -> b'chool'
  b' mon' + b'key' -> b' monkey'
  b' do' + b'ctor' -> b' doctor'
  b'un' + b'ch' -> b'unch'
  b' br' + b'own' -> b' brown'
  b' mo' + b'ved' -> b' moved'
  b'is' + b'es' -> b'ises'
  b' ask' + b's' -> b' asks'
  b' get' + b'ting' -> b' getting'
  b' clos' + b'ed' -> b' closed'
  b' w' + b'he' -> b' whe'
  b' welc' + b'ome' -> b' welcome'
  b' s' + b'u' -> b' su'
  b' c' + b'andy' -> b' candy'
  b' s' + b'chool' -> b' school'
  b' mor' + b'ning' -> b' morning'
  b' own' + b'er' -> b' owner'
  b'g' + b'g' -> b'gg'
  b' l' + b'on' -> b' lon'
  b' m' + b'other' -> b' mother'
  b' hig' + b'her' -> b' higher'
  b' s' + b'itting' -> b' sitting'
  b' tre' + b'asure' -> b' treasure'
  b'.' + b'\xe2\x80\x9d' -> b'.\xe2\x80\x9d'
  b' sm' + b'o' -> b' smo'
  b'!' + b'\xe2\x80\x9d' -> b'!\xe2\x80\x9d'
  b' danger' + b'ous' -> b' dangerous'
  b' lon' + b'ely' -> b' lonely'
  b' C' + b'h' -> b' Ch'
  b' li' + b'ving' -> b' living'
  b' app' + b'les' -> b' apples'
  b'us' + b'h' -> b'ush'
  b' sh' + b'op' -> b' shop'
  b'as' + b'ed' -> b'ased'
  b' str' + b'ange' -> b' strange'
  b've' + b'l' -> b'vel'
  b' shin' + b'ing' -> b' shining'
  b' ro' + b'ad' -> b' road'
  b'e' + b're' -> b'ere'
  b' Tom' + b'my' -> b' Tommy'
  b' cre' + b'at' -> b' creat'
  b'un' + b'a' -> b'una'
  b' pa' + b'w' -> b' paw'
  b' r' + b'a' -> b' ra'
  b'e' + b'y' -> b'ey'
  b' sho' + b'es' -> b' shoes'
  b' p' + b're' -> b' pre'
  b'i' + b'ble' -> b'ible'
  b' ' + b'-' -> b' -'
  b' st' + b're' -> b' stre'
  b' tal' + b'king' -> b' talking'
  b'al' + b'thy' -> b'althy'
  b' c' + b'aught' -> b' caught'
  b' e' + b'gg' -> b' egg'
  b'o' + b'l' -> b'ol'
  b' pa' + b'ss' -> b' pass'
  b'm' + b'e' -> b'me'
  b' l' + b'ake' -> b' lake'
  b' run' + b's' -> b' runs'
  b' b' + b'uck' -> b' buck'
  b' l' + b'etter' -> b' letter'
  b' w' + b'ings' -> b' wings'
  b' che' + b'e' -> b' chee'
  b'f' + b'ish' -> b'fish'
  b' m' + b'ad' -> b' mad'
  b' f' + b'an' -> b' fan'
  b'ask' + b'et' -> b'asket'
  b' b' + b'asket' -> b' basket'
  b'a' + b'ss' -> b'ass'
  b' drag' + b'on' -> b' dragon'
  b'a' + b'pp' -> b'app'
  b'Mom' + b'my' -> b'Mommy'
  b's' + b'et' -> b'set'
  b'ck' + b's' -> b'cks'
  b' st' + b'one' -> b' stone'
  b' think' + b's' -> b' thinks'
  b' st' + b'and' -> b' stand'
  b' delic' + b'ious' -> b' delicious'
  b' no' + b'se' -> b' nose'
  b' pudd' + b'le' -> b' puddle'
  b' to' + b'm' -> b' tom'
  b' B' + b'l' -> b' Bl'
  b' M' + b'imi' -> b' Mimi'
  b' bel' + b'ie' -> b' belie'
  b' farm' + b'er' -> b' farmer'
  b' sa' + b'me' -> b' same'
  b' year' + b's' -> b' years'
  b'bo' + b'ard' -> b'board'
  b' t' + b'eddy' -> b' teddy'
  b' b' + b'at' -> b' bat'
  b'is' + b'k' -> b'isk'
  b'it' + b'ch' -> b'itch'
  b' m' + b'ine' -> b' mine'
  b' se' + b'ar' -> b' sear'
  b' co' + b'at' -> b' coat'
  b'c' + b'hes' -> b'ches'
  b'ig' + b'h' -> b'igh'
  b' day' + b's' -> b' days'
  b' br' + b'ing' -> b' bring'
  b' gent' + b'le' -> b' gentle'
  b' f' + b'it' -> b' fit'
  b' star' + b't' -> b' start'
  b' fin' + b'ally' -> b' finally'
  b' wh' + b'ist' -> b' whist'
  b' cr' + b'ay' -> b' cray'
  b'ig' + b'g' -> b'igg'
  b' sc' + b'ream' -> b' scream'
  b' k' + b'ite' -> b' kite'
  b' p' + b'ill' -> b' pill'
  b'ph' + b'ant' -> b'phant'
  b'ar' + b'm' -> b'arm'
  b' v' + b'ill' -> b' vill'
  b' ch' + b'o' -> b' cho'
  b' sing' + b'ing' -> b' singing'
  b'ell' + b'a' -> b'ella'
  b's' + b'w' -> b'sw'
  b'in' + b'ed' -> b'ined'
  b' tast' + b'y' -> b' tasty'
  b' p' + b'h' -> b' ph'
  b' b' + b'en' -> b' ben'
  b' tr' + b'ou' -> b' trou'
  b' she' + b'll' -> b' shell'
  b' her' + b'self' -> b' herself'
  b' hop' + b'ed' -> b' hoped'
  b' an' + b'sw' -> b' answ'
  b' w' + b'ore' -> b' wore'
  b' sw' + b'ings' -> b' swings'
  b's' + b'y' -> b'sy'
  b' h' + b'or' -> b' hor'
  b' bel' + b'ong' -> b' belong'
  b'P' + b'lease' -> b'Please'
  b' pus' + b'h' -> b' push'
  b' bus' + b'h' -> b' bush'
  b'isk' + b'ers' -> b'iskers'
  b' car' + b'rot' -> b' carrot'
  b' ar' + b'ri' -> b' arri'
  b'aught' + b'y' -> b'aughty'
  b' te' + b'ach' -> b' teach'
  b'b' + b'ow' -> b'bow'
  b'ra' + b'ct' -> b'ract'
  b' n' + b'aughty' -> b' naughty'
  b' ele' + b'phant' -> b' elephant'
  b' dro' + b'pped' -> b' dropped'
  b' sh' + b'ap' -> b' shap'
  b'i' + b'er' -> b'ier'
  b' co' + b'll' -> b' coll'
  b's' + b'c' -> b'sc'
  b' te' + b'ac' -> b' teac'
  b'e' + b'my' -> b'emy'
  b' wo' + b'ke' -> b' woke'
  b'b' + b'all' -> b'ball'
  b' p' + b'ile' -> b' pile'
  b' hid' + b'ing' -> b' hiding'
  b' c' + b'our' -> b' cour'
  b'is' + b'a' -> b'isa'
  b'er' + b'ry' -> b'erry'
  b' to' + b'uc' -> b' touc'
  b' m' + b'in' -> b' min'
  b' pu' + b'ppy' -> b' puppy'
  b"'" + b'll' -> b"'ll"
  b' see' + b'm' -> b' seem'
  b'll' + b'ie' -> b'llie'
  b' tw' + b'ins' -> b' twins'
  b'am' + b'a' -> b'ama'
  b' l' + b'unch' -> b' lunch'
  b' b' + b'ow' -> b' bow'
  b' sa' + b'ck' -> b' sack'
  b' p' + b'ers' -> b' pers'
  b' cour' + b'se' -> b' course'
  b' che' + b'ered' -> b' cheered'
  b' shap' + b'es' -> b' shapes'
  b' J' + b'en' -> b' Jen'
  b' gre' + b'w' -> b' grew'
  b'f' + b'used' -> b'fused'
  b' ro' + b'pe' -> b' rope'
  b' vill' + b'age' -> b' village'
  b'ir' + b'th' -> b'irth'
  b'irth' + b'day' -> b'irthday'
  b' ju' + b'ice' -> b' juice'
  b'i' + b'pped' -> b'ipped'
  b' rain' + b'bow' -> b' rainbow'
  b' sp' + b'in' -> b' spin'
  b'O' + b'K' -> b'OK'
  b' sh' + b'ook' -> b' shook'
  b'J' + b'ack' -> b'Jack'
  b' sp' + b'oon' -> b' spoon'
  b' ben' + b'ch' -> b' bench'
  b' stre' + b'et' -> b' street'
  b' f' + b'ence' -> b' fence'
  b' cut' + b'e' -> b' cute'
  b' F' + b'red' -> b' Fred'
  b' ro' + b'b' -> b' rob'
  b' n' + b'ut' -> b' nut'
  b' chee' + b'se' -> b' cheese'
  b' pr' + b'ob' -> b' prob'
  b' touc' + b'hed' -> b' touched'
  b'id' + b'ge' -> b'idge'
  b'co' + b'l' -> b'col'
  b' j' + b'oy' -> b' joy'
  b' Wh' + b'iskers' -> b' Whiskers'
  b' arri' + b'ved' -> b' arrived'
  b' se' + b'ed' -> b' seed'
  b' wa' + b'r' -> b' war'
  b' teac' + b'her' -> b' teacher'
  b' c' + b'orn' -> b' corn'
  b'G' + b'ood' -> b'Good'
  b' fore' + b'ver' -> b' forever'
  b' ab' + b'le' -> b' able'
  b' be' + b'll' -> b' bell'
  b' fe' + b'w' -> b' few'
  b' car' + b'ry' -> b' carry'
  b' mo' + b'st' -> b' most'
  b' pl' + b'ane' -> b' plane'
  b' Bl' + b'ue' -> b' Blue'
  b'le' + b'm' -> b'lem'
  b' e' + b'as' -> b' eas'
  b' sound' + b's' -> b' sounds'
  b'll' + b'a' -> b'lla'
  b' d' + b'es' -> b' des'
  b' sp' + b'o' -> b' spo'
  b' prob' + b'lem' -> b' problem'
  b' b' + b'irthday' -> b' birthday'
  b' p' + b'ower' -> b' power'
  b' in' + b'c' -> b' inc'
  b'um' + b'b' -> b'umb'
  b'b' + b'r' -> b'br'
  b'\n' + b' ' -> b'\n '
  b' bug' + b's' -> b' bugs'
  b'il' + b'k' -> b'ilk'
  b' wonder' + b'ful' -> b' wonderful'
  b' doll' + b's' -> b' dolls'
  b' bus' + b'y' -> b' busy'
  b'at' + b'o' -> b'ato'
  b'ir' + b'p' -> b'irp'
  b'e' + b'b' -> b'eb'
  b' w' + b'ra' -> b' wra'
  b' prom' + b'ise' -> b' promise'
  b' Th' + b'ank' -> b' Thank'
  b' feel' + b's' -> b' feels'
  b'i' + b'an' -> b'ian'
  b' Em' + b'ma' -> b' Emma'
  b'et' + b'er' -> b'eter'
  b' bre' + b'ad' -> b' bread'
  b' ne' + b'ck' -> b' neck'
  b'Fin' + b'ally' -> b'Finally'
  b' m' + b'ilk' -> b' milk'
  b' rob' + b'ot' -> b' robot'
  b' re' + b'c' -> b' rec'
  b' sh' + b'y' -> b' shy'
  b'ount' + b'ain' -> b'ountain'
  b' k' + b'iss' -> b' kiss'
  b'ir' + b't' -> b'irt'
  b' hear' + b't' -> b' heart'
  b' b' + b'and' -> b' band'
  b' c' + b'ave' -> b' cave'
  b' po' + b'cket' -> b' pocket'
  b'u' + b'b' -> b'ub'
  b' help' + b'ful' -> b' helpful'
  b'g' + b'ly' -> b'gly'
  b' slow' + b'ly' -> b' slowly'
  b' belie' + b've' -> b' believe'
  b' sh' + b'ake' -> b' shake'
  b'ump' + b'y' -> b'umpy'
  b'e' + b'ared' -> b'eared'
  b' pat' + b'ient' -> b' patient'
  b' p' + b'op' -> b' pop'
  b' o' + b'b' -> b' ob'
  b'ar' + b'p' -> b'arp'
  b' li' + b've' -> b' live'
  b' stor' + b'm' -> b' storm'
  b' hold' + b'ing' -> b' holding'
  b' u' + b'gly' -> b' ugly'
  b' tow' + b'ards' -> b' towards'
  b' up' + b'set' -> b' upset'
  b' t' + b'urt' -> b' turt'
  b' sh' + b'r' -> b' shr'
  b'ad' + b'ow' -> b'adow'
  b' co' + b'ver' -> b' cover'
  b' k' + b'itten' -> b' kitten'
  b'o' + b'st' -> b'ost'
  b' R' + b'emy' -> b' Remy'
  b' sh' + b'arp' -> b' sharp'
  b' dis' + b'app' -> b' disapp'
  b' stor' + b'ies' -> b' stories'
  b' s' + b'uc' -> b' suc'
  b' h' + b'oney' -> b' honey'
  b'o' + b've' -> b'ove'
  b' B' + b'ella' -> b' Bella'
  b're' + b'ad' -> b'read'
  b' no' + b'ises' -> b' noises'
  b' L' + b'e' -> b' Le'
  b' c' + b'ir' -> b' cir'
  b' ball' + b's' -> b' balls'
  b' sp' + b'ark' -> b' spark'
  b' gr' + b'ay' -> b' gray'
  b' d' + b'ist' -> b' dist'
  b' dir' + b't' -> b' dirt'
  b'og' + b'gy' -> b'oggy'
  b' l' + b'ate' -> b' late'
  b' dri' + b'ver' -> b' driver'
  b' se' + b'at' -> b' seat'
  b' buck' + b'et' -> b' bucket'
  b' me' + b'et' -> b' meet'
  b' you' + b'ng' -> b' young'
  b' amaz' + b'ed' -> b' amazed'
  b' turt' + b'le' -> b' turtle'
  b'al' + b'm' -> b'alm'
  b' sp' + b'id' -> b' spid'
  b' treat' + b's' -> b' treats'
  b' magic' + b'al' -> b' magical'
  b'u' + b'nt' -> b'unt'
  b'at' + b'or' -> b'ator'
  b' gl' + b'ow' -> b' glow'
  b' see' + b'k' -> b' seek'
  b' z' + b'oom' -> b' zoom'
  b' le' + b'm' -> b' lem'
  b' sand' + b'w' -> b' sandw'
  b'fort' + b'able' -> b'fortable'
  b'um' + b'ber' -> b'umber'
  b' tri' + b'p' -> b' trip'
  b' m' + b'ist' -> b' mist'
  b'our' + b'n' -> b'ourn'
  b' spl' + b'as' -> b' splas'
  b' m' + b'ark' -> b' mark'
  b' j' + b'ourn' -> b' journ'
  b' fo' + b'ld' -> b' fold'
  b' m' + b'ach' -> b' mach'
  b' pu' + b'zz' -> b' puzz'
  b' par' + b't' -> b' part'
  b'l' + b'ing' -> b'ling'
  b' hor' + b'se' -> b' horse'
  b' or' + b'gan' -> b' organ'
  b' w' + b'ild' -> b' wild'
  b' prin' + b'cess' -> b' princess'
  b'pp' + b'ing' -> b'pping'
  b'oo' + b'se' -> b'oose'
  b' cook' + b'ie' -> b' cookie'
  b'S' + b'ure' -> b'Sure'
  b'en' + b's' -> b'ens'
  b' hug' + b's' -> b' hugs'
  b' M' + b'ark' -> b' Mark'
  b' t' + b'aking' -> b' taking'
  b'un' + b'g' -> b'ung'
  b' whe' + b'el' -> b' wheel'
  b'ep' + b'end' -> b'epend'
  b' cl' + b'oth' -> b' cloth'
  b' L' + b'isa' -> b' Lisa'
  b' s' + b'ug' -> b' sug'
  b' in' + b'stead' -> b' instead'
  b' bu' + b'bb' -> b' bubb'
  b' str' + b'ing' -> b' string'
  b' n' + b'et' -> b' net'
  b' dro' + b've' -> b' drove'
  b'il' + b'ing' -> b'iling'
  b' ru' + b'de' -> b' rude'
  b' hug' + b'e' -> b' huge'
  b' J' + b'im' -> b' Jim'
  b' co' + b'in' -> b' coin'
  b' star' + b's' -> b' stars'
  b' fight' + b'ing' -> b' fighting'
  b'B' + b'e' -> b'Be'
  b' sp' + b'icy' -> b' spicy'
  b' l' + b'ucky' -> b' lucky'
  b'O' + b'f' -> b'Of'
  b' cra' + b'w' -> b' craw'
  b'He' + b'y' -> b'Hey'
  b' b' + b'one' -> b' bone'
  b' in' + b'v' -> b' inv'
  b' Gra' + b'ndma' -> b' Grandma'
  b'or' + b's' -> b'ors'
  b'n' + b'ot' -> b'not'
  b' c' + b'a' -> b' ca'
  b'pp' + b'er' -> b'pper'
  b' for' + b'get' -> b' forget'
  b'u' + b'p' -> b'up'
  b' d' + b'i' -> b' di'
  b'a' + b'ur' -> b'aur'
  b' sa' + b'l' -> b' sal'
  b' Fin' + b'ally' -> b' Finally'
  b' can' + b'not' -> b' cannot'
  b' whist' + b'le' -> b' whistle'
  b' c' + b'ard' -> b' card'
  b' s' + b'ick' -> b' sick'
  b' p' + b'ath' -> b' path'
  b' c' + b'ou' -> b' cou'
  b' spid' + b'er' -> b' spider'
  b' w' + b'ide' -> b' wide'
  b'L' + b'ila' -> b'Lila'
  b' fo' + b'ot' -> b' foot'
  b' snow' + b'man' -> b' snowman'
  b' song' + b's' -> b' songs'
  b' li' + b'fe' -> b' life'
  b' pill' + b'ow' -> b' pillow'
  b'iz' + b'e' -> b'ize'
  b'ul' + b'ar' -> b'ular'
  b' J' + b'ust' -> b' Just'
  b'L' + b'ater' -> b'Later'
  b'e' + b'st' -> b'est'
  b' A' + b'nn' -> b' Ann'
  b'er' + b't' -> b'ert'
  b' fix' + b'ed' -> b' fixed'
  b' gi' + b'ant' -> b' giant'
  b'op' + b'h' -> b'oph'
  b'ri' + b'll' -> b'rill'
  b' no' + b'd' -> b' nod'
  b' bo' + b'ss' -> b' boss'
  b' la' + b'st' -> b' last'
  b' com' + b'es' -> b' comes'
  b' jo' + b'ke' -> b' joke'
  b' mo' + b'on' -> b' moon'
  b' tast' + b'e' -> b' taste'
  b'd' + b'en' -> b'den'
  b' mach' + b'ine' -> b' machine'
  b' gr' + b'umpy' -> b' grumpy'
  b' wa' + b've' -> b' wave'
  b' th' + b'in' -> b' thin'
  b' dri' + b've' -> b' drive'
  b' car' + b't' -> b' cart'
  b' as' + b'h' -> b' ash'
  b' s' + b'er' -> b' ser'
  b' gra' + b'b' -> b' grab'
  b' pe' + b'ace' -> b' peace'
  b'l' + b'ower' -> b'lower'
  b' dad' + b'dy' -> b' daddy'
  b' ' + b'On' -> b' On'
  b' Le' + b'o' -> b' Leo'
  b'er' + b'y' -> b'ery'
  b' s' + b'el' -> b' sel'
  b' she' + b'lf' -> b' shelf'
  b' hid' + b'den' -> b' hidden'
  b'ere' + b'st' -> b'erest'
  b' s' + b'uddenly' -> b' suddenly'
  b' was' + b'n' -> b' wasn'
  b' wr' + b'ite' -> b' write'
  b' land' + b'ed' -> b' landed'
  b' con' + b'fused' -> b' confused'
  b' r' + b'ing' -> b' ring'
  b' ch' + b'ange' -> b' change'
  b' wor' + b'm' -> b' worm'
  b' int' + b'erest' -> b' interest'
  b' ch' + b'ased' -> b' chased'
  b'oo' + b'p' -> b'oop'
  b' fruit' + b's' -> b' fruits'
  b' s' + b'our' -> b' sour'
  b'it' + b'y' -> b'ity'
  b' my' + b'ster' -> b' myster'
  b' b' + b'ark' -> b' bark'
  b' r' + b'ad' -> b' rad'
  b' smo' + b'oth' -> b' smooth'
  b' C' + b'ome' -> b' Come'
  b' adventure' + b's' -> b' adventures'
  b' v' + b'al' -> b' val'
  b' ste' + b'pped' -> b' stepped'
  b' f' + b'le' -> b' fle'
  b'op' + b'e' -> b'ope'
  b' o' + b'ven' -> b' oven'
  b' take' + b's' -> b' takes'
  b' miss' + b'ed' -> b' missed'
  b' sel' + b'fish' -> b' selfish'
  b'k' + b'in' -> b'kin'
  b' she' + b'ep' -> b' sheep'
  b' mess' + b'y' -> b' messy'
  b'T' + b'o' -> b'To'
  b' ac' + b'ross' -> b' across'
  b' ' + b'ent' -> b' ent'
  b' ex' + b'p' -> b' exp'
  b't' + b'o' -> b'to'
  b' c' + b'e' -> b' ce'
  b' l' + b'ater' -> b' later'
  b'ell' + b'y' -> b'elly'
  b' ' + b'N' -> b' N'
  b'if' + b'e' -> b'ife'
  b' stick' + b's' -> b' sticks'
  b' t' + b'ie' -> b' tie'
  b'S' + b't' -> b'St'
  b'e' + b'ver' -> b'ever'
  b' L' + b'una' -> b' Luna'
  b' st' + b'ep' -> b' step'
  b' b' + b'ought' -> b' bought'
  b' d' + b'rew' -> b' drew'
  b' te' + b'a' -> b' tea'
  b'pec' + b't' -> b'pect'
  b' b' + b'an' -> b' ban'
  b'irp' + b'y' -> b'irpy'
  b'bo' + b'x' -> b'box'
  b'?' + b'\xe2\x80\x9d' -> b'?\xe2\x80\x9d'
  b' was' + b'h' -> b' wash'
  b' l' + b'ay' -> b' lay'
  b' p' + b'our' -> b' pour'
  b' be' + b'ak' -> b' beak'
  b'o' + b'se' -> b'ose'
  b' j' + b'og' -> b' jog'
  b' gr' + b'ate' -> b' grate'
  b' duck' + b's' -> b' ducks'
  b' sp' + b'e' -> b' spe'
  b' leg' + b's' -> b' legs'
  b'ug' + b'g' -> b'ugg'
  b' f' + b'il' -> b' fil'
  b' B' + b'u' -> b' Bu'
  b' em' + b'p' -> b' emp'
  b'm' + b'er' -> b'mer'
  b' hop' + b'e' -> b' hope'
  b' emp' + b'ty' -> b' empty'
  b' sl' + b'id' -> b' slid'
  b' fe' + b'ather' -> b' feather'
  b' sleep' + b'y' -> b' sleepy'
  b' dr' + b'um' -> b' drum'
  b'am' + b'ed' -> b'amed'
  b'ar' + b's' -> b'ars'
  b'et' + b'h' -> b'eth'
  b' z' + b'oo' -> b' zoo'
  b' p' + b'an' -> b' pan'
  b' ph' + b'one' -> b' phone'
  b' grate' + b'ful' -> b' grateful'
  b' f' + b'ing' -> b' fing'
  b'ion' + b's' -> b'ions'
  b' lem' + b'on' -> b' lemon'
  b'le' + b't' -> b'let'
  b' C' + b'at' -> b' Cat'
  b' cle' + b'ver' -> b' clever'
  b' M' + b'olly' -> b' Molly'
  b' smell' + b'y' -> b' smelly'
  b' im' + b'ag' -> b' imag'
  b' spl' + b'ash' -> b' splash'
  b' interest' + b'ing' -> b' interesting'
  b' J' + b'ill' -> b' Jill'
  b' sa' + b've' -> b' save'
  b' ch' + b'ick' -> b' chick'
  b' c' + b'alm' -> b' calm'
  b' m' + b'ed' -> b' med'
  b' watch' + b'ing' -> b' watching'
  b'S' + b'oon' -> b'Soon'
  b'iz' + b'zy' -> b'izzy'
  b'iz' + b'z' -> b'izz'
  b' pl' + b'ate' -> b' plate'
  b' ' + b'ign' -> b' ign'
  b'y' + b'ard' -> b'yard'
  b' cloud' + b's' -> b' clouds'
  b' ban' + b'an' -> b' banan'
  b' l' + b'ine' -> b' line'
  b' face' + b's' -> b' faces'
  b' b' + b'a' -> b' ba'
  b' a' + b'ct' -> b' act'
  b' li' + b'ft' -> b' lift'
  b' th' + b'ough' -> b' though'
  b' wo' + b'lf' -> b' wolf'
  b' back' + b'yard' -> b' backyard'
  b'w' + b'el' -> b'wel'
  b' seem' + b'ed' -> b' seemed'
  b' dog' + b's' -> b' dogs'
  b' spr' + b'ay' -> b' spray'
  b'C' + b'ome' -> b'Come'
  b' pr' + b'ot' -> b' prot'
  b' who' + b'le' -> b' whole'
  b' m' + b'ot' -> b' mot'
  b' fan' + b'cy' -> b' fancy'
  b' Dad' + b'dy' -> b' Daddy'
  b' que' + b'st' -> b' quest'
  b' arm' + b's' -> b' arms'
  b' puzz' + b'le' -> b' puzzle'
  b' he' + b'althy' -> b' healthy'
  b' su' + b'pp' -> b' supp'
  b'w' + b'ard' -> b'ward'
  b' fin' + b'ish' -> b' finish'
  b'er' + b'ly' -> b'erly'
  b' al' + b'ong' -> b' along'
  b'll' + b'o' -> b'llo'
  b' rock' + b'et' -> b' rocket'
  b' expl' + b'ain' -> b' explain'
  b'd' + b'ge' -> b'dge'
  b' eas' + b'y' -> b' easy'
  b' je' + b'wel' -> b' jewel'
  b'on' + b't' -> b'ont'
  b' p' + b'ract' -> b' pract'
  b' j' + b'elly' -> b' jelly'
  b' Ch' + b'irpy' -> b' Chirpy'
  b' t' + b'id' -> b' tid'
  b' f' + b'ake' -> b' fake'
  b' cray' + b'ons' -> b' crayons'
  b' wonder' + b'ed' -> b' wondered'
  b' m' + b'aybe' -> b' maybe'
  b' sc' + b'ar' -> b' scar'
  b' sh' + b'ip' -> b' ship'
  b' not' + b'hing' -> b' nothing'
  b'one' + b'st' -> b'onest'
  b' em' + b'b' -> b' emb'
  b'ig' + b'er' -> b'iger'
  b' p' + b'ool' -> b' pool'
  b' long' + b'er' -> b' longer'
  b' any' + b'one' -> b' anyone'
  b' B' + b'e' -> b' Be'
  b' J' + b'erry' -> b' Jerry'
  b'u' + b'ally' -> b'ually'
  b' fr' + b'ont' -> b' front'
  b' wor' + b'king' -> b' working'
  b' give' + b's' -> b' gives'
  b'ir' + b'r' -> b'irr'
  b' p' + b'ack' -> b' pack'
  b' s' + b'uch' -> b' such'
  b' B' + b'unny' -> b' Bunny'
  b'o' + b'cked' -> b'ocked'
  b'm' + b'ent' -> b'ment'
  b' boss' + b'y' -> b' bossy'
  b' D' + b'oggy' -> b' Doggy'
  b' trou' + b'ble' -> b' trouble'
  b' smell' + b'ed' -> b' smelled'
  b' sa' + b'ved' -> b' saved'
  b' p' + b'in' -> b' pin'
  b'ra' + b'ss' -> b'rass'
  b' ne' + b'igh' -> b' neigh'
  b'ar' + b'rass' -> b'arrass'
  b'it' + b'ing' -> b'iting'
  b' h' + b'onest' -> b' honest'
  b' a' + b'v' -> b' av'
  b'ar' + b'ge' -> b'arge'
  b' emb' + b'arrass' -> b' embarrass'
  b' v' + b'an' -> b' van'
  b' forg' + b'ive' -> b' forgive'
  b' tid' + b'y' -> b' tidy'
  b' we' + b'ak' -> b' weak'
  b'ur' + b'se' -> b'urse'
  b' put' + b's' -> b' puts'
  b'un' + b'k' -> b'unk'
  b' k' + b'ick' -> b' kick'
  b' sh' + b'irt' -> b' shirt'
  b' W' + b'ith' -> b' With'
  b' m' + b'ind' -> b' mind'
  b' O' + b'llie' -> b' Ollie'
  b' neigh' + b'b' -> b' neighb'
  b' plant' + b's' -> b' plants'
  b' so' + b'l' -> b' sol'
  b' Mom' + b'o' -> b' Momo'
  b' gent' + b'ly' -> b' gently'
  b' co' + b'zy' -> b' cozy'
  b'or' + b'row' -> b'orrow'
  b'm' + b'ing' -> b'ming'
  b' expl' + b'or' -> b' explor'
  b's' + b'p' -> b'sp'
  b' mist' + b'ake' -> b' mistake'
  b' y' + b'og' -> b' yog'
  b'o' + b'c' -> b'oc'
  b'oom' + b'y' -> b'oomy'
  b' poin' + b'ted' -> b' pointed'
  b' l' + b'ad' -> b' lad'
  b' a' + b'f' -> b' af'
  b' st' + b'ood' -> b' stood'
  b'or' + b'k' -> b'ork'
  b' on' + b'to' -> b' onto'
  b' wait' + b'ing' -> b' waiting'
  b' jump' + b'ing' -> b' jumping'
  b' prin' + b'ce' -> b' prince'
  b' c' + b'ross' -> b' cross'
  b' lo' + b'ck' -> b' lock'
  b' che' + b'er' -> b' cheer'
  b' que' + b'en' -> b' queen'
  b' Wh' + b'y' -> b' Why'
  b' M' + b'ary' -> b' Mary'
  b' w' + b'ing' -> b' wing'
  b'on' + b'es' -> b'ones'
  b'w' + b'e' -> b'we'
  b' l' + b'arge' -> b' large'
  b' love' + b'ly' -> b' lovely'
  b'ul' + b't' -> b'ult'
  b' s' + b'ur' -> b' sur'
  b' re' + b't' -> b' ret'
  b'A' + b'nd' -> b'And'
  b' de' + b'er' -> b' deer'
  b' che' + b'w' -> b' chew'
  b' cou' + b'ch' -> b' couch'
  b' b' + b'al' -> b' bal'
  b'aught' + b'er' -> b'aughter'
  b' st' + b'ret' -> b' stret'
  b'er' + b'a' -> b'era'
  b' The' + b'ir' -> b' Their'
  b' place' + b's' -> b' places'
  b' M' + b'y' -> b' My'
  b' lad' + b'der' -> b' ladder'
  b'oo' + b'f' -> b'oof'
  b' ret' + b'urn' -> b' return'
  b'ra' + b'id' -> b'raid'
  b' ant' + b's' -> b' ants'
  b' d' + b'ish' -> b' dish'
  b' af' + b'raid' -> b' afraid'
  b' clean' + b'ed' -> b' cleaned'
  b' tom' + b'orrow' -> b' tomorrow'
  b' build' + b'ing' -> b' building'
  b' sandw' + b'ich' -> b' sandwich'
  b' pers' + b'on' -> b' person'
  b'S' + b'ally' -> b'Sally'
  b'n' + b'ed' -> b'ned'
  b' pretend' + b'ed' -> b' pretended'
  b' boun' + b'ce' -> b' bounce'
  b' w' + b'ip' -> b' wip'
  b'ge' + b'st' -> b'gest'
  b' mat' + b'ch' -> b' match'
  b' ri' + b'ch' -> b' rich'
  b'u' + b'ce' -> b'uce'
  b' p' + b'izz' -> b' pizz'
  b' g' + b'ather' -> b' gather'
  b' sear' + b'ch' -> b' search'
  b' bor' + b'ing' -> b' boring'
  b'om' + b'an' -> b'oman'
  b' S' + b'omet' -> b' Somet'
  b' te' + b'eth' -> b' teeth'
  b' h' + b'um' -> b' hum'
  b'K' + b'itty' -> b'Kitty'
  b'M' + b'y' -> b'My'
  b'ac' + b'ed' -> b'aced'
  b' d' + b'aughter' -> b' daughter'
  b' w' + b'oman' -> b' woman'
  b' scar' + b'f' -> b' scarf'
  b' go' + b'es' -> b' goes'
  b' To' + b'gether' -> b' Together'
  b' la' + b'w' -> b' law'
  b' st' + b'ra' -> b' stra'
  b' swim' + b'ming' -> b' swimming'
  b' fur' + b'ry' -> b' furry'
  b' splas' + b'hed' -> b' splashed'
  b' p' + b'ri' -> b' pri'
  b' love' + b's' -> b' loves'
  b' tr' + b'ue' -> b' true'
  b' scream' + b'ed' -> b' screamed'
  b' la' + b'zy' -> b' lazy'
  b' g' + b'en' -> b' gen'
  b' answ' + b'er' -> b' answer'
  b' n' + b'umber' -> b' number'
  b' e' + b'ag' -> b' eag'
  b' ash' + b'amed' -> b' ashamed'
  b' pizz' + b'a' -> b' pizza'
  b'a' + b'w' -> b'aw'
  b' app' + b'eared' -> b' appeared'
  b' fe' + b'ar' -> b' fear'
  b' near' + b'by' -> b' nearby'
  b' power' + b'ful' -> b' powerful'
  b' fl' + b'ag' -> b' flag'
  b' S' + b't' -> b' St'
  b' ha' + b'ng' -> b' hang'
  b'v' + b'ous' -> b'vous'
  b' cl' + b'own' -> b' clown'
  b'e' + b'k' -> b'ek'
  b' ch' + b'ase' -> b' chase'
  b' mot' + b'or' -> b' motor'
  b' wa' + b'nd' -> b' wand'
  b' T' + b'V' -> b' TV'
  b' ru' + b'b' -> b' rub'
  b' suc' + b'cess' -> b' success'
  b' cho' + b'col' -> b' chocol'
  b' I' + b'f' -> b' If'
  b' creat' + b'ive' -> b' creative'
  b' tr' + b'ust' -> b' trust'
  b' we' + b'aring' -> b' wearing'
  b' no' + b'isy' -> b' noisy'
  b' mat' + b'ter' -> b' matter'
  b'p' + b'a' -> b'pa'
  b' d' + b'ig' -> b' dig'
  b' he' + b'llo' -> b' hello'
  b' n' + b'er' -> b' ner'
  b' too' + b'l' -> b' tool'
  b' sa' + b'f' -> b' saf'
  b' B' + b'ird' -> b' Bird'
  b'ad' + b'o' -> b'ado'
  b' ner' + b'vous' -> b' nervous'
  b'el' + b'p' -> b'elp'
  b' te' + b'st' -> b' test'
  b' sm' + b'iling' -> b' smiling'
  b' so' + b'ld' -> b' sold'
  b'ic' + b'ked' -> b'icked'
  b'o' + b'ppy' -> b'oppy'
  b'os' + b'aur' -> b'osaur'
  b' cir' + b'cle' -> b' circle'
  b'm' + b'b' -> b'mb'
  b' m' + b'ap' -> b' map'
  b' dr' + b'ank' -> b' drank'
  b' cla' + b'ss' -> b' class'
  b' tri' + b'es' -> b' tries'
  b' chocol' + b'ate' -> b' chocolate'
  b' P' + b'lease' -> b' Please'
  b' imp' + b'ress' -> b' impress'
  b' kne' + b'e' -> b' knee'
  b' gen' + b'er' -> b' gener'
  b' din' + b'osaur' -> b' dinosaur'
  b' pol' + b'ite' -> b' polite'
  b' m' + b'irr' -> b' mirr'
  b' Bob' + b'by' -> b' Bobby'
  b' T' + b'iny' -> b' Tiny'
  b' balloon' + b's' -> b' balloons'
  b' go' + b'ld' -> b' gold'
  b' r' + b'are' -> b' rare'
  b' prot' + b'ect' -> b' protect'
  b' c' + b'and' -> b' cand'
  b'St' + b'op' -> b'Stop'
  b' car' + b'ried' -> b' carried'
  b' G' + b'o' -> b' Go'
  b'ens' + b'ive' -> b'ensive'
  b' a' + b'p' -> b' ap'
  b' sh' + b'adow' -> b' shadow'
  b' mirr' + b'or' -> b' mirror'
  b' D' + b'on' -> b' Don'
  b' ba' + b'ld' -> b' bald'
  b' g' + b'un' -> b' gun'
  b'in' + b'a' -> b'ina'
  b' exp' + b'ensive' -> b' expensive'
  b' re' + b'g' -> b' reg'
  b'if' + b'f' -> b'iff'
  b' myster' + b'ious' -> b' mysterious'
  b' S' + b'p' -> b' Sp'
  b' p' + b'ump' -> b' pump'
  b' not' + b'e' -> b' note'
  b' her' + b'o' -> b' hero'
  b' mar' + b'ch' -> b' march'
  b' h' + b'ar' -> b' har'
  b'ar' + b'l' -> b'arl'
  b' ' + b'icy' -> b' icy'
  b' res' + b'pect' -> b' respect'
  b' we' + b'ird' -> b' weird'
  b' sn' + b'ee' -> b' snee'
  b' c' + b'ri' -> b' cri'
  b' g' + b'ate' -> b' gate'
  b' so' + b'ap' -> b' soap'
  b'ra' + b'g' -> b'rag'
  b'ut' + b'e' -> b'ute'
  b'iss' + b'ors' -> b'issors'
  b' the' + b'se' -> b' these'
  b' po' + b'or' -> b' poor'
  b' tow' + b'el' -> b' towel'
  b' wh' + b'ale' -> b' whale'
  b' fe' + b'et' -> b' feet'
  b' t' + b'ape' -> b' tape'
  b' d' + b'izzy' -> b' dizzy'
  b'itt' + b'er' -> b'itter'
  b' gener' + b'ous' -> b' generous'
  b'nd' + b'pa' -> b'ndpa'
  b' pre' + b's' -> b' pres'
  b' Ben' + b'ny' -> b' Benny'
  b'n' + b'ic' -> b'nic'
  b' dis' + b'co' -> b' disco'
  b'H' + b'elp' -> b'Help'
  b'vent' + b'ually' -> b'ventually'
  b' pic' + b'nic' -> b' picnic'
  b' m' + b'ic' -> b' mic'
  b' le' + b'ad' -> b' lead'
  b' s' + b'que' -> b' sque'
  b' embarrass' + b'ed' -> b' embarrassed'
  b' journ' + b'ey' -> b' journey'
  b' sug' + b'ar' -> b' sugar'
  b'is' + b'p' -> b'isp'
  b'sc' + b'ape' -> b'scape'
  b' bo' + b'ot' -> b' boot'
  b' t' + b'ent' -> b' tent'
  b' peace' + b'ful' -> b' peaceful'
  b' f' + b'at' -> b' fat'
  b' B' + b'ear' -> b' Bear'
  b' sc' + b'issors' -> b' scissors'
  b' tast' + b'ed' -> b' tasted'
  b' yell' + b'ed' -> b' yelled'
  b'Tom' + b'my' -> b'Tommy'
  b' t' + b'ick' -> b' tick'
  b' m' + b'el' -> b' mel'
  b' br' + b'ush' -> b' brush'
  b' danc' + b'ing' -> b' dancing'
  b'n' + b'ess' -> b'ness'
  b' gl' + b'ue' -> b' glue'
  b' h' + b'ur' -> b' hur'
  b' r' + b'ough' -> b' rough'
  b' cl' + b'ap' -> b' clap'
  b' br' + b'idge' -> b' bridge'
  b'ot' + b'e' -> b'ote'
  b' dec' + b'or' -> b' decor'
  b' clos' + b'et' -> b' closet'
  b' cr' + b'own' -> b' crown'
  b' st' + b'ir' -> b' stir'
  b'u' + b'al' -> b'ual'
  b'im' + b'p' -> b'imp'
  b' prin' + b't' -> b' print'
  b' Somet' + b'imes' -> b' Sometimes'
  b'ow' + b'ed' -> b'owed'
  b'air' + b's' -> b'airs'
  b' H' + b'ow' -> b' How'
  b'um' + b'e' -> b'ume'
  b' c' + b'ap' -> b' cap'
  b' l' + b'amp' -> b' lamp'
  b' v' + b'ase' -> b' vase'
  b' sc' + b'are' -> b' scare'
  b'le' + b'br' -> b'lebr'
  b' rel' + b'ie' -> b' relie'
  b'l' + b'ves' -> b'lves'
  b'an' + b'y' -> b'any'
  b' e' + b'ld' -> b' eld'
  b' te' + b'le' -> b' tele'
  b' ce' + b'lebr' -> b' celebr'
  b' g' + b'igg' -> b' gigg'
  b' wh' + b'isp' -> b' whisp'
  b' lo' + b'g' -> b' log'
  b' sc' + b'o' -> b' sco'
  b' bl' + b'ow' -> b' blow'
  b' pain' + b'ted' -> b' painted'
  b' D' + b'ucky' -> b' Ducky'
  b' p' + b'ay' -> b' pay'
  b'er' + b'ries' -> b'erries'
  b' w' + b'is' -> b' wis'
  b' b' + b'erries' -> b' berries'
  b' mix' + b'ed' -> b' mixed'
  b' sp' + b'read' -> b' spread'
  b' would' + b'n' -> b' wouldn'
  b' c' + b'age' -> b' cage'
  b' b' + b'ake' -> b' bake'
  b'r' + b'ob' -> b'rob'
  b'get' + b'able' -> b'getable'
  b' m' + b'ountain' -> b' mountain'
  b' ad' + b'm' -> b' adm'
  b' draw' + b'ing' -> b' drawing'
  b' bec' + b'ome' -> b' become'
  b' fam' + b'ous' -> b' famous'
  b' kn' + b'ocked' -> b' knocked'
  b' be' + b'an' -> b' bean'
  b' n' + b'orm' -> b' norm'
  b' ve' + b'getable' -> b' vegetable'
  b'as' + b'p' -> b'asp'
  b' k' + b'icked' -> b' kicked'
  b'ust' + b'r' -> b'ustr'
  b' sh' + b'ark' -> b' shark'
  b's' + b'er' -> b'ser'
  b' inc' + b'red' -> b' incred'
  b' lo' + b'se' -> b' lose'
  b' norm' + b'al' -> b' normal'
  b' wra' + b'p' -> b' wrap'
  b'c' + b'ed' -> b'ced'
  b' gr' + b'oup' -> b' group'
  b' th' + b'ick' -> b' thick'
  b' ' + b'3' -> b' 3'
  b' f' + b'ine' -> b' fine'
  b' gl' + b'ass' -> b' glass'
  b' ign' + b'or' -> b' ignor'
  b' clo' + b'ck' -> b' clock'
  b' te' + b'am' -> b' team'
  b' eld' + b'erly' -> b' elderly'
  b' cle' + b'ar' -> b' clear'
  b' corn' + b'er' -> b' corner'
  b' fr' + b'ustr' -> b' frustr'
  b' might' + b'y' -> b' mighty'
  b'rob' + b'e' -> b'robe'
  b' c' + b'one' -> b' cone'
  b' incred' + b'ible' -> b' incredible'
  b' B' + b'r' -> b' Br'
  b'ig' + b'hed' -> b'ighed'
  b'D' + b'ad' -> b'Dad'
  b' mom' + b's' -> b' moms'
  b' bal' + b'ance' -> b' balance'
  b' so' + b'ck' -> b' sock'
  b' sp' + b'ace' -> b' space'
  b' j' + b'am' -> b' jam'
  b'rag' + b'ile' -> b'ragile'
  b' fr' + b'ight' -> b' fright'
  b' organ' + b'ized' -> b' organized'
  b' bran' + b'ches' -> b' branches'
  b' ro' + b'ar' -> b' roar'
  b'p' + b'ort' -> b'port'
  b' sw' + b'ord' -> b' sword'
  b'al' + b'ous' -> b'alous'
  b' M' + b'ama' -> b' Mama'
  b' gu' + b'ess' -> b' guess'
  b' f' + b'ool' -> b' fool'
  b' se' + b'll' -> b' sell'
  b' fe' + b'ed' -> b' feed'
  b' S' + b'ome' -> b' Some'
  b' wh' + b'ich' -> b' which'
  b' h' + b'orn' -> b' horn'
  b' pres' + b'ent' -> b' present'
  b' je' + b'alous' -> b' jealous'
  b' y' + b'arn' -> b' yarn'
  b'on' + b'y' -> b'ony'
  b' f' + b'ragile' -> b' fragile'
  b' b' + b'urn' -> b' burn'
  b' underst' + b'ood' -> b' understood'
  b' m' + b'is' -> b' mis'
  b' stu' + b'bb' -> b' stubb'
  b' t' + b'er' -> b' ter'
  b' frustr' + b'ated' -> b' frustrated'
  b'W' + b'here' -> b'Where'
  b'r' + b'ay' -> b'ray'
  b' ho' + b'se' -> b' hose'
  b'c' + b'ient' -> b'cient'
  b' sp' + b'ent' -> b' spent'
  b' sho' + b'e' -> b' shoe'
  b' t' + b'aught' -> b' taught'
  b' stubb' + b'orn' -> b' stubborn'
  b' tw' + b'ist' -> b' twist'
  b' creat' + b'ure' -> b' creature'
  b' che' + b'st' -> b' chest'
  b' spo' + b'iled' -> b' spoiled'
  b' relie' + b'ved' -> b' relieved'
  b' an' + b'cient' -> b' ancient'
  b'i' + b'que' -> b'ique'
  b' wa' + b'ke' -> b' wake'
  b' fi' + b'er' -> b' fier'
  b' pr' + b'ay' -> b' pray'
  b' fier' + b'ce' -> b' fierce'
  b' egg' + b's' -> b' eggs'
  b' c' + b'ab' -> b' cab'
  b' ter' + b'ri' -> b' terri'
  b' b' + b'arn' -> b' barn'
  b' pump' + b'kin' -> b' pumpkin'
  b' com' + b'fortable' -> b' comfortable'
  b' or' + b'd' -> b' ord'
  b'y' + b'm' -> b'ym'
  b' fright' + b'ened' -> b' frightened'
  b'or' + b'ry' -> b'orry'
  b' to' + b'ug' -> b' toug'
  b' un' + b'ique' -> b' unique'
  b' me' + b'asure' -> b' measure'
  b' go' + b'at' -> b' goat'
  b' wag' + b'on' -> b' wagon'
  b' un' + b'us' -> b' unus'
  b' bre' + b'ath' -> b' breath'
  b' fool' + b'ish' -> b' foolish'
  b' use' + b'ful' -> b' useful'
  b' explor' + b'ing' -> b' exploring'
  b'd' + b'le' -> b'dle'
  b' stra' + b'w' -> b' straw'
  b' unus' + b'ual' -> b' unusual'
  b' d' + b'ug' -> b' dug'
  b' cl' + b'ay' -> b' clay'
  b' disco' + b'ver' -> b' discover'
  b' tom' + b'ato' -> b' tomato'
  b' P' + b'e' -> b' Pe'
  b' de' + b'ad' -> b' dead'
  b' find' + b'ing' -> b' finding'
  b' pol' + b'ice' -> b' police'
  b' wr' + b'ote' -> b' wrote'
  b' cl' + b'um' -> b' clum'
  b' ex' + b'am' -> b' exam'
  b'l' + b'ace' -> b'lace'
  b' wa' + b'ves' -> b' waves'
  b' squ' + b'are' -> b' square'
  b' hear' + b's' -> b' hears'
  b' cab' + b'in' -> b' cabin'
  b' tell' + b's' -> b' tells'
  b' neck' + b'lace' -> b' necklace'
  b' d' + b'ull' -> b' dull'
  b' clum' + b'sy' -> b' clumsy'
  b' toug' + b'h' -> b' tough'
  b' bubb' + b'les' -> b' bubbles'
  b' no' + b'sy' -> b' nosy'
  b'k' + b'n' -> b'kn'
  b' sear' + b'ched' -> b' searched'
  b'To' + b'gether' -> b'Together'
  b' was' + b'hed' -> b' washed'
  b' bath' + b'room' -> b' bathroom'
  b' paw' + b's' -> b' paws'
  b'bb' + b'y' -> b'bby'
  b'o' + b'nd' -> b'ond'
  b'un' + b'n' -> b'unn'
  b'an' + b'ged' -> b'anged'
  b' bo' + b'ard' -> b' board'
  b'f' + b'ic' -> b'fic'
  b'kn' + b'own' -> b'known'
  b' as' + b'king' -> b' asking'
  b' cra' + b'zy' -> b' crazy'
  b' thank' + b'ful' -> b' thankful'
  b' sun' + b'f' -> b' sunf'
  b' b' + b'itter' -> b' bitter'
  b'y' + b'al' -> b'yal'
  b' p' + b'ir' -> b' pir'
  b'ber' + b'ry' -> b'berry'
  b'al' + b'k' -> b'alk'
  b' ' + b'ind' -> b' ind'
  b' dif' + b'fic' -> b' diffic'
  b' ro' + b'se' -> b' rose'
  b'c' + b'il' -> b'cil'
  b' sw' + b'an' -> b' swan'
  b' bl' + b'oom' -> b' bloom'
  b' un' + b'known' -> b' unknown'
  b' E' + b'lla' -> b' Ella'
  b' cover' + b'ed' -> b' covered'
  b' diffic' + b'ult' -> b' difficult'
  b' a' + b'dd' -> b' add'
  b' pen' + b'cil' -> b' pencil'
  b' fing' + b'er' -> b' finger'
  b' ha' + b'm' -> b' ham'
  b' h' + b'oop' -> b' hoop'
  b' j' + b'et' -> b' jet'
  b' w' + b'itch' -> b' witch'
  b' dr' + b'op' -> b' drop'
  b'M' + b'e' -> b'Me'
  b' ' + b"'" -> b" '"
  b' chick' + b'en' -> b' chicken'
  b' gl' + b'oomy' -> b' gloomy'
  b'a' + b'pped' -> b'apped'
  b' lo' + b'yal' -> b' loyal'
  b'al' + b's' -> b'als'
  b'He' + b're' -> b'Here'
  b' we' + b'althy' -> b' wealthy'
  b'c' + b'om' -> b'com'
  b'l' + b'ight' -> b'light'
  b' un' + b'l' -> b' unl'
  b' cat' + b's' -> b' cats'
  b' end' + b'ing' -> b' ending'
  b' g' + b'uit' -> b' guit'
  b'b' + b'led' -> b'bled'
  b'sh' + b'ine' -> b'shine'
  b' do' + b've' -> b' dove'
  b' join' + b'ed' -> b' joined'
  b' c' + b'her' -> b' cher'
  b'an' + b'ut' -> b'anut'
  b' mo' + b'v' -> b' mov'
  b' terri' + b'ble' -> b' terrible'
  b' your' + b's' -> b' yours'
  b'i' + b'ant' -> b'iant'
  b' ' + b'U' -> b' U'
  b' R' + b'ex' -> b' Rex'
  b' sal' + b'ad' -> b' salad'
  b' And' + b'y' -> b' Andy'
  b' nut' + b's' -> b' nuts'
  b' r' + b'at' -> b' rat'
  b'g' + b'round' -> b'ground'
  b' t' + b'iger' -> b' tiger'
  b' pot' + b'ato' -> b' potato'
  b' m' + b'ask' -> b' mask'
  b'x' + b'ible' -> b'xible'
  b'se' + b'lves' -> b'selves'
  b' val' + b'ue' -> b' value'
  b' ch' + b'anged' -> b' changed'
  b' mo' + b'ving' -> b' moving'
  b' exc' + b'iting' -> b' exciting'
  b'orm' + b'ous' -> b'ormous'
  b' M' + b'any' -> b' Many'
  b' bo' + b'dy' -> b' body'
  b' T' + b'r' -> b' Tr'
  b' to' + b'ast' -> b' toast'
  b' rec' + b'ord' -> b' record'
  b'er' + b'p' -> b'erp'
  b' z' + b'ip' -> b' zip'
  b' dis' + b'g' -> b' disg'
  b' che' + b'ap' -> b' cheap'
  b' guit' + b'ar' -> b' guitar'
  b'irst' + b'y' -> b'irsty'
  b' know' + b'ing' -> b' knowing'
  b' advent' + b'ur' -> b' adventur'
  b' your' + b'self' -> b' yourself'
  b' en' + b'ormous' -> b' enormous'
  b' hair' + b'y' -> b' hairy'
  b'E' + b'very' -> b'Every'
  b' sho' + b'ot' -> b' shoot'
  b' Br' + b'own' -> b' Brown'
  b' bor' + b'ed' -> b' bored'
  b' pe' + b'pper' -> b' pepper'
  b' rem' + b'ind' -> b' remind'
  b'or' + b'y' -> b'ory'
  b'l' + b'and' -> b'land'
  b' ac' + b'orn' -> b' acorn'
  b' adventur' + b'ous' -> b' adventurous'
  b' sun' + b'shine' -> b' sunshine'
  b' small' + b'er' -> b' smaller'
  b' st' + b'uff' -> b' stuff'
  b' hat' + b's' -> b' hats'
  b' sol' + b've' -> b' solve'
  b' Jim' + b'my' -> b' Jimmy'
  b' fle' + b'xible' -> b' flexible'
  b' co' + b'st' -> b' cost'
  b'rill' + b'iant' -> b'rilliant'
  b' kn' + b'ife' -> b' knife'
  b' perf' + b'orm' -> b' perform'
  b' snack' + b's' -> b' snacks'
  b' nod' + b's' -> b' nods'
  b' sh' + b'ore' -> b' shore'
  b' b' + b'rilliant' -> b' brilliant'
  b' th' + b'irsty' -> b' thirsty'
  b' delic' + b'ate' -> b' delicate'
  b' fr' + b'own' -> b' frown'
  b' disg' + b'ust' -> b' disgust'
  b' coll' + b'ect' -> b' collect'
  b' st' + b'ri' -> b' stri'
  b' seed' + b's' -> b' seeds'
  b' count' + b'ed' -> b' counted'
  b' as' + b'leep' -> b' asleep'
  b' banan' + b'a' -> b' banana'
  b're' + b'en' -> b'reen'
  b' mail' + b'box' -> b' mailbox'
  b'in' + b'ess' -> b'iness'
  b' d' + b'ough' -> b' dough'
  b' tri' + b'ck' -> b' trick'
  b' neighb' + b'or' -> b' neighbor'
  b'ung' + b'le' -> b'ungle'
  b' he' + b'al' -> b' heal'
  b'l' + b'ive' -> b'live'
  b'Wh' + b'o' -> b'Who'
  b' st' + b'age' -> b' stage'
  b'id' + b'ent' -> b'ident'
  b' mark' + b'et' -> b' market'
  b' cu' + b'be' -> b' cube'
  b' st' + b'at' -> b' stat'
  b' j' + b'ungle' -> b' jungle'
  b' sque' + b'e' -> b' squee'
  b'mb' + b're' -> b'mbre'
  b' explain' + b'ed' -> b' explained'
  b'at' + b'es' -> b'ates'
  b' u' + b'mbre' -> b' umbre'
  b' disgust' + b'ing' -> b' disgusting'
  b'J' + b'im' -> b'Jim'
  b'f' + b'ted' -> b'fted'
  b' la' + b'b' -> b' lab'
  b' jo' + b'lly' -> b' jolly'
  b' fl' + b'ash' -> b' flash'
  b'u' + b'nd' -> b'und'
  b' fr' + b'idge' -> b' fridge'
  b'in' + b'al' -> b'inal'
  b'p' + b'id' -> b'pid'
  b'il' + b't' -> b'ilt'
  b' cr' + b'ane' -> b' crane'
  b'c' + b'orn' -> b'corn'
  b' s' + b'uit' -> b' suit'
  b' r' + b'h' -> b' rh'
  b'id' + b'dle' -> b'iddle'
  b' sunf' + b'lower' -> b' sunflower'
  b' t' + b'imes' -> b' times'
  b' A' + b'l' -> b' Al'
  b'erp' + b'ill' -> b'erpill'
  b' cat' + b'erpill' -> b' caterpill'
  b' rel' + b'ax' -> b' relax'
  b' sh' + b'iver' -> b' shiver'
  b' f' + b'our' -> b' four'
  b' is' + b'land' -> b' island'
  b'ig' + b'inal' -> b'iginal'
  b' h' + b'arm' -> b' harm'
  b'ic' + b't' -> b'ict'
  b' Wh' + b'ile' -> b' While'
  b'y' + b'ing' -> b'ying'
  b' stu' + b'pid' -> b' stupid'
  b' med' + b'ic' -> b' medic'
  b' In' + b'stead' -> b' Instead'
  b' com' + b'b' -> b' comb'
  b' g' + b'oose' -> b' goose'
  b' c' + b'ro' -> b' cro'
  b'ed' + b'ient' -> b'edient'
  b' W' + b'ill' -> b' Will'
  b' sto' + b've' -> b' stove'
  b'I' + b'f' -> b'If'
  b'A' + b're' -> b'Are'
  b' ind' + b'epend' -> b' independ'
  b'M' + b'um' -> b'Mum'
  b'm' + b'ost' -> b'most'
  b' spr' + b'ing' -> b' spring'
  b' g' + b'em' -> b' gem'
  b' bat' + b'ter' -> b' batter'
  b' s' + b'ighed' -> b' sighed'
  b' vegetable' + b's' -> b' vegetables'
  b' st' + b'ones' -> b' stones'
  b'p' + b'es' -> b'pes'
  b' sh' + b'ine' -> b' shine'
  b'H' + b'ow' -> b'How'
  b' medic' + b'ine' -> b' medicine'
  b' d' + b'epend' -> b' depend'
  b' r' + b'ug' -> b' rug'
  b' You' + b'r' -> b' Your'
  b' care' + b'less' -> b' careless'
  b' or' + b'iginal' -> b' original'
  b' st' + b'amp' -> b' stamp'
  b' g' + b'ar' -> b' gar'
  b' c' + b'ries' -> b' cries'
  b'In' + b'side' -> b'Inside'
  b'g' + b'u' -> b'gu'
  b' carrot' + b's' -> b' carrots'
  b' sc' + b'r' -> b' scr'
  b' success' + b'ful' -> b' successful'
  b' sa' + b'uce' -> b' sauce'
  b' je' + b'ep' -> b' jeep'
  b' pop' + b'corn' -> b' popcorn'
  b' me' + b'al' -> b' meal'
  b' ob' + b'edient' -> b' obedient'
  b' al' + b'most' -> b' almost'
  b' m' + b'iddle' -> b' middle'
  b' mag' + b'n' -> b' magn'
  b' stu' + b'dy' -> b' study'
  b' independ' + b'ent' -> b' independent'
  b' fear' + b'ful' -> b' fearful'
  b' j' + b'ack' -> b' jack'
  b'm' + b'et' -> b'met'
  b'ink' + b'y' -> b'inky'
  b'S' + b'orry' -> b'Sorry'
  b' Sam' + b'my' -> b' Sammy'
  b' e' + b'scape' -> b' escape'
  b' caterpill' + b'ar' -> b' caterpillar'
  b' ser' + b'ious' -> b' serious'
  b' pe' + b'anut' -> b' peanut'
  b' bed' + b'room' -> b' bedroom'
  b' eag' + b'er' -> b' eager'
  b'ak' + b'en' -> b'aken'
  b' get' + b's' -> b' gets'
  b' par' + b'rot' -> b' parrot'
  b' stat' + b'ue' -> b' statue'
  b' hel' + b'met' -> b' helmet'
  b' pe' + b'bb' -> b' pebb'
  b' ' + b'No' -> b' No'
  b' f' + b'ountain' -> b' fountain'
  b' ra' + b'ven' -> b' raven'
  b' an' + b'g' -> b' ang'
  b' past' + b'a' -> b' pasta'
  b' umbre' + b'lla' -> b' umbrella'
  b' comp' + b'et' -> b' compet'
  b'The' + b're' -> b'There'
  b' jack' + b'et' -> b' jacket'
  b' belong' + b'ed' -> b' belonged'
  b' de' + b'st' -> b' dest'
  b' fil' + b'thy' -> b' filthy'
  b' des' + b'ign' -> b' design'
  b' bor' + b'row' -> b' borrow'
  b' c' + b'am' -> b' cam'
  b'er' + b'able' -> b'erable'
  b' house' + b's' -> b' houses'
  b' pri' + b'ze' -> b' prize'
  b' h' + b'ay' -> b' hay'
  b' bra' + b'ce' -> b' brace'
  b' stand' + b'ing' -> b' standing'
  b' mis' + b'erable' -> b' miserable'
  b' r' + b'aced' -> b' raced'
  b' t' + b'aken' -> b' taken'
  b'ag' + b'es' -> b'ages'
  b' for' + b'k' -> b' fork'
  b' cray' + b'on' -> b' crayon'
  b' pain' + b'ting' -> b' painting'
  b'i' + b'o' -> b'io'
  b' tri' + b'ang' -> b' triang'
  b' impress' + b'ive' -> b' impressive'
  b' ch' + b'oose' -> b' choose'
  b' f' + b'ig' -> b' fig'
  b' t' + b'ied' -> b' tied'
  b'ia' + b'ble' -> b'iable'
  b' spot' + b'ted' -> b' spotted'
  b' li' + b'fted' -> b' lifted'
  b' sl' + b'ipped' -> b' slipped'
  b'our' + b's' -> b'ours'
  b' t' + b'ank' -> b' tank'
  b' thought' + b'ful' -> b' thoughtful'
  b' depend' + b'able' -> b' dependable'
  b' ste' + b'al' -> b' steal'
  b' gar' + b'age' -> b' garage'
  b'en' + b'ny' -> b'enny'
  b' bu' + b'ilt' -> b' built'
  b' mu' + b'sh' -> b' mush'
  b' ' + b'er' -> b' er'
  b'ip' + b'e' -> b'ipe'
  b' mo' + b'le' -> b' mole'
  b' craw' + b'led' -> b' crawled'
  b' sc' + b'ale' -> b' scale'
  b' boat' + b's' -> b' boats'
  b' p' + b'ian' -> b' pian'
  b' p' + b'ant' -> b' pant'
  b' ham' + b'mer' -> b' hammer'
  b' bott' + b'om' -> b' bottom'
  b'l' + b'ph' -> b'lph'
  b' cheer' + b'ful' -> b' cheerful'
  b' us' + b'ing' -> b' using'
  b' smo' + b'ke' -> b' smoke'
  b' pick' + b's' -> b' picks'
  b' mo' + b'der' -> b' moder'
  b'ber' + b'ries' -> b'berries'
  b' show' + b's' -> b' shows'
  b'r' + b'n' -> b'rn'
  b' pian' + b'o' -> b' piano'
  b' magn' + b'et' -> b' magnet'
  b'd' + b'ile' -> b'dile'
  b'co' + b'dile' -> b'codile'
  b' hurt' + b's' -> b' hurts'
  b'in' + b'ary' -> b'inary'
  b' re' + b'f' -> b' ref'
  b' cra' + b'ck' -> b' crack'
  b' en' + b'g' -> b' eng'
  b' a' + b'unt' -> b' aunt'
  b' mel' + b'on' -> b' melon'
  b' wa' + b'ff' -> b' waff'
  b' moder' + b'n' -> b' modern'
  b' do' + b'lph' -> b' dolph'
  b'unn' + b'el' -> b'unnel'
  b'c' + b'ream' -> b'cream'
  b'p' + b'ack' -> b'pack'
  b' t' + b'unnel' -> b' tunnel'
  b'o' + b'in' -> b'oin'
  b' ar' + b'row' -> b' arrow'
  b' rel' + b'iable' -> b' reliable'
  b' ho' + b'pping' -> b' hopping'
  b' mush' + b'room' -> b' mushroom'
  b' j' + b'ug' -> b' jug'
  b'Tim' + b'my' -> b'Timmy'
  b' squ' + b'ash' -> b' squash'
  b' g' + b'um' -> b' gum'
  b' s' + b'ink' -> b' sink'
  b' mov' + b'ie' -> b' movie'
  b' t' + b'ax' -> b' tax'
  b' fl' + b'ute' -> b' flute'
  b' be' + b'et' -> b' beet'
  b' le' + b'an' -> b' lean'
  b'The' + b'ir' -> b'Their'
  b'i' + b'v' -> b'iv'
  b' pop' + b'ular' -> b' popular'
  b'op' + b'ter' -> b'opter'
  b'ic' + b'opter' -> b'icopter'
  b' cry' + b'st' -> b' cryst'
  b' on' + b'es' -> b' ones'
  b' s' + b'il' -> b' sil'
  b' compet' + b'it' -> b' competit'
  b' hel' + b'icopter' -> b' helicopter'
  b'as' + b'er' -> b'aser'
  b' need' + b's' -> b' needs'
  b'ip' + b'op' -> b'ipop'
  b'll' + b'ipop' -> b'llipop'
  b' cro' + b'codile' -> b' crocodile'
  b' li' + b'z' -> b' liz'
  b'M' + b'olly' -> b'Molly'
  b' p' + b'ress' -> b' press'
  b' trou' + b'bled' -> b' troubled'
  b' pig' + b'e' -> b' pige'
  b' lo' + b'cked' -> b' locked'
  b' tri' + b'cks' -> b' tricks'
  b' lo' + b'llipop' -> b' lollipop'
  b' play' + b'ful' -> b' playful'
  b' hum' + b'ble' -> b' humble'
  b' tax' + b'i' -> b' taxi'
  b' kiss' + b'ed' -> b' kissed'
  b' l' + b'ow' -> b' low'
  b'a' + b'ppy' -> b'appy'
  b'com' + b'fortable' -> b'comfortable'
  b'am' + b'ond' -> b'amond'
  b' un' + b'comfortable' -> b' uncomfortable'
  b' r' + b'id' -> b' rid'
  b'h' + b'ost' -> b'host'
  b' wa' + b'nder' -> b' wander'
  b'at' + b'ch' -> b'atch'
  b' ang' + b'el' -> b' angel'
  b'ed' + b'y' -> b'edy'
  b'c' + b'les' -> b'cles'
  b' to' + b'rn' -> b' torn'
  b' gra' + b'ce' -> b' grace'
  b' an' + b'x' -> b' anx'
  b' wra' + b'pped' -> b' wrapped'
  b' mu' + b'ff' -> b' muff'
  b' tw' + b'ig' -> b' twig'
  b' pant' + b's' -> b' pants'
  b' disapp' + b'oin' -> b' disappoin'
  b' S' + b'n' -> b' Sn'
  b' help' + b's' -> b' helps'
  b' di' + b'amond' -> b' diamond'
  b' cam' + b'era' -> b' camera'
  b'at' + b'ter' -> b'atter'
  b'ot' + b'o' -> b'oto'
  b' anx' + b'ious' -> b' anxious'
  b' g' + b'host' -> b' ghost'
  b' te' + b'ars' -> b' tears'
  b' ru' + b'ined' -> b' ruined'
  b'c' + b'ident' -> b'cident'
  b' Jen' + b'ny' -> b' Jenny'
  b'il' + b'ty' -> b'ilty'
  b' qu' + b'ar' -> b' quar'
  b'a' + b'ff' -> b'aff'
  b' E' + b'ven' -> b' Even'
  b' f' + b'is' -> b' fis'
  b'op' + b'l' -> b'opl'
  b' bel' + b't' -> b' belt'
  b'er' + b'opl' -> b'eropl'
  b' en' + b'v' -> b' env'
  b' gu' + b'ilty' -> b' guilty'
  b' b' + b'ull' -> b' bull'
  b' a' + b'eropl' -> b' aeropl'
  b' help' + b'less' -> b' helpless'
  b' happ' + b'iness' -> b' happiness'
  b' liz' + b'ard' -> b' lizard'
  b' boy' + b's' -> b' boys'
  b'c' + b'ut' -> b'cut'
  b'ex' + b't' -> b'ext'
  b' c' + b'ere' -> b' cere'
  b' walk' + b's' -> b' walks'
  b'ce' + b'an' -> b'cean'
  b' pass' + b'ed' -> b' passed'
  b' me' + b'ant' -> b' meant'
  b' o' + b'cean' -> b' ocean'
  b' fl' + b'uffy' -> b' fluffy'
  b' w' + b'ire' -> b' wire'
  b' n' + b'ail' -> b' nail'
  b' brace' + b'let' -> b' bracelet'
  b' de' + b'af' -> b' deaf'
  b'z' + b'ed' -> b'zed'
  b' stret' + b'ch' -> b' stretch'
  b' cand' + b'le' -> b' candle'
  b' ca' + b'ct' -> b' cact'
  b't' + b't' -> b'tt'
  b' beet' + b'le' -> b' beetle'
  b' m' + b'op' -> b' mop'
  b' harm' + b'less' -> b' harmless'
  b'ump' + b'et' -> b'umpet'
  b' ord' + b'inary' -> b' ordinary'
  b' answ' + b'ered' -> b' answered'
  b' coll' + b'ar' -> b' collar'
  b' c' + b'op' -> b' cop'
  b' be' + b'es' -> b' bees'
  b' t' + b'ire' -> b' tire'
  b' sh' + b'ape' -> b' shape'
  b' quar' + b'rel' -> b' quarrel'
  b' rad' + b'io' -> b' radio'
  b' flash' + b'light' -> b' flashlight'
  b' cryst' + b'al' -> b' crystal'
  b' hard' + b'er' -> b' harder'
  b' pour' + b'ed' -> b' poured'
  b' tr' + b'umpet' -> b' trumpet'
  b' eng' + b'ine' -> b' engine'
  b'M' + b'ama' -> b'Mama'
  b' pers' + b'ist' -> b' persist'
  b' h' + b'unt' -> b' hunt'
  b' to' + b'oth' -> b' tooth'
  b' cere' + b'al' -> b' cereal'
  b' inv' + b'ited' -> b' invited'
  b' comp' + b'ut' -> b' comput'
  b' t' + b'ag' -> b' tag'
  b' off' + b'ice' -> b' office'
  b' m' + b'elt' -> b' melt'
  b' sp' + b'ill' -> b' spill'
  b' ch' + b'arm' -> b' charm'
  b'co' + b'a' -> b'coa'
  b' l' + b'it' -> b' lit'
  b' sco' + b'ot' -> b' scoot'
  b' c' + b'omet' -> b' comet'
  b' triang' + b'le' -> b' triangle'
  b'ie' + b'f' -> b'ief'
  b' m' + b'ug' -> b' mug'
  b' re' + b'p' -> b' rep'
  b'u' + b'be' -> b'ube'
  b' yog' + b'urt' -> b' yogurt'
  b' sp' + b'end' -> b' spend'
  b' comp' + b'ass' -> b' compass'
  b' ac' + b'cident' -> b' accident'
  b' sh' + b'ade' -> b' shade'
  b'he' + b'tt' -> b'hett'
  b'ag' + b'hett' -> b'aghett'
  b'aghett' + b'i' -> b'aghetti'
  b' disappoin' + b'ted' -> b' disappointed'
  b' li' + b'cked' -> b' licked'
  b' cact' + b'us' -> b' cactus'
  b' pa' + b'le' -> b' pale'
  b' c' + b'ush' -> b' cush'
  b' fig' + b'ure' -> b' figure'
  b' reg' + b'ular' -> b' regular'
  b' gi' + b'ving' -> b' giving'
  b' av' + b'oc' -> b' avoc'
  b' pr' + b'o' -> b' pro'
  b' she' + b'et' -> b' sheet'
  b' whisp' + b'ered' -> b' whispered'
  b'az' + b'e' -> b'aze'
  b'ut' + b'h' -> b'uth'
  b'ell' + b'ig' -> b'ellig'
  b' cre' + b'ate' -> b' create'
  b' bar' + b'ber' -> b' barber'
  b' int' + b'ellig' -> b' intellig'
  b' p' + b'ipe' -> b' pipe'
  b' ro' + b'de' -> b' rode'
  b' r' + b'oof' -> b' roof'
  b'J' + b'ane' -> b'Jane'
  b' th' + b'read' -> b' thread'
  b'it' + b'her' -> b'ither'
  b' v' + b'i' -> b' vi'
  b' lo' + b'ad' -> b' load'
  b' li' + b'br' -> b' libr'
  b' gif' + b'ted' -> b' gifted'
  b'c' + b'col' -> b'ccol'
  b' pract' + b'iced' -> b' practiced'
  b' del' + b'ight' -> b' delight'
  b'ccol' + b'i' -> b'ccoli'
  b' har' + b'sh' -> b' harsh'
  b'as' + b'ses' -> b'asses'
  b' p' + b'ow' -> b' pow'
  b' d' + b'ust' -> b' dust'
  b' Tr' + b'ue' -> b' True'
  b' b' + b'icy' -> b' bicy'
  b'az' + b'z' -> b'azz'
  b' sp' + b'aghetti' -> b' spaghetti'
  b' compass' + b'ion' -> b' compassion'
  b' sa' + b'iled' -> b' sailed'
  b'ur' + b'key' -> b'urkey'
  b'u' + b'bby' -> b'ubby'
  b' for' + b'ward' -> b' forward'
  b' persist' + b'ent' -> b' persistent'
  b' spe' + b'ed' -> b' speed'
  b' m' + b'itten' -> b' mitten'
  b' co' + b'coa' -> b' cocoa'
  b' en' + b'vel' -> b' envel'
  b' quest' + b'ions' -> b' questions'
  b' comput' + b'er' -> b' computer'
  b' c' + b'oo' -> b' coo'
  b' feather' + b's' -> b' feathers'
  b'h' + b'ip' -> b'hip'
  b' gl' + b'ove' -> b' glove'
  b'g' + b'ing' -> b'ging'
  b'Bob' + b'o' -> b'Bobo'
  b' ri' + b'ce' -> b' rice'
  b' shr' + b'imp' -> b' shrimp'
  b' des' + b'k' -> b' desk'
  b' st' + b'ream' -> b' stream'
  b' in' + b'se' -> b' inse'
  b' pige' + b'on' -> b' pigeon'
  b' charm' + b'ing' -> b' charming'
  b' ear' + b's' -> b' ears'
  b' car' + b'p' -> b' carp'
  b'lc' + b'an' -> b'lcan'
  b' ra' + b'ft' -> b' raft'
  b' env' + b'ious' -> b' envious'
  b' kn' + b'ot' -> b' knot'
  b' t' + b'urkey' -> b' turkey'
  b' strong' + b'er' -> b' stronger'
  b'om' + b'es' -> b'omes'
  b' co' + b'ins' -> b' coins'
  b' t' + b'ap' -> b' tap'
  b'lcan' + b'o' -> b'lcano'
  b'we' + b'et' -> b'weet'
  b' tra' + b'p' -> b' trap'
  b'umb' + b'ers' -> b'umbers'
  b' aeropl' + b'ane' -> b' aeroplane'
  b' tr' + b'unk' -> b' trunk'
  b' whe' + b'at' -> b' wheat'
  b' box' + b'es' -> b' boxes'
  b' ch' + b'ubby' -> b' chubby'
  b' carp' + b'et' -> b' carpet'
  b' rest' + b'less' -> b' restless'
  b' intellig' + b'ent' -> b' intelligent'
  b' t' + b'ube' -> b' tube'
  b' sp' + b'un' -> b' spun'
  b' dream' + b's' -> b' dreams'
  b' friends' + b'hip' -> b' friendship'
  b'ul' + b'if' -> b'ulif'
  b'ol' + b'in' -> b'olin'
  b' ha' + b'lf' -> b' half'
  b' loo' + b'p' -> b' loop'
  b' craw' + b'l' -> b' crawl'
  b' bro' + b'ccoli' -> b' broccoli'
  b' on' + b'ion' -> b' onion'
  b' del' + b'iver' -> b' deliver'
  b'an' + b'ger' -> b'anger'
  b' ac' + b'ce' -> b' acce'
  b' v' + b'ide' -> b' vide'
  b' vo' + b'lcano' -> b' volcano'
  b' J' + b'ake' -> b' Jake'
  b' s' + b'le' -> b' sle'
  b' tra' + b'ck' -> b' track'
  b' b' + b'ri' -> b' bri'
  b' ca' + b'ulif' -> b' caulif'
  b' v' + b'ine' -> b' vine'
  b'y' + b'e' -> b'ye'
  b' tick' + b'et' -> b' ticket'
  b' th' + b'ief' -> b' thief'
  b'ess' + b'ie' -> b'essie'
  b'cy' + b'cle' -> b'cycle'
  b' loud' + b'er' -> b' louder'
  b' inse' + b'ct' -> b' insect'
  b' n' + b'umbers' -> b' numbers'
  b'as' + b'ing' -> b'asing'
  b' y' + b'aw' -> b' yaw'
  b' hair' + b'cut' -> b' haircut'
  b'it' + b'al' -> b'ital'
  b' sleep' + b'ing' -> b' sleeping'
  b' m' + b'ill' -> b' mill'
  b' e' + b'ventually' -> b' eventually'
  b' al' + b'ert' -> b' alert'
  b' exc' + b'ite' -> b' excite'
  b' pebb' + b'le' -> b' pebble'
  b' ho' + b'sp' -> b' hosp'
  b' att' + b'ract' -> b' attract'
  b' plan' + b'et' -> b' planet'
  b' To' + b'day' -> b' Today'
  b' un' + b'iver' -> b' univer'
  b'is' + b'ted' -> b'isted'
  b'ul' + b'u' -> b'ulu'
  b' hosp' + b'ital' -> b' hospital'
  b' er' + b'aser' -> b' eraser'
  b' return' + b'ed' -> b' returned'
  b' dest' + b'ro' -> b' destro'
  b' grace' + b'ful' -> b' graceful'
  b' happen' + b'ing' -> b' happening'
  b'ac' + b'he' -> b'ache'
  b' O' + b'K' -> b' OK'
  b' Em' + b'ily' -> b' Emily'
  b' dec' + b'ide' -> b' decide'
  b' learn' + b'ing' -> b' learning'
  b' sc' + b'reen' -> b' screen'
  b'rew' + b'ork' -> b'rework'
  b' nice' + b'ly' -> b' nicely'
  b' le' + b'op' -> b' leop'
  b' caulif' + b'lower' -> b' cauliflower'
  b' competit' + b'ive' -> b' competitive'
  b' po' + b'em' -> b' poem'
  b' celebr' + b'ate' -> b' celebrate'
  b' c' + b'urt' -> b' curt'
  b' pe' + b'ach' -> b' peach'
  b' sold' + b'ier' -> b' soldier'
  b' sa' + b'us' -> b' saus'
  b' par' + b'ade' -> b' parade'
  b'at' + b'ient' -> b'atient'
  b' attract' + b'ive' -> b' attractive'
  b' curt' + b'ain' -> b' curtain'
  b' dolph' + b'in' -> b' dolphin'
  b' b' + b'ase' -> b' base'
  b' vi' + b'olin' -> b' violin'
  b' way' + b's' -> b' ways'
  b'G' + b'o' -> b'Go'
  b'at' + b's' -> b'ats'
  b' tra' + b'vel' -> b' travel'
  b't' + b'en' -> b'ten'
  b' ro' + b'd' -> b' rod'
  b' ignor' + b'ant' -> b' ignorant'
  b'ul' + b'b' -> b'ulb'
  b' wheel' + b's' -> b' wheels'
  b' y' + b'ach' -> b' yach'
  b' sc' + b'atter' -> b' scatter'
  b' d' + b'eter' -> b' deter'
  b' compassion' + b'ate' -> b' compassionate'
  b' bar' + b'rel' -> b' barrel'
  b' envel' + b'ope' -> b' envelope'
  b' bubb' + b'le' -> b' bubble'
  b' l' + b'ying' -> b' lying'
  b' fi' + b'rework' -> b' firework'
  b' sor' + b't' -> b' sort'
  b' quest' + b'ion' -> b' question'
  b'z' + b'zy' -> b'zzy'
  b' P' + b'ipp' -> b' Pipp'
  b' scoot' + b'er' -> b' scooter'
  b' deter' + b'm' -> b' determ'
  b' r' + b'ag' -> b' rag'
  b' th' + b'u' -> b' thu'
  b' bicy' + b'cle' -> b' bicycle'
  b'el' + b'ery' -> b'elery'
  b' need' + b'le' -> b' needle'
  b' F' + b'r' -> b' Fr'
  b' ju' + b'dge' -> b' judge'
  b' b' + b'ulb' -> b' bulb'
  b' leop' + b'ard' -> b' leopard'
  b' te' + b'm' -> b' tem'
  b' yach' + b't' -> b' yacht'
  b' p' + b'ony' -> b' pony'
  b' cri' + b'cket' -> b' cricket'
  b' or' + b'der' -> b' order'
  b' h' + b'omes' -> b' homes'
  b' ad' + b'or' -> b' ador'
  b'ter' + b'n' -> b'tern'
  b' tr' + b'uth' -> b' truth'
  b' h' + b'ook' -> b' hook'
  b'd' + b'om' -> b'dom'
  b' ru' + b'bbed' -> b' rubbed'
  b'et' + b'e' -> b'ete'
  b'ig' + b'ator' -> b'igator'
  b' bus' + b'hes' -> b' bushes'
  b'Sara' + b'h' -> b'Sarah'
  b' un' + b'cle' -> b' uncle'
  b' cush' + b'ion' -> b' cushion'
  b' sp' + b'ell' -> b' spell'
  b' gr' + b'own' -> b' grown'
  b' coo' + b'ked' -> b' cooked'
  b' ador' + b'able' -> b' adorable'
  b' ch' + b'alk' -> b' chalk'
  b' so' + b'ar' -> b' soar'
  b' p' + b'urse' -> b' purse'
  b' sk' + b'in' -> b' skin'
  b' them' + b'selves' -> b' themselves'
  b' imp' + b'atient' -> b' impatient'
  b' c' + b'elery' -> b' celery'
  b' tr' + b'ay' -> b' tray'
  b' shell' + b's' -> b' shells'
  b' pen' + b'gu' -> b' pengu'
  b' sn' + b'iff' -> b' sniff'
  b' pr' + b'un' -> b' prun'
  b' wall' + b's' -> b' walls'
  b' se' + b'al' -> b' seal'
  b' live' + b'ly' -> b' lively'
  b' c' + b'ase' -> b' case'
  b' all' + b'igator' -> b' alligator'
  b' dist' + b'ant' -> b' distant'
  b' rad' + b'ish' -> b' radish'
  b' say' + b'ing' -> b' saying'
  b' spe' + b'ak' -> b' speak'
  b' motor' + b'cycle' -> b' motorcycle'
  b' me' + b'at' -> b' meat'
  b' s' + b'end' -> b' send'
  b'ill' + b'a' -> b'illa'
  b' spin' + b'ning' -> b' spinning'
  b' for' + b'th' -> b' forth'
  b' count' + b'ing' -> b' counting'
  b' ent' + b'h' -> b' enth'
  b' boun' + b'ced' -> b' bounced'
  b' ch' + b'ain' -> b' chain'
  b' ' + b'ed' -> b' ed'
  b' clean' + b'ing' -> b' cleaning'
  b'eb' + b'ra' -> b'ebra'
  b' fil' + b'm' -> b' film'
  b' sle' + b'pt' -> b' slept'
  b' p' + b'it' -> b' pit'
  b' sur' + b'f' -> b' surf'
  b' mar' + b'ry' -> b' marry'
  b'us' + b'ia' -> b'usia'
  b' wall' + b'et' -> b' wallet'
  b' enth' + b'usia' -> b' enthusia'
  b' met' + b'al' -> b' metal'
  b'ur' + b'b' -> b'urb'
  b'eb' + b'ook' -> b'ebook'
  b' b' + b'in' -> b' bin'
  b' we' + b'ek' -> b' week'
  b' not' + b'ebook' -> b' notebook'
  b' wip' + b'ed' -> b' wiped'
  b' sk' + b'ip' -> b' skip'
  b'is' + b'ion' -> b'ision'
  b'ch' + b'air' -> b'chair'
  b' big' + b'gest' -> b' biggest'
  b' imp' + b'ro' -> b' impro'
  b' avoc' + b'ado' -> b' avocado'
  b' beh' + b'ave' -> b' behave'
  b' destro' + b'y' -> b' destroy'
  b'v' + b'ator' -> b'vator'
  b' band' + b'age' -> b' bandage'
  b' laugh' + b's' -> b' laughs'
  b' ste' + b'ak' -> b' steak'
  b' pat' + b'tern' -> b' pattern'
  b' S' + b'h' -> b' Sh'
  b' po' + b'st' -> b' post'
  b' ele' + b'vator' -> b' elevator'
  b' Bu' + b'zz' -> b' Buzz'
  b'us' + b'ie' -> b'usie'
  b' d' + b'ive' -> b' dive'
  b' sh' + b'ut' -> b' shut'
  b' sk' + b'ipped' -> b' skipped'
  b' unl' + b'ock' -> b' unlock'
  b' di' + b'ary' -> b' diary'
  b'de' + b'st' -> b'dest'
  b'j' + b'ect' -> b'ject'
  b' z' + b'ebra' -> b' zebra'
  b' bag' + b's' -> b' bags'
  b'at' + b'ing' -> b'ating'
  b' arm' + b'chair' -> b' armchair'
  b'ra' + b'ge' -> b'rage'
  b'ag' + b'ed' -> b'aged'
  b' dist' + b'urb' -> b' disturb'
  b' o' + b'y' -> b' oy'
  b' po' + b'le' -> b' pole'
  b' show' + b'ing' -> b' showing'
  b' gather' + b'ed' -> b' gathered'
  b' cl' + b'ub' -> b' club'
  b' n' + b'urse' -> b' nurse'
  b'b' + b'ul' -> b'bul'
  b' ear' + b'th' -> b' earth'
  b' en' + b'c' -> b' enc'
  b' str' + b'anger' -> b' stranger'
  b' swe' + b'ater' -> b' sweater'
  b' jelly' + b'fish' -> b' jellyfish'
  b' sc' + b'rew' -> b' screw'
  b' tem' + b'p' -> b' temp'
  b' P' + b'oppy' -> b' Poppy'
  b' com' + b'pl' -> b' compl'
  b' mix' + b'er' -> b' mixer'
  b'G' + b'ive' -> b'Give'
  b' sk' + b'ull' -> b' skull'
  b' l' + b'ime' -> b' lime'
  b' b' + b'ump' -> b' bump'
  b'bul' + b'ance' -> b'bulance'
  b' am' + b'bulance' -> b' ambulance'
  b'n' + b'am' -> b'nam'
  b' f' + b'ather' -> b' father'
  b' journ' + b'al' -> b' journal'
  b'G' + b'ra' -> b'Gra'
  b' loud' + b'ly' -> b' loudly'
  b'it' + b'o' -> b'ito'
  b' fold' + b'er' -> b' folder'
  b' sh' + b'ield' -> b' shield'
  b' B' + b'et' -> b' Bet'
  b' L' + b'ulu' -> b' Lulu'
  b' libr' + b'ary' -> b' library'
  b' P' + b'eter' -> b' Peter'
  b' button' + b's' -> b' buttons'
  b' play' + b'ground' -> b' playground'
  b' truck' + b's' -> b' trucks'
  b' in' + b'k' -> b' ink'
  b' light' + b's' -> b' lights'
  b' t' + b'ummy' -> b' tummy'
  b' poin' + b'ting' -> b' pointing'
  b' c' + b'ity' -> b' city'
  b' decor' + b'ate' -> b' decorate'
  b' st' + b'ation' -> b' station'
  b'ir' + b'it' -> b'irit'
  b' pre' + b'p' -> b' prep'
  b' fall' + b's' -> b' falls'
  b'qu' + b'ito' -> b'quito'
  b' P' + b'olly' -> b' Polly'
  b'B' + b'illy' -> b'Billy'
  b' f' + b'u' -> b' fu'
  b' F' + b'o' -> b' Fo'
  b'ent' + b'ion' -> b'ention'
  b'n' + b'ger' -> b'nger'
  b' Bird' + b'y' -> b' Birdy'
  b'l' + b'ies' -> b'lies'
  b' her' + b'b' -> b' herb'
  b'nam' + b'ent' -> b'nament'
  b' or' + b'nament' -> b' ornament'
  b' mo' + b'dest' -> b' modest'
  b' gu' + b'ard' -> b' guard'
  b' mo' + b's' -> b' mos'
  b' know' + b's' -> b' knows'
  b' c' + b'ord' -> b' cord'
  b' pol' + b'ish' -> b' polish'
  b' mar' + b'ble' -> b' marble'
  b'ob' + b'y' -> b'oby'
  b' mos' + b'quito' -> b' mosquito'
  b'umb' + b'led' -> b'umbled'
  b' sal' + b't' -> b' salt'
  b' att' + b'ic' -> b' attic'
  b' when' + b'ever' -> b' whenever'
  b' ve' + b'st' -> b' vest'
  b'ct' + b'op' -> b'ctop'
  b' res' + b'c' -> b' resc'
  b' y' + b'et' -> b' yet'
  b' p' + b'le' -> b' ple'
  b' disapp' + b'eared' -> b' disappeared'
  b'ce' + b'ed' -> b'ceed'
  b' straw' + b'berry' -> b' strawberry'
  b' on' + b'ce' -> b' once'
  b' M' + b'um' -> b' Mum'
  b' k' + b'ay' -> b' kay'
  b' brother' + b's' -> b' brothers'
  b' it' + b'ch' -> b' itch'
  b' pir' + b'ate' -> b' pirate'
  b' foot' + b'ball' -> b' football'
  b' spl' + b'it' -> b' split'
  b'ke' + b'le' -> b'kele'
  b'kele' + b'ton' -> b'keleton'
  b' h' + b'ipp' -> b' hipp'
  b' a' + b'ut' -> b' aut'
  b' l' + b'ed' -> b' led'
  b'ur' + b'ing' -> b'uring'
  b'ctop' + b'us' -> b'ctopus'
  b' dri' + b'ving' -> b' driving'
  b' c' + b'able' -> b' cable'
  b' supp' + b'ort' -> b' support'
  b' call' + b'ing' -> b' calling'
  b' cup' + b'board' -> b' cupboard'
  b'ak' + b'y' -> b'aky'
  b'us' + b'hed' -> b'ushed'
  b' wis' + b'hes' -> b' wishes'
  b' comp' + b'let' -> b' complet'
  b' tri' + b'pped' -> b' tripped'
  b' ro' + b'ot' -> b' root'
  b' kay' + b'ak' -> b' kayak'
  b' o' + b'ctopus' -> b' octopus'
  b'ob' + b'ile' -> b'obile'
  b' a' + b'dded' -> b' added'
  b' ed' + b'ge' -> b' edge'
  b' m' + b'ild' -> b' mild'
  b'st' + b'ic' -> b'stic'
  b' determ' + b'ined' -> b' determined'
  b' suc' + b'ceed' -> b' succeed'
  b'?"' + b'.' -> b'?".'
  b' read' + b'ing' -> b' reading'
  b'om' + b'obile' -> b'omobile'
  b' co' + b'al' -> b' coal'
  b'W' + b'ell' -> b'Well'
  b'g' + b'l' -> b'gl'
  b'ut' + b'es' -> b'utes'
  b'p' + b'ar' -> b'par'
  b' sug' + b'gest' -> b' suggest'
  b' st' + b'ack' -> b' stack'
  b' thu' + b'nder' -> b' thunder'
  b' kind' + b'ness' -> b' kindness'
  b' aut' + b'omobile' -> b' automobile'
  b' compl' + b'ain' -> b' complain'
  b' enthusia' + b'stic' -> b' enthusiastic'
  b' snee' + b'ze' -> b' sneeze'
  b' cart' + b'oon' -> b' cartoon'
  b' yog' + b'a' -> b' yoga'
  b' L' + b'ittle' -> b' Little'
  b' gr' + b'owl' -> b' growl'
  b'ht' + b'ub' -> b'htub'
  b' fle' + b'a' -> b' flea'
  b'l' + b'a' -> b'la'
  b' me' + b'adow' -> b' meadow'
  b' draw' + b'er' -> b' drawer'
  b' bat' + b'htub' -> b' bathtub'
  b' ri' + b'bb' -> b' ribb'
  b'oph' + b'one' -> b'ophone'
  b' mean' + b's' -> b' means'
  b' ha' + b'll' -> b' hall'
  b' go' + b'lf' -> b' golf'
  b' s' + b'keleton' -> b' skeleton'
  b' m' + b'ath' -> b' math'
  b' ve' + b'il' -> b' veil'
  b' hunt' + b'er' -> b' hunter'
  b' g' + b'or' -> b' gor'
  b' fl' + b'ame' -> b' flame'
  b' po' + b'ke' -> b' poke'
  b' vide' + b'o' -> b' video'
  b' che' + b'ss' -> b' chess'
  b' tr' + b'oph' -> b' troph'
  b' cup' + b's' -> b' cups'
  b' glow' + b'ing' -> b' glowing'
  b' mat' + b't' -> b' matt'
  b' oy' + b'ster' -> b' oyster'
  b'w' + b'ork' -> b'work'
  b' pen' + b'ny' -> b' penny'
  b' sp' + b'ear' -> b' spear'
  b' it' + b'self' -> b' itself'
  b' draw' + b'ings' -> b' drawings'
  b' hipp' + b'o' -> b' hippo'
  b' rep' + b'air' -> b' repair'
  b' sw' + b'itch' -> b' switch'
  b'gl' + b'asses' -> b'glasses'
  b' sun' + b'glasses' -> b' sunglasses'
  b' tele' + b'ph' -> b' teleph'
  b' cost' + b'ume' -> b' costume'
  b' d' + b'ess' -> b' dess'
  b' z' + b'ipp' -> b' zipp'
  b',' + b'\xe2\x80\x9d' -> b',\xe2\x80\x9d'
  b' re' + b'pe' -> b' repe'
  b' muff' + b'in' -> b' muffin'
  b' ar' + b'g' -> b' arg'
  b' past' + b'ry' -> b' pastry'
  b' p' + b'un' -> b' pun'
  b' roll' + b'ing' -> b' rolling'
  b' min' + b'utes' -> b' minutes'
  b' pa' + b'cked' -> b' packed'
  b' make' + b'up' -> b' makeup'
  b'ir' + b'on' -> b'iron'
  b'ri' + b'c' -> b'ric'
  b' Pe' + b'ople' -> b' People'
  b' waff' + b'le' -> b' waffle'
  b'c' + b'ase' -> b'case'
  b' hand' + b'le' -> b' handle'
  b' pe' + b'ar' -> b' pear'
  b' m' + b'aze' -> b' maze'
  b' teleph' + b'one' -> b' telephone'
  b' p' + b'ine' -> b' pine'
  b'a' + b'it' -> b'ait'
  b' g' + b'ear' -> b' gear'
  b' he' + b'dge' -> b' hedge'
  b' matt' + b'ress' -> b' mattress'
  b' pack' + b'age' -> b' package'
  b'a' + b'ving' -> b'aving'
  b' M' + b'iss' -> b' Miss'
  b' sho' + b'cked' -> b' shocked'
  b'in' + b'es' -> b'ines'
  b' troph' + b'y' -> b' trophy'
  b' pow' + b'der' -> b' powder'
  b' kn' + b'ight' -> b' knight'
  b' c' + b'ob' -> b' cob'
  b' miss' + b'ile' -> b' missile'
  b' man' + b'aged' -> b' managed'
  b' fr' + b'ame' -> b' frame'
  b' enc' + b'ou' -> b' encou'
  b' w' + b'ife' -> b' wife'
  b' o' + b'k' -> b' ok'
  b' se' + b'par' -> b' separ'
  b'w' + b'eb' -> b'web'
  b' st' + b'airs' -> b' stairs'
  b' r' + b'ot' -> b' rot'
  b' c' + b'amp' -> b' camp'
  b'ur' + b'ch' -> b'urch'
  b'r' + b'ophone' -> b'rophone'
  b' mag' + b'az' -> b' magaz'
  b' str' + b'ugg' -> b' strugg'
  b' col' + b'our' -> b' colour'
  b' gra' + b'pes' -> b' grapes'
  b't' + b'ime' -> b'time'
  b' f' + b'ile' -> b' file'
  b'he' + b'ad' -> b'head'
  b' T' + b'ina' -> b' Tina'
  b' basket' + b'ball' -> b' basketball'
  b'B' + b'ye' -> b'Bye'
  b'o' + b'ld' -> b'old'
  b'p' + b'er' -> b'per'
  b' cob' + b'web' -> b' cobweb'
  b'R' + b'e' -> b'Re'
  b'Jim' + b'my' -> b'Jimmy'
  b' T' + b'weet' -> b' Tweet'
  b'S' + b'ee' -> b'See'
  b' per' + b'm' -> b' perm'
  b' w' + b'ool' -> b' wool'
  b' D' + b'an' -> b' Dan'
  b' mic' + b'rophone' -> b' microphone'
  b'es' + b'day' -> b'esday'
  b' ey' + b'e' -> b' eye'
  b' le' + b'ash' -> b' leash'
  b' g' + b'asp' -> b' gasp'
  b'ie' + b'w' -> b'iew'
  b'ke' + b'ep' -> b'keep'
  b' we' + b'ep' -> b' weep'
  b' bark' + b'ing' -> b' barking'
  b'at' + b'ure' -> b'ature'
  b' saf' + b'ely' -> b' safely'
  b' te' + b'ar' -> b' tear'
  b' v' + b'iew' -> b' view'
  b'f' + b'fe' -> b'ffe'
  b' slid' + b'es' -> b' slides'
  b' step' + b's' -> b' steps'
  b'ist' + b'ol' -> b'istol'
  b'ffe' + b'e' -> b'ffee'
  b' banan' + b'as' -> b' bananas'
  b' st' + b'aff' -> b' staff'
  b' sp' + b'irit' -> b' spirit'
  b' t' + b'ask' -> b' task'
  b' gigg' + b'led' -> b' giggled'
  b' ho' + b'c' -> b' hoc'
  b' hoc' + b'key' -> b' hockey'
  b' ve' + b'nd' -> b' vend'
  b' th' + b'ose' -> b' those'
  b' gor' + b'illa' -> b' gorilla'
  b'J' + b'ill' -> b'Jill'
  b' cool' + b'er' -> b' cooler'
  b' R' + b'ose' -> b' Rose'
  b'w' + b'as' -> b'was'
  b'c' + b'ing' -> b'cing'
  b' ear' + b'ly' -> b' early'
  b' mar' + b'ched' -> b' marched'
  b'ro' + b'sc' -> b'rosc'
  b' min' + b't' -> b' mint'
  b' L' + b'ook' -> b' Look'
  b'was' + b'her' -> b'washer'
  b' fl' + b'our' -> b' flour'
  b' hot' + b'el' -> b' hotel'
  b'h' + b'ic' -> b'hic'
  b' sail' + b'or' -> b' sailor'
  b' dess' + b'ert' -> b' dessert'
  b' ph' + b'oto' -> b' photo'
  b'rosc' + b'ope' -> b'roscope'
  b' ve' + b'hic' -> b' vehic'
  b'il' + b'ot' -> b'ilot'
  b' of' + b'ten' -> b' often'
  b' ch' + b'urch' -> b' church'
  b' P' + b'ete' -> b' Pete'
  b' cook' + b'ing' -> b' cooking'
  b' rem' + b'ain' -> b' remain'
  b' f' + b'ive' -> b' five'
  b' saus' + b'age' -> b' sausage'
  b'ot' + b'ter' -> b'otter'
  b' t' + b'en' -> b' ten'
  b' tool' + b's' -> b' tools'
  b' med' + b'al' -> b' medal'
  b' e' + b'ither' -> b' either'
  b' fire' + b'man' -> b' fireman'
  b'ch' + b'or' -> b'chor'
  b' gra' + b'ndpa' -> b' grandpa'
  b' ' + b'otter' -> b' otter'
  b' base' + b'ball' -> b' baseball'
  b' pretend' + b'ing' -> b' pretending'
  b' p' + b'istol' -> b' pistol'
  b' dish' + b'washer' -> b' dishwasher'
  b' re' + b'ver' -> b' rever'
  b' organ' + b'ize' -> b' organize'
  b' pe' + b'e' -> b' pee'
  b' vend' + b'or' -> b' vendor'
  b' kn' + b'ock' -> b' knock'
  b' s' + b'ight' -> b' sight'
  b' g' + b'rill' -> b' grill'
  b' temp' + b'le' -> b' temple'
  b' batter' + b'y' -> b' battery'
  b' thin' + b'king' -> b' thinking'
  b' open' + b's' -> b' opens'
  b' ' + b'ow' -> b' ow'
  b' real' + b'ised' -> b' realised'
  b' ' + b'iron' -> b' iron'
  b' la' + b'ser' -> b' laser'
  b' sn' + b'e' -> b' sne'
  b' sand' + b'box' -> b' sandbox'
  b' o' + b'il' -> b' oil'
  b' pat' + b'ch' -> b' patch'
  b' h' + b'ours' -> b' hours'
  b' r' + b'ise' -> b' rise'
  b' wh' + b'ip' -> b' whip'
  b"'" + b'd' -> b"'d"
  b'ctor' + b'y' -> b'ctory'
  b' G' + b'ive' -> b' Give'
  b' an' + b'chor' -> b' anchor'
  b' tra' + b'sh' -> b' trash'
  b'en' + b'se' -> b'ense'
  b' sh' + b'ort' -> b' short'
  b'n' + b'ey' -> b'ney'
  b' Bet' + b'ty' -> b' Betty'
  b' rh' + b'in' -> b' rhin'
  b' fa' + b'ctory' -> b' factory'
  b'se' + b'um' -> b'seum'
  b' m' + b'ay' -> b' may'
  b' war' + b'd' -> b' ward'
  b'at' + b'ely' -> b'ately'
  b' card' + b'board' -> b' cardboard'
  b'ug' + b'ged' -> b'ugged'
  b' lot' + b'ion' -> b' lotion'
  b'A' + b'l' -> b'Al'
  b' mess' + b'age' -> b' message'
  b' val' + b'u' -> b' valu'
  b' ward' + b'robe' -> b' wardrobe'
  b' c' + b'ell' -> b' cell'
  b' mu' + b'seum' -> b' museum'
  b'ap' + b'ers' -> b'apers'
  b' u' + b'r' -> b' ur'
  b'in' + b'ation' -> b'ination'
  b' hang' + b'ing' -> b' hanging'
  b'uc' + b'et' -> b'ucet'
  b'ail' + b'able' -> b'ailable'
  b' S' + b'unny' -> b' Sunny'
  b' Z' + b'oom' -> b' Zoom'
  b' h' + b'ive' -> b' hive'
  b'e' + b'er' -> b'eer'
  b' tow' + b'ers' -> b' towers'
  b'keep' + b'er' -> b'keeper'
  b' black' + b'board' -> b' blackboard'
  b' me' + b'm' -> b' mem'
  b' excite' + b'ment' -> b' excitement'
  b' co' + b'ffee' -> b' coffee'
  b' p' + b'ilot' -> b' pilot'
  b're' + b'ady' -> b'ready'
  b'F' + b'luffy' -> b'Fluffy'
  b' nap' + b'kin' -> b' napkin'
  b' pengu' + b'in' -> b' penguin'
  b'r' + b'on' -> b'ron'
  b' che' + b'ck' -> b' check'
  b' re' + b'ward' -> b' reward'
  b'l' + b'oo' -> b'loo'
  b' qu' + b'it' -> b' quit'
  b' Pipp' + b'in' -> b' Pippin'
  b' can' + b'e' -> b' cane'
  b' pick' + b'ing' -> b' picking'
  b'pl' + b'ace' -> b'place'
  b' Sn' + b'ow' -> b' Snow'
  b'az' + b'or' -> b'azor'
  b' fa' + b'ucet' -> b' faucet'
  b' ' + b'ig' -> b' ig'
  b' pass' + b'port' -> b' passport'
  b' R' + b'ob' -> b' Rob'
  b' st' + b'umbled' -> b' stumbled'
  b' dream' + b'ed' -> b' dreamed'
  b' ig' + b'loo' -> b' igloo'
  b' B' + b'essie' -> b' Bessie'
  b'ar' + b'oo' -> b'aroo'
  b'ang' + b'aroo' -> b'angaroo'
  b' free' + b'z' -> b' freez'
  b' ju' + b'icy' -> b' juicy'
  b' all' + b'owed' -> b' allowed'
  b'pl' + b'ay' -> b'play'
  b' hold' + b's' -> b' holds'
  b' al' + b'ready' -> b' already'
  b' av' + b'ailable' -> b' available'
  b' set' + b't' -> b' sett'
  b' bat' + b'he' -> b' bathe'
  b' torn' + b'ado' -> b' tornado'
  b'im' + b'ney' -> b'imney'
  b' fing' + b'ers' -> b' fingers'
  b'ht' + b'ray' -> b'htray'
  b' ha' + b'nger' -> b' hanger'
  b' new' + b'sp' -> b' newsp'
  b' s' + b'ize' -> b' size'
  b' la' + b'und' -> b' laund'
  b' l' + b'end' -> b' lend'
  b' ch' + b'imney' -> b' chimney'
  b' laund' + b'ry' -> b' laundry'
  b' o' + b'ak' -> b' oak'
  b' fis' + b'her' -> b' fisher'
  b' k' + b'angaroo' -> b' kangaroo'
  b' m' + b'en' -> b' men'
  b' Every' + b'where' -> b' Everywhere'
  b' tell' + b'ing' -> b' telling'
  b'E' + b'm' -> b'Em'
  b' no' + b'vel' -> b' novel'
  b'bo' + b'dy' -> b'body'
  b' m' + b'ummy' -> b' mummy'
  b' p' + b'al' -> b' pal'
  b' mu' + b'le' -> b' mule'
  b' cher' + b'ries' -> b' cherries'
  b' not' + b'ice' -> b' notice'
  b' pract' + b'ice' -> b' practice'
  b' spill' + b'ed' -> b' spilled'
  b' re' + b'ind' -> b' reind'
  b' complet' + b'e' -> b' complete'
  b' enjoy' + b'ing' -> b' enjoying'
  b' mic' + b'roscope' -> b' microscope'
  b'ar' + b'ian' -> b'arian'
  b'amp' + b'oo' -> b'ampoo'
  b' g' + b'ain' -> b' gain'
  b' su' + b'b' -> b' sub'
  b' fire' + b'place' -> b' fireplace'
  b' imag' + b'ine' -> b' imagine'
  b'and' + b'a' -> b'anda'
  b' dis' + b'play' -> b' display'
  b'oc' + b'er' -> b'ocer'
  b' Z' + b'ip' -> b' Zip'
  b' fast' + b'est' -> b' fastest'
  b' magaz' + b'ine' -> b' magazine'
  b' hur' + b'ry' -> b' hurry'
  b' cabin' + b'et' -> b' cabinet'
  b' shr' + b'ink' -> b' shrink'
  b' as' + b'htray' -> b' ashtray'
  b'W' + b'ait' -> b'Wait'
  b' cow' + b's' -> b' cows'
  b' Sp' + b'ike' -> b' Spike'
  b'Jo' + b'e' -> b'Joe'
  b'g' + b'en' -> b'gen'
  b' pal' + b'ace' -> b' palace'
  b' impro' + b've' -> b' improve'
  b'ac' + b'hes' -> b'aches'
  b' r' + b'ake' -> b' rake'
  b' reind' + b'eer' -> b' reindeer'
  b' fall' + b'ing' -> b' falling'
  b'ocer' + b'os' -> b'oceros'
  b' sk' + b'irt' -> b' skirt'
  b'ur' + b'ed' -> b'ured'
  b' discover' + b'ed' -> b' discovered'
  b' star' + b'ed' -> b' stared'
  b' ro' + b'ared' -> b' roared'
  b'a' + b'id' -> b'aid'
  b' sil' + b'ver' -> b' silver'
  b' t' + b'ub' -> b' tub'
  b' tra' + b'il' -> b' trail'
  b'I' + b's' -> b'Is'
  b' min' + b'er' -> b' miner'
  b'c' + b'ome' -> b'come'
  b' b' + b'ill' -> b' bill'
  b'ict' + b'ion' -> b'iction'
  b' f' + b'og' -> b' fog'
  b' a' + b'x' -> b' ax'
  b'st' + b'airs' -> b'stairs'
  b'ile' + b't' -> b'ilet'
  b' h' + b'ut' -> b' hut'
  b' happ' + b'ier' -> b' happier'
  b' tall' + b'er' -> b' taller'
  b'iction' + b'ary' -> b'ictionary'
  b' o' + b'ats' -> b' oats'
  b' fisher' + b'man' -> b' fisherman'
  b' ob' + b'ject' -> b' object'
  b' p' + b'or' -> b' por'
  b'v' + b'ision' -> b'vision'
  b' valu' + b'able' -> b' valuable'
  b' sh' + b'ampoo' -> b' shampoo'
  b' ho' + b'les' -> b' holes'
  b' off' + b'ered' -> b' offered'
  b' boot' + b's' -> b' boots'
  b' rhin' + b'oceros' -> b' rhinoceros'
  b' nam' + b'es' -> b' names'
  b' to' + b'ilet' -> b' toilet'
  b' climb' + b'ing' -> b' climbing'
  b' bl' + b'in' -> b' blin'
  b'v' + b'ice' -> b'vice'
  b'O' + b'w' -> b'Ow'
  b' stret' + b'ched' -> b' stretched'
  b'ie' + b'st' -> b'iest'
  b' zipp' + b'er' -> b' zipper'
  b' listen' + b'ing' -> b' listening'
  b' s' + b'ym' -> b' sym'
  b' bath' + b'robe' -> b' bathrobe'
  b'ale' + b'nd' -> b'alend'
  b' jewel' + b'ry' -> b' jewelry'
  b' He' + b're' -> b' Here'
  b' joke' + b's' -> b' jokes'
  b' tele' + b'vision' -> b' television'
  b' pro' + b'v' -> b' prov'
  b' c' + b'alend' -> b' calend'
  b' stop' + b's' -> b' stops'
  b' ax' + b'e' -> b' axe'
  b' jump' + b's' -> b' jumps'
  b' fu' + b'el' -> b' fuel'
  b'c' + b'u' -> b'cu'
  b' spark' + b'ly' -> b' sparkly'
  b' perf' + b'ume' -> b' perfume'
  b' S' + b'usie' -> b' Susie'
  b' bu' + b'ry' -> b' bury'
  b'bo' + b'l' -> b'bol'
  b'M' + b'ummy' -> b'Mummy'
  b'l' + b'u' -> b'lu'
  b' press' + b'ed' -> b' pressed'
  b' K' + b'im' -> b' Kim'
  b'ree' + b'k' -> b'reek'
  b' re' + b'ce' -> b' rece'
  b'f' + b'a' -> b'fa'
  b' T' + b'oby' -> b' Toby'
  b' ne' + b'at' -> b' neat'
  b' c' + b'reek' -> b' creek'
  b' po' + b'pped' -> b' popped'
  b' op' + b'era' -> b' opera'
  b' calend' + b'ar' -> b' calendar'
  b' sn' + b'ap' -> b' snap'
  b' gasp' + b'ed' -> b' gasped'
  b' att' + b'ach' -> b' attach'
  b' sym' + b'bol' -> b' symbol'
  b' t' + b'una' -> b' tuna'
  b' M' + b'ar' -> b' Mar'
  b' p' + b'apers' -> b' papers'
  b'M' + b'r' -> b'Mr'
  b' un' + b'pack' -> b' unpack'
  b' res' + b'ist' -> b' resist'
  b' d' + b'ictionary' -> b' dictionary'
  b' sub' + b'way' -> b' subway'
  b' letter' + b's' -> b' letters'
  b' freez' + b'er' -> b' freezer'
  b' cho' + b'se' -> b' chose'
  b' pin' + b'ch' -> b' pinch'
  b'z' + b'ag' -> b'zag'
  b' spo' + b'ke' -> b' spoke'
  b' any' + b'way' -> b' anyway'
  b' su' + b'per' -> b' super'
  b' por' + b'ch' -> b' porch'
  b' help' + b'er' -> b' helper'
  b'af' + b'fe' -> b'affe'
  b' bike' + b's' -> b' bikes'
  b' li' + b'e' -> b' lie'
  b'ar' + b'ry' -> b'arry'
  b'ic' + b'hes' -> b'iches'
  b' tight' + b'ly' -> b' tightly'
  b' com' + b'fort' -> b' comfort'
  b' sh' + b'aking' -> b' shaking'
  b' book' + b'case' -> b' bookcase'
  b' s' + b'on' -> b' son'
  b' r' + b'azor' -> b' razor'
  b'aur' + b'ant' -> b'aurant'
  b' sandw' + b'iches' -> b' sandwiches'
  b' A' + b're' -> b' Are'
  b'ig' + b'zag' -> b'igzag'
  b' we' + b'igh' -> b' weigh'
  b' again' + b'st' -> b' against'
  b' stick' + b'ers' -> b' stickers'
  b' rest' + b'aurant' -> b' restaurant'
  b' newsp' + b'aper' -> b' newspaper'
  b' bl' + b'ouse' -> b' blouse'
  b' vehic' + b'le' -> b' vehicle'
  b' swing' + b'ing' -> b' swinging'
  b' p' + b'ed' -> b' ped'
  b' dis' + b'ag' -> b' disag'
  b' n' + b'ature' -> b' nature'
  b' squirrel' + b's' -> b' squirrels'
  b'iv' + b'al' -> b'ival'
  b' belong' + b's' -> b' belongs'
  b' swam' + b'p' -> b' swamp'
  b' butterf' + b'lies' -> b' butterflies'
  b' g' + b'ym' -> b' gym'
  b'd' + b'el' -> b'del'
  b' inc' + b'lu' -> b' inclu'
  b' grow' + b'ing' -> b' growing'
  b' buck' + b'le' -> b' buckle'
  b'om' + b'ed' -> b'omed'
  b' stir' + b'red' -> b' stirred'
  b' must' + b'ache' -> b' mustache'
  b' bill' + b'board' -> b' billboard'
  b'x' + b'y' -> b'xy'
  b' be' + b'ep' -> b' beep'
  b't' + b'e' -> b'te'
  b' al' + b'arm' -> b' alarm'
  b' light' + b'ning' -> b' lightning'
  b' li' + b'p' -> b' lip'
  b' fe' + b'st' -> b' fest'
  b' hun' + b'g' -> b' hung'
  b'ut' + b'or' -> b'utor'
  b' dist' + b'ance' -> b' distance'
  b'og' + b'n' -> b'ogn'
  b' c' + b'ards' -> b' cards'
  b' ob' + b'ser' -> b' obser'
  b' ag' + b'ree' -> b' agree'
  b'L' + b'ittle' -> b'Little'
  b' ex' + b't' -> b' ext'
  b' te' + b'ase' -> b' tease'
  b' rec' + b'ogn' -> b' recogn'
  b' rub' + b'ber' -> b' rubber'
  b'i' + b'k' -> b'ik'
  b' hat' + b'e' -> b' hate'
  b'f' + b'ast' -> b'fast'
  b'e' + b'f' -> b'ef'
  b'O' + b'uch' -> b'Ouch'
  b' does' + b'n' -> b' doesn'
  b' music' + b'ian' -> b' musician'
  b' ad' + b'vice' -> b' advice'
  b' bee' + b'f' -> b' beef'
  b' ser' + b've' -> b' serve'
  b'asp' + b'oon' -> b'aspoon'
  b' sweet' + b'ie' -> b' sweetie'
  b' mo' + b'del' -> b' model'
  b'l' + b'ter' -> b'lter'
  b' cri' + b'b' -> b' crib'
  b' blue' + b'berries' -> b' blueberries'
  b' so' + b'fa' -> b' sofa'
  b' cir' + b'cles' -> b' circles'
  b' break' + b'fast' -> b' breakfast'
  b' t' + b'utor' -> b' tutor'
  b'as' + b'is' -> b'asis'
  b' books' + b'he' -> b' bookshe'
  b' gir' + b'affe' -> b' giraffe'
  b'st' + b'ri' -> b'stri'
  b' fest' + b'ival' -> b' festival'
  b' separ' + b'ate' -> b' separate'
  b' she' + b'lter' -> b' shelter'
  b' g' + b'as' -> b' gas'
  b' air' + b'port' -> b' airport'
  b' o' + b'live' -> b' olive'
  b' r' + b'ail' -> b' rail'
  b' bookshe' + b'lf' -> b' bookshelf'
  b' frog' + b's' -> b' frogs'
  b' te' + b'aspoon' -> b' teaspoon'
  b' rever' + b'se' -> b' reverse'
  b' j' + b'unk' -> b' junk'
  b' rid' + b'ing' -> b' riding'
  b' ple' + b'ased' -> b' pleased'
  b' dra' + b'in' -> b' drain'
  b' Mr' + b's' -> b' Mrs'
  b' wip' + b'e' -> b' wipe'
  b' o' + b'asis' -> b' oasis'
  b' so' + b'il' -> b' soil'
  b' a' + b'head' -> b' ahead'
  b' resc' + b'ue' -> b' rescue'
  b' le' + b'aving' -> b' leaving'
  b'um' + b'mer' -> b'ummer'
  b' pain' + b'ter' -> b' painter'
  b' squee' + b'ze' -> b' squeeze'
  b' ch' + b'ance' -> b' chance'
  b' po' + b'ked' -> b' poked'
  b' kn' + b'ob' -> b' knob'
  b' T' + b'eddy' -> b' Teddy'
  b' pee' + b'ked' -> b' peeked'
  b' l' + b'umber' -> b' lumber'
  b' train' + b's' -> b' trains'
  b' ext' + b'ra' -> b' extra'
  b' sl' + b'ipp' -> b' slipp'
  b' qu' + b'iz' -> b' quiz'
  b' re' + b'fused' -> b' refused'
  b're' + b's' -> b'res'
  b'rm' + b'omet' -> b'rmomet'
  b' p' + b'age' -> b' page'
  b' ru' + b'les' -> b' rules'
  b' happen' + b's' -> b' happens'
  b' sound' + b'ed' -> b' sounded'
  b' in' + b's' -> b' ins'
  b' poin' + b't' -> b' point'
  b' win' + b'ter' -> b' winter'
  b' danc' + b'er' -> b' dancer'
  b' Gra' + b'ndpa' -> b' Grandpa'
  b' bird' + b'c' -> b' birdc'
  b' disapp' + b'ear' -> b' disappear'
  b'rmomet' + b'er' -> b'rmometer'
  b' Do' + b'lly' -> b' Dolly'
  b' we' + b'ather' -> b' weather'
  b' was' + b'te' -> b' waste'
  b' li' + b'c' -> b' lic'
  b' birdc' + b'age' -> b' birdcage'
  b' the' + b'ater' -> b' theater'
  b' re' + b'ef' -> b' reef'
  b' carry' + b'ing' -> b' carrying'
  b'D' + b'aisy' -> b'Daisy'
  b' inv' + b'ite' -> b' invite'
  b'if' + b'orm' -> b'iform'
  b' go' + b'al' -> b' goal'
  b' o' + b'stri' -> b' ostri'
  b' un' + b'iform' -> b' uniform'
  b' sw' + b'ung' -> b' swung'
  b' tr' + b'ade' -> b' trade'
  b' cl' + b'iff' -> b' cliff'
  b'i' + b'ence' -> b'ience'
  b' law' + b'n' -> b' lawn'
  b'ol' + b'a' -> b'ola'
  b' lean' + b'ed' -> b' leaned'
  b' P' + b'andy' -> b' Pandy'
  b'ang' + b'u' -> b'angu'
  b' acce' + b'pt' -> b' accept'
  b' adm' + b'ire' -> b' admire'
  b' for' + b't' -> b' fort'
  b' accident' + b'ally' -> b' accidentally'
  b' past' + b'el' -> b' pastel'
  b'bb' + b'les' -> b'bbles'
  b' st' + b'om' -> b' stom'
  b' l' + b'angu' -> b' langu'
  b' tw' + b'ir' -> b' twir'
  b' s' + b'uff' -> b' suff'
  b' p' + b'anda' -> b' panda'
  b'r' + b'iger' -> b'riger'
  b' b' + b'et' -> b' bet'
  b'riger' + b'ator' -> b'rigerator'
  b' pe' + b'ek' -> b' peek'
  b're' + b'nder' -> b'render'
  b' blin' + b'ked' -> b' blinked'
  b' star' + b'ts' -> b' starts'
  b'n' + b'a' -> b'na'
  b' ref' + b'rigerator' -> b' refrigerator'
  b' any' + b'where' -> b' anywhere'
  b'!"' + b'.' -> b'!".'
  b' imag' + b'ined' -> b' imagined'
  b' dream' + b'ing' -> b' dreaming'
  b' rem' + b'ove' -> b' remove'
  b'n' + b'ight' -> b'night'
  b' show' + b'er' -> b' shower'
  b' L' + b'ee' -> b' Lee'
  b' C' + b'o' -> b' Co'
  b' class' + b'room' -> b' classroom'
  b' ce' + b'iling' -> b' ceiling'
  b' car' + b'ing' -> b' caring'
  b'i' + b'um' -> b'ium'
  b' gra' + b'nd' -> b' grand'
  b' miss' + b'ing' -> b' missing'
  b'a' + b'ked' -> b'aked'
  b' lic' + b'ense' -> b' license'
  b' st' + b'able' -> b' stable'
  b' the' + b'rmometer' -> b' thermometer'
  b' monkey' + b's' -> b' monkeys'
  b'ast' + b'ic' -> b'astic'
  b' war' + b'ned' -> b' warned'
  b' s' + b'ummer' -> b' summer'
  b' W' + b'here' -> b' Where'
  b' ab' + b'ove' -> b' above'
  b' bri' + b'ck' -> b' brick'
  b'ec' + b'ted' -> b'ected'
  b' c' + b'udd' -> b' cudd'
  b' problem' + b's' -> b' problems'
  b'am' + b'ber' -> b'amber'
  b' ch' + b'asing' -> b' chasing'
  b' lab' + b'el' -> b' label'
  b' ap' + b'ron' -> b' apron'
  b' s' + b'ent' -> b' sent'
  b'urn' + b'it' -> b'urnit'
  b'urnit' + b'ure' -> b'urniture'
  b' law' + b'y' -> b' lawy'
  b' l' + b'id' -> b' lid'
  b'ugg' + b'age' -> b'uggage'
  b'm' + b'ed' -> b'med'
  b' respect' + b'ful' -> b' respectful'
  b' f' + b'urniture' -> b' furniture'
  b' frown' + b'ed' -> b' frowned'
  b' zoom' + b'ed' -> b' zoomed'
  b' p' + b'ages' -> b' pages'
  b' pre' + b'vent' -> b' prevent'
  b' b' + b'ent' -> b' bent'
  b' l' + b'uggage' -> b' luggage'
  b' mistake' + b's' -> b' mistakes'
  b' sun' + b'set' -> b' sunset'
  b' ostri' + b'ch' -> b' ostrich'
  b'is' + b'on' -> b'ison'
  b' suggest' + b'ed' -> b' suggested'
  b' window' + b's' -> b' windows'
  b'ation' + b's' -> b'ations'
  b' j' + b'ail' -> b' jail'
  b'l' + b'ow' -> b'low'
  b' w' + b'ine' -> b' wine'
  b' ribb' + b'on' -> b' ribbon'
  b' old' + b'er' -> b' older'
  b' shout' + b's' -> b' shouts'
  b' gra' + b'pe' -> b' grape'
  b' C' + b'l' -> b' Cl'
  b' w' + b'igg' -> b' wigg'
  b'uc' + b'ture' -> b'ucture'
  b' str' + b'ucture' -> b' structure'
  b' spo' + b'il' -> b' spoil'
  b'e' + b'or' -> b'eor'
  b' fix' + b'ing' -> b' fixing'
  b' ch' + b'amber' -> b' chamber'
  b' lion' + b's' -> b' lions'
  b' del' + b'ay' -> b' delay'
  b' find' + b's' -> b' finds'
  b' hand' + b'ed' -> b' handed'
  b' search' + b'ing' -> b' searching'
  b' un' + b'ite' -> b' unite'
  b'D' + b'id' -> b'Did'
  b' f' + b'ought' -> b' fought'
  b' lawy' + b'er' -> b' lawyer'
  b' bright' + b'ly' -> b' brightly'
  b' pa' + b'ir' -> b' pair'
  b' meet' + b'ing' -> b' meeting'
  b' cho' + b'ice' -> b' choice'
  b' surpr' + b'ises' -> b' surprises'
  b' E' + b'llie' -> b' Ellie'
  b' ar' + b't' -> b' art'
  b' U' + b'n' -> b' Un'
  b'C' + b'h' -> b'Ch'
  b' fav' + b'our' -> b' favour'
  b'eter' + b'in' -> b'eterin'
  b'eterin' + b'arian' -> b'eterinarian'
  b'ad' + b'ium' -> b'adium'
  b' st' + b'adium' -> b' stadium'
  b' proud' + b'ly' -> b' proudly'
  b'ik' + b'i' -> b'iki'
  b' v' + b'eterinarian' -> b' veterinarian'
  b'v' + b'et' -> b'vet'
  b'ro' + b'd' -> b'rod'
  b' chair' + b's' -> b' chairs'
  b' sl' + b'ip' -> b' slip'
  b' S' + b'pe' -> b' Spe'
  b' sad' + b'ly' -> b' sadly'
  b' B' + b'ow' -> b' Bow'
  b' inc' + b're' -> b' incre'
  b' C' + b'arl' -> b' Carl'
  b' pudd' + b'les' -> b' puddles'
  b' b' + b'erry' -> b' berry'
  b' int' + b'rod' -> b' introd'
  b' ran' + b'ch' -> b' ranch'
  b've' + b'al' -> b'veal'
  b' B' + b'oun' -> b' Boun'
  b' arg' + b'ue' -> b' argue'
  b' ' + b'V' -> b' V'
  b' adm' + b'ired' -> b' admired'
  b' c' + b'ur' -> b' cur'
  b' favour' + b'ite' -> b' favourite'
  b'You' + b'r' -> b'Your'
  b' in' + b'f' -> b' inf'
  b' excited' + b'ly' -> b' excitedly'
  b' r' + b'ac' -> b' rac'
  b' grab' + b's' -> b' grabs'
  b'm' + b'end' -> b'mend'
  b' ste' + b'am' -> b' steam'
  b'th' + b'ank' -> b'thank'
  b' hum' + b'an' -> b' human'
  b'eor' + b'ge' -> b'eorge'
  b's' + b'ity' -> b'sity'
  b' He' + b'l' -> b' Hel'
  b' pus' + b'hing' -> b' pushing'
  b' sa' + b'ving' -> b' saving'
  b' R' + b'ed' -> b' Red'
  b' re' + b'veal' -> b' reveal'
  b'om' + b'mend' -> b'ommend'
  b'all' + b'ey' -> b'alley'
  b' y' + b'ield' -> b' yield'
  b'ol' + b'og' -> b'olog'
  b' m' + b'all' -> b' mall'
  b' remind' + b'ed' -> b' reminded'
  b' rec' + b'ommend' -> b' recommend'
  b' le' + b'ak' -> b' leak'
  b' sur' + b'render' -> b' surrender'
  b' har' + b'b' -> b' harb'
  b' app' + b'l' -> b' appl'
  b'cu' + b'ss' -> b'cuss'
  b'a' + b'ul' -> b'aul'
  b' we' + b'ap' -> b' weap'
  b' reg' + b'ret' -> b' regret'
  b' put' + b'ting' -> b' putting'
  b' v' + b'alley' -> b' valley'
  b' miner' + b'al' -> b' mineral'
  b' even' + b'ing' -> b' evening'
  b'el' + b'come' -> b'elcome'
  b' mat' + b'ches' -> b' matches'
  b' forg' + b'ave' -> b' forgave'
  b' snee' + b'zed' -> b' sneezed'
  b' pu' + b'p' -> b' pup'
  b' a' + b'w' -> b' aw'
  b' r' + b'ushed' -> b' rushed'
  b'ec' + b'ause' -> b'ecause'
  b' sp' + b'ade' -> b' spade'
  b' ap' + b'olog' -> b' apolog'
  b' pl' + b'ates' -> b' plates'
  b' dis' + b'cuss' -> b' discuss'
  b' prep' + b'are' -> b' prepare'
  b' harb' + b'or' -> b' harbor'
  b' ign' + b'ore' -> b' ignore'
  b' B' + b'ig' -> b' Big'
  b' count' + b'ry' -> b' country'
  b' langu' + b'age' -> b' language'
  b' Bu' + b'zzy' -> b' Buzzy'
  b' pull' + b's' -> b' pulls'
  b' pl' + b'astic' -> b' plastic'
  b' supp' + b'ly' -> b' supply'
  b' flo' + b'at' -> b' float'
  b' sniff' + b'ed' -> b' sniffed'
  b' J' + b'azz' -> b' Jazz'
  b' repl' + b'ace' -> b' replace'
  b' me' + b'as' -> b' meas'
  b' sho' + b'vel' -> b' shovel'
  b' B' + b'ill' -> b' Bill'
  b' ra' + b'ise' -> b' raise'
  b' N' + b'ext' -> b' Next'
  b' f' + b're' -> b' fre'
  b' car' + b'ed' -> b' cared'
  b' so' + b'cks' -> b' socks'
  b' stri' + b'p' -> b' strip'
  b' door' + b's' -> b' doors'
  b' myster' + b'y' -> b' mystery'
  b' li' + b'ves' -> b' lives'
  b' rest' + b'ore' -> b' restore'
  b' stick' + b'er' -> b' sticker'
  b' s' + b'udden' -> b' sudden'
  b'ar' + b'i' -> b'ari'
  b' kind' + b's' -> b' kinds'
  b' slipp' + b'ery' -> b' slippery'
  b'er' + b'o' -> b'ero'
  b' O' + b'w' -> b' Ow'
  b' play' + b'er' -> b' player'
  b' pan' + b'ic' -> b' panic'
  b'ric' + b'ane' -> b'ricane'
  b' hop' + b'ing' -> b' hoping'
  b'id' + b'ay' -> b'iday'
  b' sh' + b'one' -> b' shone'
  b'le' + b'x' -> b'lex'
  b'her' + b'o' -> b'hero'
  b' be' + b'g' -> b' beg'
  b' M' + b'ike' -> b' Mike'
  b' B' + b'inky' -> b' Binky'
  b' super' + b'hero' -> b' superhero'
  b' delight' + b'ed' -> b' delighted'
  b' g' + b'ro' -> b' gro'
  b'Y' + b'ay' -> b'Yay'
  b'au' + b'd' -> b'aud'
  b'ch' + b'an' -> b'chan'
  b' chick' + b'ens' -> b' chickens'
  b' should' + b'er' -> b' shoulder'
  b' rain' + b'ed' -> b' rained'
  b' colour' + b'ful' -> b' colourful'
  b' bre' + b'at' -> b' breat'
  b' Al' + b'ice' -> b' Alice'
  b' cla' + b'w' -> b' claw'
  b' Bu' + b'bbles' -> b' Bubbles'
  b'Y' + b'uck' -> b'Yuck'
  b' soft' + b'ly' -> b' softly'
  b'r' + b'ise' -> b'rise'
  b' p' + b'ort' -> b' port'
  b'Gra' + b'ndma' -> b'Grandma'
  b' ho' + b'l' -> b' hol'
  b'ic' + b'er' -> b'icer'
  b' hol' + b'iday' -> b' holiday'
  b' ' + b'\xe2\x80' -> b' \xe2\x80'
  b' bark' + b's' -> b' barks'
  b'as' + b'on' -> b'ason'
  b' throw' + b'ing' -> b' throwing'
  b' plan' + b'es' -> b' planes'
  b'M' + b'ary' -> b'Mary'
  b' be' + b'nd' -> b' bend'
  b' Fred' + b'dy' -> b' Freddy'
  b' shake' + b's' -> b' shakes'
  b' inf' + b'ant' -> b' infant'
  b' end' + b'ed' -> b' ended'
  b' shiver' + b'ing' -> b' shivering'
  b' kne' + b'el' -> b' kneel'
  b' sun' + b'rise' -> b' sunrise'
  b' pus' + b'hes' -> b' pushes'
  b' O' + b'live' -> b' Olive'
  b' thank' + b's' -> b' thanks'
  b' fre' + b'sh' -> b' fresh'
  b' suff' + b'er' -> b' suffer'
  b' poin' + b'ts' -> b' points'
  b'im' + b'ed' -> b'imed'
  b'w' + b'ards' -> b'wards'
  b' P' + b'at' -> b' Pat'
  b' t' + b'ip' -> b' tip'
  b' Spe' + b'edy' -> b' Speedy'
  b' free' + b'ze' -> b' freeze'
  b' keep' + b'ing' -> b' keeping'
  b' W' + b'ould' -> b' Would'
  b' gigg' + b'le' -> b' giggle'
  b' co' + b'pper' -> b' copper'
  b' smell' + b's' -> b' smells'
  b' de' + b'ar' -> b' dear'
  b' ent' + b'er' -> b' enter'
  b' prov' + b'ide' -> b' provide'
  b'c' + b'ast' -> b'cast'
  b'chan' + b'ic' -> b'chanic'
  b' dis' + b'hes' -> b' dishes'
  b' E' + b'nd' -> b' End'
  b'co' + b'nd' -> b'cond'
  b' un' + b'h' -> b' unh'
  b'N' + b'ext' -> b'Next'
  b' appl' + b'aud' -> b' applaud'
  b' head' + b's' -> b' heads'
  b' hur' + b'ricane' -> b' hurricane'
  b' cher' + b'ry' -> b' cherry'
  b' th' + b'umb' -> b' thumb'
  b' men' + b'u' -> b' menu'
  b' me' + b'owed' -> b' meowed'
  b' m' + b'ass' -> b' mass'
  b' se' + b'cond' -> b' second'
  b' bright' + b'er' -> b' brighter'
  b'in' + b'ce' -> b'ince'
  b' sand' + b'cast' -> b' sandcast'
  b' me' + b'chanic' -> b' mechanic'
  b' w' + b're' -> b' wre'
  b' spray' + b'ed' -> b' sprayed'
  b' let' + b'ting' -> b' letting'
  b' e' + b'vent' -> b' event'
  b' weap' + b'on' -> b' weapon'
  b' laug' + b'ht' -> b' laught'
  b' ' + b'x' -> b' x'
  b' laught' + b'er' -> b' laughter'
  b' cla' + b'pping' -> b' clapping'
  b' feel' + b'ings' -> b' feelings'
  b'W' + b'ill' -> b'Will'
  b'ick' + b'y' -> b'icky'
  b' splas' + b'hing' -> b' splashing'
  b'em' + b'ent' -> b'ement'
  b' O' + b'r' -> b' Or'
  b'ac' + b'ked' -> b'acked'
  b' cast' + b'les' -> b' castles'
  b' F' + b'l' -> b' Fl'
  b'c' + b'er' -> b'cer'
  b' sc' + b'ore' -> b' score'
  b'app' + b'ing' -> b'apping'
  b' univer' + b'se' -> b' universe'
  b' n' + b'avy' -> b' navy'
  b' d' + b'em' -> b' dem'
  b' stick' + b'y' -> b' sticky'
  b'oph' + b'ie' -> b'ophie'
  b' room' + b's' -> b' rooms'
  b' r' + b'ow' -> b' row'
  b' fl' + b'ies' -> b' flies'
  b'ig' + b'i' -> b'igi'
  b' D' + b'ave' -> b' Dave'
  b' unh' + b'appy' -> b' unhappy'
  b' gre' + b'edy' -> b' greedy'
  b' d' + b'are' -> b' dare'
  b' al' + b'ive' -> b' alive'
  b' break' + b's' -> b' breaks'
  b' en' + b'er' -> b' ener'
  b' cou' + b'rage' -> b' courage'
  b' inv' + b'it' -> b' invit'
  b'Re' + b'ady' -> b'Ready'
  b' repe' + b'at' -> b' repeat'
  b' dem' + b'and' -> b' demand'
  b' trust' + b'ed' -> b' trusted'
  b'L' + b'isa' -> b'Lisa'
  b' some' + b'where' -> b' somewhere'
  b'arl' + b'ie' -> b'arlie'
  b' prun' + b'e' -> b' prune'
  b'b' + b'les' -> b'bles'
  b' wre' + b'ck' -> b' wreck'
  b' ' + b'Y' -> b' Y'
  b' sk' + b'ill' -> b' skill'
  b' exam' + b'ine' -> b' examine'
  b' par' + b'ts' -> b' parts'
  b'y' + b'ear' -> b'year'
  b' eat' + b'en' -> b' eaten'
  b'o' + b'e' -> b'oe'
  b'A' + b'll' -> b'All'
  b'er' + b'c' -> b'erc'
  b'en' + b'ry' -> b'enry'
  b' m' + b'ention' -> b' mention'
  b' rain' + b'ing' -> b' raining'
  b' Hel' + b'p' -> b' Help'
  b'B' + b'uddy' -> b'Buddy'
  b' throw' + b's' -> b' throws'
  b' jog' + b'ged' -> b' jogged'
  b'que' + b'st' -> b'quest'
  b' star' + b'ting' -> b' starting'
  b' r' + b'ush' -> b' rush'
  b' po' + b'ison' -> b' poison'
  b' pir' + b'ates' -> b' pirates'
  b'he' + b'art' -> b'heart'
  b' v' + b'ac' -> b' vac'
  b' cont' + b'ent' -> b' content'
  b'Em' + b'ma' -> b'Emma'
  b' K' + b'iki' -> b' Kiki'
  b' s' + b'igh' -> b' sigh'
  b' fl' + b'apped' -> b' flapped'
  b' drop' + b's' -> b' drops'
  b' ch' + b'irp' -> b' chirp'
  b' sp' + b'ort' -> b' sport'
  b'Q' + b'u' -> b'Qu'
  b' spark' + b'led' -> b' sparkled'
  b' Z' + b'oomy' -> b' Zoomy'
  b' gi' + b'ven' -> b' given'
  b' stre' + b'ng' -> b' streng'
  b' ste' + b'el' -> b' steel'
  b'A' + b'nn' -> b'Ann'
  b' bump' + b'ed' -> b' bumped'
  b' yaw' + b'ned' -> b' yawned'
  b' stu' + b'd' -> b' stud'
  b' re' + b'quest' -> b' request'
  b' sco' + b'ld' -> b' scold'
  b' my' + b'self' -> b' myself'
  b' streng' + b'th' -> b' strength'
  b' shr' + b'ugged' -> b' shrugged'
  b'M' + b'ark' -> b'Mark'
  b' coat' + b's' -> b' coats'
  b' pun' + b'ish' -> b' punish'
  b' e' + b'qu' -> b' equ'
  b' sn' + b'ugg' -> b' snugg'
  b' univer' + b'sity' -> b' university'
  b' pa' + b'id' -> b' paid'
  b' John' + b'ny' -> b' Johnny'
  b' pig' + b's' -> b' pigs'
  b' scr' + b'atch' -> b' scratch'
  b' to' + b'e' -> b' toe'
  b' ex' + b'erc' -> b' exerc'
  b' tra' + b'cks' -> b' tracks'
  b' up' + b'stairs' -> b' upstairs'
  b' pray' + b'ed' -> b' prayed'
  b' cross' + b'ed' -> b' crossed'
  b' squee' + b'zed' -> b' squeezed'
  b' impress' + b'ed' -> b' impressed'
  b' fl' + b'ood' -> b' flood'
  b' boun' + b'cing' -> b' bouncing'
  b' R' + b'u' -> b' Ru'
  b'Al' + b'ice' -> b'Alice'
  b' rabbit' + b's' -> b' rabbits'
  b'g' + b'es' -> b'ges'
  b' bad' + b'ly' -> b' badly'
  b'.' + b'.' -> b'..'
  b' war' + b'n' -> b' warn'
  b' le' + b'ather' -> b' leather'
  b' ex' + b'pect' -> b' expect'
  b' new' + b's' -> b' news'
  b' t' + b'ide' -> b' tide'
  b' T' + b'ed' -> b' Ted'
  b' min' + b'ute' -> b' minute'
  b' bear' + b's' -> b' bears'
  b' claw' + b's' -> b' claws'
  b' bu' + b'zz' -> b' buzz'
  b' sweet' + b'heart' -> b' sweetheart'
  b' S' + b'm' -> b' Sm'
  b'y' + b'th' -> b'yth'
  b' n' + b'ation' -> b' nation'
  b'S' + b'h' -> b'Sh'
  b'yth' + b'm' -> b'ythm'
  b' vac' + b'ation' -> b' vacation'
  b' his' + b't' -> b' hist'
  b' he' + b'at' -> b' heat'
  b' straw' + b'berries' -> b' strawberries'
  b' obser' + b've' -> b' observe'
  b' explor' + b'ed' -> b' explored'
  b' sett' + b'le' -> b' settle'
  b' sandcast' + b'le' -> b' sandcastle'
  b' yaw' + b'n' -> b' yawn'
  b' hist' + b'ory' -> b' history'
  b' L' + b'illy' -> b' Lilly'
  b' L' + b'ola' -> b' Lola'
  b'm' + b'are' -> b'mare'
  b' M' + b'ummy' -> b' Mummy'
  b' S' + b'que' -> b' Sque'
  b'i' + b'ally' -> b'ially'
  b'in' + b'king' -> b'inking'
  b' belie' + b'ved' -> b' believed'
  b' hor' + b'ses' -> b' horses'
  b'Dad' + b'dy' -> b'Daddy'
  b' H' + b'oppy' -> b' Hoppy'
  b' che' + b'cked' -> b' checked'
  b' M' + b'andy' -> b' Mandy'
  b' to' + b'ur' -> b' tour'
  b' net' + b'work' -> b' network'
  b' chee' + b'k' -> b' cheek'
  b' U' + b'nder' -> b' Under'
  b' off' + b'er' -> b' offer'
  b' eas' + b'ily' -> b' easily'
  b' pl' + b'aced' -> b' placed'
  b's' + b'pec' -> b'spec'
  b' spot' + b's' -> b' spots'
  b' snow' + b'ball' -> b' snowball'
  b'we' + b'en' -> b'ween'
  b'm' + b'en' -> b'men'
  b' ener' + b'gy' -> b' energy'
  b' B' + b'ee' -> b' Bee'
  b' imag' + b'ination' -> b' imagination'
  b' blue' + b'berry' -> b' blueberry'
  b'ott' + b'en' -> b'otten'
  b' bet' + b'ween' -> b' between'
  b'spec' + b'ially' -> b'specially'
  b' G' + b'igi' -> b' Gigi'
  b'iz' + b'es' -> b'izes'
  b' d' + b'aisy' -> b' daisy'
  b' wa' + b'ving' -> b' waving'
  b'ree' + b'ze' -> b'reeze'
  b're' + b'at' -> b'reat'
  b' v' + b'room' -> b' vroom'
  b' so' + b'ak' -> b' soak'
  b' saf' + b'ari' -> b' safari'
  b' rh' + b'ythm' -> b' rhythm'
  b' mass' + b'age' -> b' massage'
  b' stom' + b'ach' -> b' stomach'
  b' b' + b'aking' -> b' baking'
  b'qu' + b'ake' -> b'quake'
  b' night' + b'mare' -> b' nightmare'
  b' ins' + b'isted' -> b' insisted'
  b' blow' + b'ing' -> b' blowing'
  b' ent' + b'ered' -> b' entered'
  b'Be' + b'fore' -> b'Before'
  b' st' + b'air' -> b' stair'
  b' p' + b'alm' -> b' palm'
  b' beaut' + b'y' -> b' beauty'
  b' tw' + b'isted' -> b' twisted'
  b' b' + b'other' -> b' bother'
  b' wr' + b'iting' -> b' writing'
  b' sc' + b'oop' -> b' scoop'
  b' prun' + b'es' -> b' prunes'
  b' bra' + b'in' -> b' brain'
  b' ' + b'ing' -> b' ing'
  b'ip' + b'ment' -> b'ipment'
  b' po' + b'ppy' -> b' poppy'
  b' hill' + b's' -> b' hills'
  b'n' + b'oon' -> b'noon'
  b' after' + b'noon' -> b' afternoon'
  b' equ' + b'ipment' -> b' equipment'
  b' e' + b'specially' -> b' especially'
  b'he' + b'st' -> b'hest'
  b' s' + b'ir' -> b' sir'
  b' p' + b'ad' -> b' pad'
  b' S' + b'ee' -> b' See'
  b' ing' + b'red' -> b' ingred'
  b' call' + b's' -> b' calls'
  b' ingred' + b'ient' -> b' ingredient'
  b' Fo' + b'x' -> b' Fox'
  b' earth' + b'quake' -> b' earthquake'
  b' ignor' + b'ed' -> b' ignored'
  b' Snow' + b'y' -> b' Snowy'
  b' burn' + b'ed' -> b' burned'
  b' no' + b'body' -> b' nobody'
  b'm' + b'ble' -> b'mble'
  b' st' + b'y' -> b' sty'
  b'ap' + b'a' -> b'apa'
  b' se' + b'w' -> b' sew'
  b' t' + b'ug' -> b' tug'
  b'is' + b'ty' -> b'isty'
  b'xy' + b'gen' -> b'xygen'
  b' hear' + b'ts' -> b' hearts'
  b' le' + b'ar' -> b' lear'
  b' lear' + b'nt' -> b' learnt'
  b' lemon' + b'ade' -> b' lemonade'
  b' incre' + b'ase' -> b' increase'
  b'ill' + b'ie' -> b'illie'
  b'J' + b'enny' -> b'Jenny'
  b' g' + b'az' -> b' gaz'
  b' back' + b'pack' -> b' backpack'
  b' mail' + b'man' -> b' mailman'
  b' whist' + b'led' -> b' whistled'
  b' ped' + b'al' -> b' pedal'
  b' S' + b'k' -> b' Sk'
  b'F' + b'red' -> b'Fred'
  b' shop' + b'keeper' -> b' shopkeeper'
  b'ff' + b'ic' -> b'ffic'
  b' perm' + b'it' -> b' permit'
  b' tre' + b'mble' -> b' tremble'
  b' y' + b'ucky' -> b' yucky'
  b'ang' + b'es' -> b'anges'
  b' move' + b's' -> b' moves'
  b' introd' + b'uce' -> b' introduce'
  b' lem' + b'ons' -> b' lemons'
  b' cra' + b'sh' -> b' crash'
  b' bean' + b's' -> b' beans'
  b' flo' + b'ated' -> b' floated'
  b'ed' + b'n' -> b'edn'
  b'edn' + b'esday' -> b'ednesday'
  b'itten' + b's' -> b'ittens'
  b'W' + b'elcome' -> b'Welcome'
  b' plan' + b'ned' -> b' planned'
  b' stri' + b'ke' -> b' strike'
  b' tra' + b'ffic' -> b' traffic'
  b' inclu' + b'de' -> b' include'
  b' sl' + b'ap' -> b' slap'
  b' rac' + b'ing' -> b' racing'
  b' L' + b'ucky' -> b' Lucky'
  b'res' + b'ses' -> b'resses'
  b' wis' + b'dom' -> b' wisdom'
  b' p' + b'ur' -> b' pur'
  b' wag' + b's' -> b' wags'
  b' Fin' + b'ny' -> b' Finny'
  b'la' + b'imed' -> b'laimed'
  b' G' + b'eorge' -> b' George'
  b' l' + b'uck' -> b' luck'
  b' follow' + b'ing' -> b' following'
  b' ' + b'\n' -> b' \n'
  b' pri' + b'ce' -> b' price'
  b'ec' + b'ting' -> b'ecting'
  b' m' + b'ama' -> b' mama'
  b' p' + b'itch' -> b' pitch'
  b' bel' + b'ow' -> b' below'
  b' E' + b'lly' -> b' Elly'
  b' H' + b'ave' -> b' Have'
  b'L' + b'e' -> b'Le'
  b' we' + b'ight' -> b' weight'
  b' exc' + b'laimed' -> b' exclaimed'
  b'h' + b'ouse' -> b'house'
  b' bu' + b'ried' -> b' buried'
  b' follow' + b's' -> b' follows'
  b' com' + b'f' -> b' comf'
  b' recogn' + b'ize' -> b' recognize'
  b' ingredient' + b's' -> b' ingredients'
  b' f' + b'urt' -> b' furt'
  b't' + b'ain' -> b'tain'
  b' cand' + b'les' -> b' candles'
  b'M' + b'imi' -> b'Mimi'
  b' mar' + b'bles' -> b' marbles'
  b'ri' + b'age' -> b'riage'
  b'und' + b'ay' -> b'unday'
  b'em' + b'ember' -> b'emember'
  b'er' + b'ation' -> b'eration'
  b' A' + b'lex' -> b' Alex'
  b' ap' + b'art' -> b' apart'
  b' W' + b'ednesday' -> b' Wednesday'
  b' growl' + b'ed' -> b' growled'
  b'uc' + b't' -> b'uct'
  b' S' + b'u' -> b' Su'
  b'ore' + b's' -> b'ores'
  b' con' + b'f' -> b' conf'
  b' teach' + b'ing' -> b' teaching'
  b' hop' + b'es' -> b' hopes'
  b' fold' + b'ed' -> b' folded'
  b' close' + b'ly' -> b' closely'
  b' Fin' + b'n' -> b' Finn'
  b' Wh' + b'o' -> b' Who'
  b' he' + b'el' -> b' heel'
  b' S' + b'unday' -> b' Sunday'
  b' encou' + b'rage' -> b' encourage'
  b' P' + b'aul' -> b' Paul'
  b' Ow' + b'l' -> b' Owl'
  b' z' + b'igzag' -> b' zigzag'
  b' pull' + b'ing' -> b' pulling'
  b' d' + b'igg' -> b' digg'
  b' boun' + b'cy' -> b' bouncy'
  b' furt' + b'her' -> b' further'
  b' chew' + b'ed' -> b' chewed'
  b' digg' + b'ing' -> b' digging'
  b' win' + b'ning' -> b' winning'
  b'W' + b'oof' -> b'Woof'
  b'W' + b'ith' -> b'With'
  b' d' + b'resses' -> b' dresses'
  b' im' + b'age' -> b' image'
  b're' + b'c' -> b'rec'
  b'c' + b'ery' -> b'cery'
  b' shout' + b'ing' -> b' shouting'
  b' gro' + b'cery' -> b' grocery'
  b' tw' + b'isty' -> b' twisty'
  b' peanut' + b's' -> b' peanuts'
  b' puzz' + b'les' -> b' puzzles'
  b'bb' + b'ing' -> b'bbing'
  b' D' + b'og' -> b' Dog'
  b'l' + b'ook' -> b'look'
  b' scr' + b'at' -> b' scrat'
  b' ch' + b'ores' -> b' chores'
  b' whisp' + b'er' -> b' whisper'
  b' I' + b's' -> b' Is'
  b' sp' + b'ike' -> b' spike'
  b' Fr' + b'oggy' -> b' Froggy'
  b' c' + b'ape' -> b' cape'
  b' sn' + b'ail' -> b' snail'
  b' acorn' + b's' -> b' acorns'
  b' worm' + b's' -> b' worms'
  b'h' + b'ood' -> b'hood'
  b' deep' + b'er' -> b' deeper'
  b' ur' + b'ge' -> b' urge'
  b'if' + b'i' -> b'ifi'
  b' exp' + b'er' -> b' exper'
  b' When' + b'ever' -> b' Whenever'
  b' T' + b'illy' -> b' Tilly'
  b' Sque' + b'aky' -> b' Squeaky'
  b' Gra' + b'ce' -> b' Grace'
  b' plan' + b'ted' -> b' planted'
  b' att' + b'ention' -> b' attention'
  b'ec' + b'ture' -> b'ecture'
  b' exerc' + b'ise' -> b' exercise'
  b' Dan' + b'ny' -> b' Danny'
  b' cu' + b'b' -> b' cub'
  b' op' + b'eration' -> b' operation'
  b' under' + b'ground' -> b' underground'
  b' h' + b'on' -> b' hon'
  b' ag' + b're' -> b' agre'
  b' qu' + b'ite' -> b' quite'
  b' creature' + b's' -> b' creatures'
  b' s' + b'imp' -> b' simp'
  b'Every' + b'one' -> b'Everyone'
  b' strugg' + b'le' -> b' struggle'
  b'or' + b'al' -> b'oral'
  b' M' + b'ittens' -> b' Mittens'
  b'dd' + b'y' -> b'ddy'
  b' bl' + b'ood' -> b' blood'
  b' l' + b'ecture' -> b' lecture'
  b' was' + b'hing' -> b' washing'
  b' hurt' + b'ing' -> b' hurting'
  b' van' + b'ished' -> b' vanished'
  b' gif' + b'ts' -> b' gifts'
  b' dress' + b'ed' -> b' dressed'
  b' invit' + b'ation' -> b' invitation'
  b' sol' + b'ved' -> b' solved'
  b' li' + b'cks' -> b' licks'
  b' snugg' + b'led' -> b' snuggled'
  b' Sh' + b'aring' -> b' Sharing'
  b'i' + b'ppy' -> b'ippy'
  b' b' + b'le' -> b' ble'
  b' mar' + b'riage' -> b' marriage'
  b' quiet' + b'ly' -> b' quietly'
  b'g' + b'ie' -> b'gie'
  b' war' + b'ning' -> b' warning'
  b' j' + b'azz' -> b' jazz'
  b' breat' + b'he' -> b' breathe'
  b'rec' + b'i' -> b'reci'
  b' elephant' + b's' -> b' elephants'
  b' s' + b'izes' -> b' sizes'
  b' d' + b'ried' -> b' dried'
  b' fall' + b'en' -> b' fallen'
  b' land' + b'scape' -> b' landscape'
  b'or' + b'ies' -> b'ories'
  b' spr' + b'ink' -> b' sprink'
  b' neighb' + b'our' -> b' neighbour'
  b' m' + b'ice' -> b' mice'
  b'u' + b'esday' -> b'uesday'
  b' app' + b'reci' -> b' appreci'
  b' S' + b'ophie' -> b' Sophie'
  b' Joe' + b'y' -> b' Joey'
  b' \xe2\x80' + b'\x93' -> b' \xe2\x80\x93'
  b' eag' + b'erly' -> b' eagerly'
  b' sail' + b'ing' -> b' sailing'
  b' Co' + b'co' -> b' Coco'
  b' pa' + b'used' -> b' paused'
  b'ip' + b's' -> b'ips'
  b' count' + b'er' -> b' counter'
  b' G' + b'ood' -> b' Good'
  b' Boun' + b'ce' -> b' Bounce'
  b' P' + b'enny' -> b' Penny'
  b' wor' + b'th' -> b' worth'
  b'look' + b'ing' -> b'looking'
  b' R' + b'ock' -> b' Rock'
  b' o' + b'xygen' -> b' oxygen'
  b'B' + b'ecause' -> b'Because'
  b' re' + b'lease' -> b' release'
  b' shin' + b'ed' -> b' shined'
  b'N' + b'ot' -> b'Not'
  b'p' + b'ted' -> b'pted'
  b' re' + b'aches' -> b' reaches'
  b' bal' + b'an' -> b' balan'
  b' Z' + b'ara' -> b' Zara'
  b'is' + b'ses' -> b'isses'
  b' o' + b'h' -> b' oh'
  b' k' + b'isses' -> b' kisses'
  b' sty' + b'le' -> b' style'
  b' bri' + b'cks' -> b' bricks'
  b' play' + b's' -> b' plays'
  b' gl' + b'o' -> b' glo'
  b' T' + b'uesday' -> b' Tuesday'
  b' ide' + b'as' -> b' ideas'
  b's' + b'ed' -> b'sed'
  b' in' + b'st' -> b' inst'
  b' w' + b'ob' -> b' wob'
  b' firework' + b's' -> b' fireworks'
  b'B' + b'ella' -> b'Bella'
  b'igg' + b'ly' -> b'iggly'
  b'uc' + b'ked' -> b'ucked'
  b' see' + b'ing' -> b' seeing'
  b' fl' + b'ap' -> b' flap'
  b'op' + b's' -> b'ops'
  b' acce' + b'pted' -> b' accepted'
  b'r' + b'ight' -> b'right'
  b' P' + b'ip' -> b' Pip'
  b'To' + b'day' -> b'Today'
  b' bl' + b'ink' -> b' blink'
  b'm' + b'm' -> b'mm'
  b' R' + b'os' -> b' Ros'
  b' tre' + b'mb' -> b' tremb'
  b'The' + b'se' -> b'These'
  b' mu' + b'ddy' -> b' muddy'
  b' mem' + b'ory' -> b' memory'
  b' mar' + b'ried' -> b' married'
  b' tomato' + b'es' -> b' tomatoes'
  b' ex' + b'it' -> b' exit'
  b' Ann' + b'ie' -> b' Annie'
  b' wag' + b'ging' -> b' wagging'
  b' fa' + b'sh' -> b' fash'
  b'R' + b'emy' -> b'Remy'
  b' Ch' + b'arlie' -> b' Charlie'
  b' wander' + b'ed' -> b' wandered'
  b'un' + b'ately' -> b'unately'
  b'ipp' + b'ing' -> b'ipping'
  b' glo' + b'ves' -> b' gloves'
  b' cap' + b'tain' -> b' captain'
  b' pillow' + b's' -> b' pillows'
  b' rece' + b'ive' -> b' receive'
  b' res' + b'p' -> b' resp'
  b' P' + b'inky' -> b' Pinky'
  b'ra' + b'ged' -> b'raged'
  b' d' + b'uring' -> b' during'
  b' Every' + b'thing' -> b' Everything'
  b'et' + b'ch' -> b'etch'
  b' we' + b'b' -> b' web'
  b' pet' + b'als' -> b' petals'
  b' water' + b'ed' -> b' watered'
  b' E' + b'ventually' -> b' Eventually'
  b' s' + b'i' -> b' si'
  b'i' + b'ved' -> b'ived'
  b' man' + b'age' -> b' manage'
  b' pin' + b'ched' -> b' pinched'
  b' br' + b'ings' -> b' brings'
  b' van' + b'ish' -> b' vanish'
  b' cake' + b's' -> b' cakes'
  b' fash' + b'ion' -> b' fashion'
  b' Blue' + b'y' -> b' Bluey'
  b' prin' + b'ter' -> b' printer'
  b' destroy' + b'ed' -> b' destroyed'
  b' treasure' + b's' -> b' treasures'
  b'n' + b'ce' -> b'nce'
  b' all' + b'ow' -> b' allow'
  b'up' + b's' -> b'ups'
  b' had' + b'n' -> b' hadn'
  b' wor' + b'se' -> b' worse'
  b' F' + b'ifi' -> b' Fifi'
  b'S' + b'urpr' -> b'Surpr'
  b' ve' + b'l' -> b' vel'
  b' hit' + b's' -> b' hits'
  b' b' + b'ur' -> b' bur'
  b'x' + b'u' -> b'xu'
  b' vel' + b'vet' -> b' velvet'
  b' app' + b'ear' -> b' appear'
  b' disag' + b'ree' -> b' disagree'
  b'd' + b'o' -> b'do'
  b' catch' + b'ing' -> b' catching'
  b' scatter' + b'ed' -> b' scattered'
  b' R' + b'o' -> b' Ro'
  b' mem' + b'ories' -> b' memories'
  b' sor' + b'ts' -> b' sorts'
  b' P' + b'apa' -> b' Papa'
  b' her' + b's' -> b' hers'
  b' scold' + b'ed' -> b' scolded'
  b' sign' + b's' -> b' signs'
  b' pe' + b'ars' -> b' pears'
  b' or' + b'anges' -> b' oranges'
  b' b' + b'ones' -> b' bones'
  b' ran' + b'g' -> b' rang'
  b' sn' + b'apped' -> b' snapped'
  b' sit' + b's' -> b' sits'
  b' seat' + b's' -> b' seats'
  b'u' + b'xu' -> b'uxu'
  b' gaz' + b'ed' -> b' gazed'
  b' ra' + b'ised' -> b' raised'
  b'B' + b'l' -> b'Bl'
  b' Mar' + b'ia' -> b' Maria'
  b' z' + b'ipped' -> b' zipped'
  b' p' + b'ies' -> b' pies'
  b' prin' + b'ts' -> b' prints'
  b' sh' + b'ot' -> b' shot'
  b' slid' + b'ing' -> b' sliding'
  b' Go' + b'd' -> b' God'
  b' fr' + b'o' -> b' fro'
  b' eas' + b'ier' -> b' easier'
  b'ss' + b'ible' -> b'ssible'
  b' skill' + b's' -> b' skills'
  b' climb' + b's' -> b' climbs'
  b' twir' + b'led' -> b' twirled'
  b'c' + b'cer' -> b'ccer'
  b' blanket' + b's' -> b' blankets'
  b' forg' + b'otten' -> b' forgotten'
  b' ba' + b'ked' -> b' baked'
  b'e' + b'ster' -> b'ester'
  b'Y' + b'um' -> b'Yum'
  b'ester' + b'day' -> b'esterday'
  b' differe' + b'nce' -> b' difference'
  b'or' + b'ted' -> b'orted'
  b' l' + b'uxu' -> b' luxu'
  b' gold' + b'en' -> b' golden'
  b'is' + b'ing' -> b'ising'
  b' k' + b'itty' -> b' kitty'
  b' T' + b'w' -> b' Tw'
  b' cut' + b'ting' -> b' cutting'
  b' se' + b'ason' -> b' season'
  b'ag' + b'gie' -> b'aggie'
  b' now' + b'here' -> b' nowhere'
  b' cr' + b'ow' -> b' crow'
  b'a' + b'h' -> b'ah'
  b' so' + b'ccer' -> b' soccer'
  b' d' + b'ared' -> b' dared'
  b' bit' + b'es' -> b' bites'
  b' H' + b'enry' -> b' Henry'
  b' H' + b'arry' -> b' Harry'
  b'an' + b'ny' -> b'anny'
  b' l' + b'ung' -> b' lung'
  b' celebr' + b'ated' -> b' celebrated'
  b'ch' + b'oo' -> b'choo'
  b'ch' + b'ie' -> b'chie'
  b' stra' + b'ight' -> b' straight'
  b' unl' + b'ocked' -> b' unlocked'
  b'st' + b'ers' -> b'sters'
  b' sor' + b'ting' -> b' sorting'
  b' coll' + b'ected' -> b' collected'
  b' ble' + b'ed' -> b' bleed'
  b'ap' + b'ed' -> b'aped'
  b'd' + b'ing' -> b'ding'
  b' welc' + b'omed' -> b' welcomed'
  b' vis' + b'ited' -> b' visited'
  b' spoon' + b's' -> b' spoons'
  b' our' + b's' -> b' ours'
  b' st' + b'itch' -> b' stitch'
  b' jog' + b'ging' -> b' jogging'
  b'Surpr' + b'ise' -> b'Surprise'
  b'med' + b'i' -> b'medi'
  b' em' + b'er' -> b' emer'
  b' Sp' + b'ark' -> b' Spark'
  b'medi' + b'ately' -> b'mediately'
  b' is' + b'n' -> b' isn'
  b' to' + b'ng' -> b' tong'
  b' tra' + b've' -> b' trave'
  b' win' + b'ner' -> b' winner'
  b'um' + b'ble' -> b'umble'
  b' s' + b'ince' -> b' since'
  b' ru' + b'in' -> b' ruin'
  b' pret' + b't' -> b' prett'
  b'O' + b'k' -> b'Ok'
  b'M' + b'oral' -> b'Moral'
  b' T' + b'ony' -> b' Tony'
  b' att' + b'ached' -> b' attached'
  b' weep' + b'ing' -> b' weeping'
  b' march' + b'ing' -> b' marching'
  b' luxu' + b'ry' -> b' luxury'
  b' simp' + b'le' -> b' simple'
  b' E' + b'ach' -> b' Each'
  b' should' + b'n' -> b' shouldn'
  b' guess' + b'ed' -> b' guessed'
  b' z' + b'ero' -> b' zero'
  b' cre' + b'ated' -> b' created'
  b' stuff' + b'ed' -> b' stuffed'
  b' pet' + b's' -> b' pets'
  b'ct' + b'ion' -> b'ction'
  b' wa' + b'ist' -> b' waist'
  b' fam' + b'il' -> b' famil'
  b' ur' + b'ged' -> b' urged'
  b' bow' + b'ed' -> b' bowed'
  b' sell' + b'ing' -> b' selling'
  b' flo' + b'ating' -> b' floating'
  b'r' + b'r' -> b'rr'
  b' Sm' + b'ith' -> b' Smith'
  b' by' + b'e' -> b' bye'
  b' K' + b'ing' -> b' King'
  b' v' + b'ict' -> b' vict'
  b' king' + b'dom' -> b' kingdom'
  b' olive' + b's' -> b' olives'
  b' kick' + b'ing' -> b' kicking'
  b' W' + b'iggly' -> b' Wiggly'
  b' pun' + b'ished' -> b' punished'
  b' L' + b'iz' -> b' Liz'
  b' B' + b'aby' -> b' Baby'
  b's' + b'it' -> b'sit'
  b' to' + b'es' -> b' toes'
  b' gr' + b'ant' -> b' grant'
  b' mus' + b'cles' -> b' muscles'
  b' jewel' + b's' -> b' jewels'
  b' Ros' + b'ie' -> b' Rosie'
  b' bed' + b's' -> b' beds'
  b' mel' + b'ted' -> b' melted'
  b'Good' + b'bye' -> b'Goodbye'
  b' sl' + b'ice' -> b' slice'
  b' gr' + b'in' -> b' grin'
  b' understand' + b'ing' -> b' understanding'
  b' collect' + b'ion' -> b' collection'
  b' to' + b're' -> b' tore'
  b' meas' + b'ured' -> b' measured'
  b'ak' + b'er' -> b'aker'
  b' cra' + b's' -> b' cras'
  b'omed' + b'ay' -> b'omeday'
  b'i' + b'ers' -> b'iers'
  b' tra' + b'pped' -> b' trapped'
  b' l' + b'ined' -> b' lined'
  b"'" + b've' -> b"'ve"
  b' ac' + b'ted' -> b' acted'
  b'fort' + b'unately' -> b'fortunately'
  b' encou' + b'raged' -> b' encouraged'
  b'v' + b'a' -> b'va'
  b' S' + b'andy' -> b' Sandy'
  b' rece' + b'ived' -> b' received'
  b' waff' + b'les' -> b' waffles'
  b' Be' + b'fore' -> b' Before'
  b' W' + b'ally' -> b' Wally'
  b' we' + b'st' -> b' west'
  b' me' + b'ow' -> b' meow'
  b'ent' + b's' -> b'ents'
  b' pattern' + b's' -> b' patterns'
  b'r' + b'in' -> b'rin'
  b'in' + b'o' -> b'ino'
  b' br' + b'us' -> b' brus'
  b'e' + b'ath' -> b'eath'
  b' mouth' + b's' -> b' mouths'
  b'k' + b'ins' -> b'kins'
  b' b' + b'ang' -> b' bang'
  b'r' + b'ing' -> b'ring'
  b' K' + b'ate' -> b' Kate'
  b'Me' + b'ow' -> b'Meow'
  b' pe' + b'aches' -> b' peaches'
  b' b' + b'reeze' -> b' breeze'
  b'ad' + b'ed' -> b'aded'
  b'un' + b'e' -> b'une'
  b' prin' + b'ted' -> b' printed'
  b' sold' + b'iers' -> b' soldiers'
  b' s' + b'omeday' -> b' someday'
  b' potato' + b'es' -> b' potatoes'
  b' pup' + b'il' -> b' pupil'
  b'um' + b'es' -> b'umes'
  b' M' + b'illie' -> b' Millie'
  b' drink' + b's' -> b' drinks'
  b' she' + b'd' -> b' shed'
  b' exper' + b'ience' -> b' experience'
  b' T' + b'una' -> b' Tuna'
  b' present' + b's' -> b' presents'
  b' fire' + b'f' -> b' firef'
  b' Ru' + b'by' -> b' Ruby'
  b' sur' + b'round' -> b' surround'
  b' n' + b'one' -> b' none'
  b'os' + b'ed' -> b'osed'
  b' voice' + b's' -> b' voices'
  b'e' + b'ep' -> b'eep'
  b' dr' + b'inking' -> b' drinking'
  b' Un' + b'cle' -> b' Uncle'
  b'is' + b'hing' -> b'ishing'
  b' relax' + b'ed' -> b' relaxed'
  b' vict' + b'ory' -> b' victory'
  b'c' + b'us' -> b'cus'
  b' paint' + b's' -> b' paints'
  b' bre' + b'aking' -> b' breaking'
  b'e' + b've' -> b'eve'
  b' hur' + b'ried' -> b' hurried'
  b'iss' + b'ion' -> b'ission'
  b' tw' + b'ink' -> b' twink'
  b' tong' + b'ue' -> b' tongue'
  b' cost' + b'umes' -> b' costumes'
  b' fl' + b'at' -> b' flat'
  b' mention' + b'ed' -> b' mentioned'
  b' beg' + b'ged' -> b' begged'
  b' te' + b'asing' -> b' teasing'
  b' whist' + b'ling' -> b' whistling'
  b' f' + b'etch' -> b' fetch'
  b' perm' + b'ission' -> b' permission'
  b' s' + b'ip' -> b' sip'
  b' disag' + b'reed' -> b' disagreed'
  b' pe' + b'arl' -> b' pearl'
  b'ake' + b's' -> b'akes'
  b' str' + b'o' -> b' stro'
  b've' + b'st' -> b'vest'
  b' The' + b'se' -> b' These'
  b' e' + b'sc' -> b' esc'
  b' app' + b'ro' -> b' appro'
  b' sk' + b'ipping' -> b' skipping'
  b' fis' + b'hing' -> b' fishing'
  b' M' + b'ay' -> b' May'
  b'Le' + b'o' -> b'Leo'
  b' hig' + b'hest' -> b' highest'
  b' p' + b'ra' -> b' pra'
  b' wat' + b'ches' -> b' watches'
  b' sor' + b'ted' -> b' sorted'
  b' ring' + b'ing' -> b' ringing'
  b'sh' + b'ip' -> b'ship'
  b' to' + b'night' -> b' tonight'
  b' B' + b'o' -> b' Bo'
  b' op' + b'in' -> b' opin'
  b' let' + b's' -> b' lets'
  b'ic' + b'ing' -> b'icing'
  b' ' + b'Qu' -> b' Qu'
  b' perfect' + b'ly' -> b' perfectly'
  b' shadow' + b's' -> b' shadows'
  b' im' + b'mediately' -> b' immediately'
  b' herb' + b's' -> b' herbs'
  b' warm' + b'th' -> b' warmth'
  b' sp' + b'it' -> b' spit'
  b' remain' + b'ed' -> b' remained'
  b't' + b'her' -> b'ther'
  b' It' + b's' -> b' Its'
  b'w' + b'alk' -> b'walk'
  b'Bob' + b'by' -> b'Bobby'
  b'irr' + b'ing' -> b'irring'
  b'J' + b'en' -> b'Jen'
  b' sne' + b'ak' -> b' sneak'
  b' s' + b'ix' -> b' six'
  b' lip' + b's' -> b' lips'
  b' kneel' + b'ed' -> b' kneeled'
  b'Bl' + b'ue' -> b'Blue'
  b' cont' + b'est' -> b' contest'
  b' C' + b'he' -> b' Che'
  b'ut' + b'ter' -> b'utter'
  b' cartoon' + b's' -> b' cartoons'
  b' side' + b'walk' -> b' sidewalk'
  b' col' + b'ours' -> b' colours'
  b' stamp' + b's' -> b' stamps'
  b' ag' + b'o' -> b' ago'
  b'H' + b'a' -> b'Ha'
  b' T' + b'oto' -> b' Toto'
  b' B' + b'oo' -> b' Boo'
  b' Fo' + b'llow' -> b' Follow'
  b' e' + b'ast' -> b' east'
  b' head' + b'ed' -> b' headed'
  b'o' + b'ved' -> b'oved'
  b'"' + b',' -> b'",'
  b' str' + b'ang' -> b' strang'
  b' lady' + b'b' -> b' ladyb'
  b' f' + b'ed' -> b' fed'
  b' supp' + b'osed' -> b' supposed'
  b' root' + b's' -> b' roots'
  b' li' + b'ck' -> b' lick'
  b' cr' + b'unch' -> b' crunch'
  b' mix' + b'ing' -> b' mixing'
  b' work' + b's' -> b' works'
  b' decor' + b'ations' -> b' decorations'
  b' melt' + b'ing' -> b' melting'
  b' kn' + b'own' -> b' known'
  b' emer' + b'gen' -> b' emergen'
  b'M' + b'andy' -> b'Mandy'
  b' rest' + b'ed' -> b' rested'
  b' A' + b'b' -> b' Ab'
  b' l' + b'ines' -> b' lines'
  b' Su' + b'zy' -> b' Suzy'
  b' l' + b'ily' -> b' lily'
  b' J' + b'ul' -> b' Jul'
  b' inst' + b'r' -> b' instr'
  b' la' + b'id' -> b' laid'
  b' G' + b'r' -> b' Gr'
  b' succeed' + b'ed' -> b' succeeded'
  b' con' + b'es' -> b' cones'
  b' wigg' + b'le' -> b' wiggle'
  b'et' + b'y' -> b'ety'
  b's' + b'ing' -> b'sing'
  b' sh' + b'ock' -> b' shock'
  b' set' + b'ting' -> b' setting'
  b' S' + b'low' -> b' Slow'
  b' stud' + b'ied' -> b' studied'
  b' strang' + b'ers' -> b' strangers'
  b' Rock' + b'y' -> b' Rocky'
  b'Re' + b'ally' -> b'Really'
  b' twig' + b's' -> b' twigs'
  b' br' + b'id' -> b' brid'
  b' their' + b's' -> b' theirs'
  b' D' + b'r' -> b' Dr'
  b' girl' + b's' -> b' girls'
  b'b' + b'oo' -> b'boo'
  b'!"' + b',' -> b'!",'
  b' scream' + b's' -> b' screams'
  b' land' + b's' -> b' lands'
  b' ord' + b'ered' -> b' ordered'
  b' st' + b'irring' -> b' stirring'
  b' moment' + b's' -> b' moments'
  b' field' + b's' -> b' fields'
  b' al' + b'right' -> b' alright'
  b' steal' + b'ing' -> b' stealing'
  b'd' + b'ed' -> b'ded'
  b'And' + b'y' -> b'Andy'
  b' r' + b'ul' -> b' rul'
  b' brave' + b'ly' -> b' bravely'
  b'av' + b'id' -> b'avid'
  b' B' + b'oth' -> b' Both'
  b' m' + b'ister' -> b' mister'
  b'!' + b"'" -> b"!'"
  b' in' + b'vest' -> b' invest'
  b' scrat' + b'ched' -> b' scratched'
  b' play' + b'time' -> b' playtime'
  b' ri' + b'pped' -> b' ripped'
  b' invest' + b'ig' -> b' investig'
  b' t' + b'ucked' -> b' tucked'
  b' rest' + b'ing' -> b' resting'
  b' burn' + b'ing' -> b' burning'
  b'is' + b'hes' -> b'ishes'
  b' Cl' + b'ara' -> b' Clara'
  b' Ch' + b'icky' -> b' Chicky'
  b' brid' + b'ges' -> b' bridges'
  b' off' + b'icer' -> b' officer'
  b'p' + b'lease' -> b'please'
  b'Sam' + b'my' -> b'Sammy'
  b'B' + b'ird' -> b'Bird'
  b'ab' + b'ies' -> b'abies'
  b' sett' + b'led' -> b' settled'
  b' mat' + b'ched' -> b' matched'
  b' a' + b'chie' -> b' achie'
  b' te' + b'x' -> b' tex'
  b' tex' + b'ture' -> b' texture'
  b'H' + b'appy' -> b'Happy'
  b' wait' + b's' -> b' waits'
  b' turn' + b'ing' -> b' turning'
  b' Sk' + b'y' -> b' Sky'
  b'P' + b'eter' -> b'Peter'
  b'or' + b'ed' -> b'ored'
  b' tremb' + b'ling' -> b' trembling'
  b'ist' + b'en' -> b'isten'
  b' nail' + b's' -> b' nails'
  b'at' + b'ie' -> b'atie'
  b' muff' + b'ins' -> b' muffins'
  b' Some' + b'one' -> b' Someone'
  b'id' + b's' -> b'ids'
  b' esc' + b'aped' -> b' escaped'
  b' J' + b'ames' -> b' James'
  b' pile' + b's' -> b' piles'
  b' investig' + b'ate' -> b' investigate'
  b'os' + b'ity' -> b'osity'
  b' bro' + b'om' -> b' broom'
  b' ladyb' + b'ug' -> b' ladybug'
  b' so' + b're' -> b' sore'
  b' Pe' + b'pper' -> b' Pepper'
  b' appreci' + b'ate' -> b' appreciate'
  b' adm' + b'ir' -> b' admir'
  b' th' + b'reat' -> b' threat'
  b' b' + b'abies' -> b' babies'
  b' sil' + b'ence' -> b' silence'
  b' sister' + b's' -> b' sisters'
  b' emergen' + b'cy' -> b' emergency'
  b' are' + b'a' -> b' area'
  b'id' + b'es' -> b'ides'
  b' dad' + b's' -> b' dads'
  b' answ' + b'ers' -> b' answers'
  b' pu' + b'pp' -> b' pupp'
  b' key' + b's' -> b' keys'
  b' chew' + b'ing' -> b' chewing'
  b' sl' + b'apped' -> b' slapped'
  b' w' + b'iz' -> b' wiz'
  b' import' + b'ance' -> b' importance'
  b'B' + b'oo' -> b'Boo'
  b' ser' + b'ved' -> b' served'
  b' H' + b'op' -> b' Hop'
  b' saf' + b'ety' -> b' safety'
  b'iz' + b'ing' -> b'izing'
  b'B' + b'u' -> b'Bu'
  b'W' + b'ould' -> b'Would'
  b' spark' + b'le' -> b' sparkle'
  b' touch' + b'ing' -> b' touching'
  b' L' + b'ater' -> b' Later'
  b' so' + b'ared' -> b' soared'
  b'ig' + b'ail' -> b'igail'
  b' s' + b'ings' -> b' sings'
  b' he' + b'n' -> b' hen'
  b'all' + b'en' -> b'allen'
  b'E' + b'lla' -> b'Ella'
  b'b' + b'ers' -> b'bers'
  b'ant' + b'ly' -> b'antly'
  b'Mom' + b'o' -> b'Momo'
  b' D' + b'ino' -> b' Dino'
  b' keep' + b's' -> b' keeps'
  b' amaz' + b'ement' -> b' amazement'
  b' ch' + b'allen' -> b' challen'
  b' tw' + b'in' -> b' twin'
  b' he' + b'sit' -> b' hesit'
  b' reveal' + b'ed' -> b' revealed'
  b'an' + b'na' -> b'anna'
  b'ache' + b'l' -> b'achel'
  b' it' + b'em' -> b' item'
  b' d' + b'ire' -> b' dire'
  b' so' + b'aked' -> b' soaked'
  b'z' + b'ing' -> b'zing'
  b' wr' + b'it' -> b' writ'
  b' food' + b's' -> b' foods'
  b' rid' + b'es' -> b' rides'
  b' dinosaur' + b's' -> b' dinosaurs'
  b' record' + b'ed' -> b' recorded'
  b' tick' + b'le' -> b' tickle'
  b' in' + b'ch' -> b' inch'
  b' Z' + b'igzag' -> b' Zigzag'
  b' M' + b'e' -> b' Me'
  b' wiz' + b'ard' -> b' wizard'
  b' v' + b'et' -> b' vet'
  b' trip' + b's' -> b' trips'
  b' glow' + b'ed' -> b' glowed'
  b' A' + b'n' -> b' An'
  b' Fr' + b'og' -> b' Frog'
  b'M' + b'mm' -> b'Mmm'
  b' h' + b'i' -> b' hi'
  b' be' + b'amed' -> b' beamed'
  b' qu' + b'ack' -> b' quack'
  b' cur' + b'led' -> b' curled'
  b' ha' + b'ted' -> b' hated'
  b' w' + b'ink' -> b' wink'
  b' sho' + b'pping' -> b' shopping'
  b' eat' + b's' -> b' eats'
  b'E' + b'ventually' -> b'Eventually'
  b' B' + b'ug' -> b' Bug'
  b' pra' + b'ised' -> b' praised'
  b' wood' + b'en' -> b' wooden'
  b' bring' + b'ing' -> b' bringing'
  b' mitten' + b's' -> b' mittens'
  b' study' + b'ing' -> b' studying'
  b' gu' + b'y' -> b' guy'
  b' brus' + b'hes' -> b' brushes'
  b' space' + b'ship' -> b' spaceship'
  b' g' + b'ust' -> b' gust'
  b' craw' + b'ling' -> b' crawling'
  b' Somet' + b'hing' -> b' Something'
  b'C' + b'at' -> b'Cat'
  b' rul' + b'er' -> b' ruler'
  b' fl' + b'av' -> b' flav'
  b' down' + b'stairs' -> b' downstairs'
  b' shoot' + b'ing' -> b' shooting'
  b' tast' + b'es' -> b' tastes'
  b' n' + b'apping' -> b' napping'
  b' sprink' + b'les' -> b' sprinkles'
  b' mark' + b's' -> b' marks'
  b' cudd' + b'led' -> b' cuddled'
  b' d' + b'ot' -> b' dot'
  b'he' + b'llo' -> b'hello'
  b'pl' + b'ash' -> b'plash'
  b' f' + b'ut' -> b' fut'
  b'a' + b'les' -> b'ales'
  b'a' + b'ved' -> b'aved'
  b' fut' + b'ure' -> b' future'
  b' mon' + b'sters' -> b' monsters'
  b' coll' + b'ecting' -> b' collecting'
  b' meas' + b'uring' -> b' measuring'
  b' H' + b'appy' -> b' Happy'
  b"'" + b'.' -> b"'."
  b' famil' + b'ies' -> b' families'
  b' O' + b'ut' -> b' Out'
  b' F' + b'irst' -> b' First'
  b' M' + b'o' -> b' Mo'
  b' th' + b'rill' -> b' thrill'
  b' o' + b'at' -> b' oat'
  b'ir' + b'ts' -> b'irts'
  b' res' + b'ult' -> b' result'
  b'J' + b'ake' -> b'Jake'
  b' appro' + b'ached' -> b' approached'
  b' R' + b'abbit' -> b' Rabbit'
  b' crunch' + b'y' -> b' crunchy'
  b'a' + b'ct' -> b'act'
  b'U' + b'n' -> b'Un'
  b' rem' + b'em' -> b' remem'
  b' bleed' + b'ing' -> b' bleeding'
  b' remem' + b'bers' -> b' remembers'
  b' n' + b'icer' -> b' nicer'
  b' be' + b'at' -> b' beat'
  b' sne' + b'aky' -> b' sneaky'
  b' disturb' + b'ed' -> b' disturbed'
  b' lead' + b'er' -> b' leader'
  b' sc' + b'aring' -> b' scaring'
  b'O' + b'r' -> b'Or'
  b'h' + b'ind' -> b'hind'
  b' pe' + b'el' -> b' peel'
  b' H' + b'ope' -> b' Hope'
  b' fire' + b'men' -> b' firemen'
  b' neighbor' + b'hood' -> b' neighborhood'
  b' St' + b'ar' -> b' Star'
  b' gre' + b'y' -> b' grey'
  b' N' + b'ot' -> b' Not'
  b' mot' + b'ion' -> b' motion'
  b' no' + b'on' -> b' noon'
  b' po' + b'ssible' -> b' possible'
  b'Em' + b'ily' -> b'Emily'
  b'S' + b'omet' -> b'Somet'
  b' apolog' + b'ized' -> b' apologized'
  b' we' + b'ighed' -> b' weighed'
  b'u' + b'es' -> b'ues'
  b' D' + b'id' -> b' Did'
  b' ticket' + b's' -> b' tickets'
  b'C' + b'l' -> b'Cl'
  b' nap' + b's' -> b' naps'
  b' loo' + b'se' -> b' loose'
  b' pr' + b'ide' -> b' pride'
  b' you' + b'th' -> b' youth'
  b' swim' + b's' -> b' swims'
  b'p' + b'ed' -> b'ped'
  b' str' + b'ings' -> b' strings'
  b' recogn' + b'ized' -> b' recognized'
  b' si' + b'ren' -> b' siren'
  b' po' + b'king' -> b' poking'
  b'f' + b'ied' -> b'fied'
  b' H' + b'o' -> b' Ho'
  b'c' + b'ious' -> b'cious'
  b'h' + b'a' -> b'ha'
  b'el' + b'vet' -> b'elvet'
  b' tri' + b'cked' -> b' tricked'
  b' wonder' + b's' -> b' wonders'
  b' gain' + b'ed' -> b' gained'
  b' want' + b'ing' -> b' wanting'
  b' cras' + b'hed' -> b' crashed'
  b' o' + b'be' -> b' obe'
  b' sees' + b'aw' -> b' seesaw'
  b' work' + b'er' -> b' worker'
  b'unn' + b'ies' -> b'unnies'
  b'l' + b's' -> b'ls'
  b'om' + b'ing' -> b'oming'
  b' draw' + b's' -> b' draws'
  b' scoop' + b'ed' -> b' scooped'
  b'.' + b"'" -> b".'"
  b' zoom' + b'ing' -> b' zooming'
  b' opin' + b'ion' -> b' opinion'
  b' yell' + b'ing' -> b' yelling'
  b' prep' + b'ared' -> b' prepared'
  b' grin' + b'ned' -> b' grinned'
  b' Slow' + b'ly' -> b' Slowly'
  b' a' + b'we' -> b' awe'
  b' poem' + b's' -> b' poems'
  b' dog' + b'gy' -> b' doggy'
  b' act' + b'ing' -> b' acting'
  b' Be' + b'ep' -> b' Beep'
  b' happ' + b'iest' -> b' happiest'
  b' che' + b'f' -> b' chef'
  b' sne' + b'aked' -> b' sneaked'
  b' resp' + b'ons' -> b' respons'
  b' e' + b'ff' -> b' eff'
  b' Al' + b'ways' -> b' Always'
  b' L' + b'izzy' -> b' Lizzy'
  b' own' + b'ed' -> b' owned'
  b' b' + b'unnies' -> b' bunnies'
  b' any' + b'time' -> b' anytime'
  b' str' + b'uck' -> b' struck'
  b' ped' + b'als' -> b' pedals'
  b'oy' + b's' -> b'oys'
  b' kn' + b'elt' -> b' knelt'
  b'en' + b'a' -> b'ena'
  b'O' + b'llie' -> b'Ollie'
  b' secret' + b's' -> b' secrets'
  b' p' + b'ause' -> b' pause'
  b' decor' + b'ated' -> b' decorated'
  b' horn' + b's' -> b' horns'
  b' agre' + b'ement' -> b' agreement'
  b' S' + b'qu' -> b' Squ'
  b'id' + b'ed' -> b'ided'
  b' fr' + b'ost' -> b' frost'
  b' tall' + b'est' -> b' tallest'
  b' obe' + b'y' -> b' obey'
  b'R' + b'emember' -> b'Remember'
  b'riend' + b's' -> b'riends'
  b'og' + b'o' -> b'ogo'
  b' St' + b'op' -> b' Stop'
  b'H' + b'ave' -> b'Have'
  b' decid' + b'es' -> b' decides'
  b' ' + b'Once' -> b' Once'
  b' beh' + b'aved' -> b' behaved'
  b' t' + b'ugged' -> b' tugged'
  b' s' + b'ides' -> b' sides'
  b' w' + b'oof' -> b' woof'
  b' sl' + b'im' -> b' slim'
  b'z' + b'en' -> b'zen'
  b' good' + b'night' -> b' goodnight'
  b' keep' + b'er' -> b' keeper'
  b' spark' + b'ling' -> b' sparkling'
  b' chirp' + b'ed' -> b' chirped'
  b' pre' + b'cious' -> b' precious'
  b'm' + b'other' -> b'mother'
  b'l' + b'ier' -> b'lier'
  b'i' + b'en' -> b'ien'
  b'T' + b'r' -> b'Tr'
  b' repe' + b'ated' -> b' repeated'
  b' clap' + b's' -> b' claps'
  b'ind' + b'y' -> b'indy'
  b'aff' + b'es' -> b'affes'
  b' snowball' + b's' -> b' snowballs'
  b' cont' + b'ain' -> b' contain'
  b'u' + b'd' -> b'ud'
  b'r' + b's' -> b'rs'
  b' R' + b'ay' -> b' Ray'
  b' our' + b'selves' -> b' ourselves'
  b'all' + b'ow' -> b'allow'
  b' gir' + b'affes' -> b' giraffes'
  b' balan' + b'cing' -> b' balancing'
  b' kind' + b'ly' -> b' kindly'
  b' spend' + b'ing' -> b' spending'
  b' writ' + b'es' -> b' writes'
  b'ay' + b's' -> b'ays'
  b'pp' + b'ers' -> b'ppers'
  b' L' + b'ike' -> b' Like'
  b'om' + b'as' -> b'omas'
  b' pr' + b'op' -> b' prop'
  b' his' + b'sed' -> b' hissed'
  b'F' + b'irst' -> b'First'
  b' fro' + b'zen' -> b' frozen'
  b' frost' + b'ing' -> b' frosting'
  b' eff' + b'ort' -> b' effort'
  b' buzz' + b'ing' -> b' buzzing'
  b' strugg' + b'led' -> b' struggled'
  b'o' + b'h' -> b'oh'
  b' St' + b'eve' -> b' Steve'
  b' admir' + b'ing' -> b' admiring'
  b' re' + b'le' -> b' rele'
  b'ig' + b'gy' -> b'iggy'
  b' sweet' + b'ies' -> b' sweeties'
  b' V' + b'elvet' -> b' Velvet'
  b' slim' + b'y' -> b' slimy'
  b' br' + b'ushed' -> b' brushed'
  b' bloom' + b'ed' -> b' bloomed'
  b'S' + b'usie' -> b'Susie'
  b' A' + b'm' -> b' Am'
  b' pol' + b'ished' -> b' polished'
  b' Z' + b'oe' -> b' Zoe'
  b'ar' + b'th' -> b'arth'
  b'an' + b'ted' -> b'anted'
  b' comf' + b'y' -> b' comfy'
  b' b' + b'oo' -> b' boo'
  b' stay' + b'ing' -> b' staying'
  b' ru' + b'bbing' -> b' rubbing'
  b'D' + b'ucky' -> b'Ducky'
  b' rock' + b'ing' -> b' rocking'
  b' pocket' + b's' -> b' pockets'
  b' thrill' + b'ed' -> b' thrilled'
  b' be' + b'side' -> b' beside'
  b' comp' + b'le' -> b' comple'
  b' A' + b'unt' -> b' Aunt'
  b' M' + b'aggie' -> b' Maggie'
  b'A' + b'h' -> b'Ah'
  b' e' + b'ight' -> b' eight'
  b'ur' + b'ry' -> b'urry'
  b'is' + b'dom' -> b'isdom'
  b' mach' + b'ines' -> b' machines'
  b' ear' + b'lier' -> b' earlier'
  b' y' + b'esterday' -> b' yesterday'
  b' seem' + b's' -> b' seems'
  b' r' + b'ust' -> b' rust'
  b' K' + b'eep' -> b' Keep'
  b'S' + b'p' -> b'Sp'
  b' trave' + b'led' -> b' traveled'
  b' fold' + b'ing' -> b' folding'
  b' bo' + b'om' -> b' boom'
  b' cra' + b'cked' -> b' cracked'
  b'it' + b'ies' -> b'ities'
  b' hug' + b'ging' -> b' hugging'
  b' rad' + b'ishes' -> b' radishes'
  b' St' + b'itch' -> b' Stitch'
  b' open' + b'ing' -> b' opening'
  b' lo' + b'ving' -> b' loving'
  b' cir' + b'cus' -> b' circus'
  b' surround' + b'ed' -> b' surrounded'
  b' curi' + b'osity' -> b' curiosity'
  b' R' + b'achel' -> b' Rachel'
  b' spray' + b'ing' -> b' spraying'
  b' demand' + b'ed' -> b' demanded'
  b' paint' + b'ings' -> b' paintings'
  b'am' + b'ie' -> b'amie'
  b' G' + b'reen' -> b' Green'
  b' rem' + b'oved' -> b' removed'
  b' g' + b'aze' -> b' gaze'
  b' hon' + b'k' -> b' honk'
  b' pebb' + b'les' -> b' pebbles'
  b' zoo' + b'keeper' -> b' zookeeper'
  b' hard' + b'ly' -> b' hardly'
  b' cat' + b'ches' -> b' catches'
  b'ed' + b'ding' -> b'edding'
  b' st' + b'ing' -> b' sting'
  b' stri' + b'pes' -> b' stripes'
  b' pow' + b'ers' -> b' powers'
  b' load' + b'ed' -> b' loaded'
  b' Pipp' + b'a' -> b' Pippa'
  b'Somet' + b'imes' -> b'Sometimes'
  b' splas' + b'hes' -> b' splashes'
  b' pot' + b's' -> b' pots'
  b' pet' + b'ted' -> b' petted'
  b' match' + b'ing' -> b' matching'
  b' D' + b'avid' -> b' David'
  b'Thank' + b's' -> b'Thanks'
  b' to' + b'ss' -> b' toss'
  b' st' + b'are' -> b' stare'
  b' be' + b'lly' -> b' belly'
  b'Y' + b'ummy' -> b'Yummy'
  b'i' + b'bb' -> b'ibb'
  b' what' + b'ever' -> b' whatever'
  b' apolog' + b'ize' -> b' apologize'
  b' ro' + b'cked' -> b' rocked'
  b' comf' + b'orted' -> b' comforted'
  b' B' + b'ree' -> b' Bree'
  b' dec' + b'ision' -> b' decision'
  b' ribb' + b'ons' -> b' ribbons'
  b' J' + b'oy' -> b' Joy'
  b' Bird' + b'ie' -> b' Birdie'
  b'er' + b'n' -> b'ern'
  b' strugg' + b'ling' -> b' struggling'
  b' ex' + b'pected' -> b' expected'
  b' des' + b'er' -> b' deser'
  b' ste' + b'ep' -> b' steep'
  b'w' + b'h' -> b'wh'
  b' prot' + b'ected' -> b' protected'
  b' neighb' + b'ors' -> b' neighbors'
  b' smile' + b'y' -> b' smiley'
  b' chase' + b's' -> b' chases'
  b'D' + b'uring' -> b'During'
  b' gr' + b'anted' -> b' granted'
  b' cr' + b'umb' -> b' crumb'
  b' M' + b'at' -> b' Mat'
  b' pur' + b'red' -> b' purred'
  b' di' + b'ving' -> b' diving'
  b' sad' + b'ness' -> b' sadness'
  b'Wh' + b'iskers' -> b'Whiskers'
  b' organ' + b'izing' -> b' organizing'
  b'low' + b'ers' -> b'lowers'
  b' eag' + b'le' -> b' eagle'
  b' hero' + b'es' -> b' heroes'
  b' d' + b'ipped' -> b' dipped'
  b' sun' + b'light' -> b' sunlight'
  b' li' + b'ed' -> b' lied'
  b' pastel' + b's' -> b' pastels'
  b' Fr' + b'ank' -> b' Frank'
  b'E' + b'x' -> b'Ex'
  b' saf' + b'er' -> b' safer'
  b' road' + b's' -> b' roads'
  b' scr' + b'u' -> b' scru'
  b' arg' + b'ued' -> b' argued'
  b' M' + b'illy' -> b' Milly'
  b' go' + b'als' -> b' goals'
  b' W' + b'ater' -> b' Water'
  b' disco' + b'very' -> b' discovery'
  b' Ab' + b'igail' -> b' Abigail'
  b' vill' + b'ag' -> b' villag'
  b' pe' + b'ered' -> b' peered'
  b'R' + b'o' -> b'Ro'
  b' Boun' + b'cy' -> b' Bouncy'
  b'u' + b'se' -> b'use'
  b'an' + b'a' -> b'ana'
  b'l' + b'oe' -> b'loe'
  b' t' + b'im' -> b' tim'
  b' drag' + b'ons' -> b' dragons'
  b' build' + b'ings' -> b' buildings'
  b' bucket' + b's' -> b' buckets'
  b' part' + b'ies' -> b' parties'
  b' be' + b'ard' -> b' beard'
  b' w' + b'edding' -> b' wedding'
  b'R' + b'ex' -> b'Rex'
  b' fl' + b'utter' -> b' flutter'
  b' planet' + b's' -> b' planets'
  b' an' + b'n' -> b' ann'
  b' Rob' + b'by' -> b' Robby'
  b' pol' + b'ishing' -> b' polishing'
  b' fa' + b'sc' -> b' fasc'
  b'ir' + b'a' -> b'ira'
  b' rele' + b'ased' -> b' released'
  b' Ch' + b'r' -> b' Chr'
  b' crab' + b's' -> b' crabs'
  b' G' + b'ogo' -> b' Gogo'
  b' tail' + b's' -> b' tails'
  b' W' + b'atch' -> b' Watch'
  b' saus' + b'ages' -> b' sausages'
  b' J' + b'u' -> b' Ju'
  b' ar' + b'gu' -> b' argu'
  b' cont' + b'ro' -> b' contro'
  b' bott' + b'les' -> b' bottles'
  b' wigg' + b'led' -> b' wiggled'
  b' te' + b'ased' -> b' teased'
  b'u' + b'ke' -> b'uke'
  b' argu' + b'ing' -> b' arguing'
  b' sl' + b'ed' -> b' sled'
  b' drag' + b'ged' -> b' dragged'
  b' pad' + b'd' -> b' padd'
  b' C' + b'ar' -> b' Car'
  b' ro' + b'aring' -> b' roaring'
  b' cle' + b'aring' -> b' clearing'
  b' sh' + b'irts' -> b' shirts'
  b' mov' + b'ies' -> b' movies'
  b' gather' + b'ing' -> b' gathering'
  b' air' + b'pl' -> b' airpl'
  b' w' + b'id' -> b' wid'
  b'joy' + b'ed' -> b'joyed'
  b' teac' + b'hes' -> b' teaches'
  b' spid' + b'ers' -> b' spiders'
  b' l' + b'imes' -> b' limes'
  b' R' + b'emember' -> b' Remember'
  b' D' + b'are' -> b' Dare'
  b' over' + b'joyed' -> b' overjoyed'
  b' act' + b'ually' -> b' actually'
  b' sigh' + b's' -> b' sighs'
  b' contin' + b'ue' -> b' continue'
  b' cudd' + b'le' -> b' cuddle'
  b' so' + b'aring' -> b' soaring'
  b' small' + b'est' -> b' smallest'
  b' J' + b'ess' -> b' Jess'
  b' dri' + b'ves' -> b' drives'
  b' spark' + b'les' -> b' sparkles'
  b' ri' + b'p' -> b' rip'
  b' sit' + b'u' -> b' situ'
  b' cub' + b'es' -> b' cubes'
  b' ref' + b'res' -> b' refres'
  b' tal' + b'ent' -> b' talent'
  b' challen' + b'ge' -> b' challenge'
  b' O' + b'lly' -> b' Olly'
  b' grand' + b'mother' -> b' grandmother'
  b' S' + b'plash' -> b' Splash'
  b' pour' + b'ing' -> b' pouring'
  b'um' + b'm' -> b'umm'
  b' pretend' + b's' -> b' pretends'
  b' fasc' + b'in' -> b' fascin'
  b' cut' + b's' -> b' cuts'
  b' quarrel' + b'ing' -> b' quarreling'
  b' pe' + b'ppers' -> b' peppers'
  b' b' + b'ank' -> b' bank'
  b' shiver' + b'ed' -> b' shivered'
  b' man' + b'e' -> b' mane'
  b' dust' + b'y' -> b' dusty'
  b'le' + b'y' -> b'ley'
  b' wonder' + b'ing' -> b' wondering'
  b' villag' + b'ers' -> b' villagers'
  b' stretch' + b'ing' -> b' stretching'
  b'n' + b'joy' -> b'njoy'
  b'i' + b'b' -> b'ib'
  b' week' + b's' -> b' weeks'
  b' where' + b'ver' -> b' wherever'
  b' dark' + b'er' -> b' darker'
  b'j' + b'am' -> b'jam'
  b'T' + b'iny' -> b'Tiny'
  b's' + b'ses' -> b'sses'
  b' ' + b'X' -> b' X'
  b' r' + b'ings' -> b' rings'
  b' on' + b'wards' -> b' onwards'
  b' K' + b'atie' -> b' Katie'
  b' un' + b'ited' -> b' united'
  b'A' + b'choo' -> b'Achoo'
  b' be' + b'ad' -> b' bead'
  b' Every' + b'day' -> b' Everyday'
  b' Be' + b'ing' -> b' Being'
  b' prett' + b'iest' -> b' prettiest'
  b'John' + b'ny' -> b'Johnny'
  b' c' + b'aut' -> b' caut'
  b' real' + b'ize' -> b' realize'
  b' comp' + b'any' -> b' company'
  b' pengu' + b'ins' -> b' penguins'
  b'anna' + b'h' -> b'annah'
  b'L' + b'una' -> b'Luna'
  b'F' + b'r' -> b'Fr'
  b' Sp' + b'ring' -> b' Spring'
  b' bed' + b'time' -> b' bedtime'
  b' comple' + b'ted' -> b' completed'
  b' W' + b'isdom' -> b' Wisdom'
  b' Le' + b'ave' -> b' Leave'
  b'\xe2\x80\x9d' + b'.' -> b'\xe2\x80\x9d.'
  b' knight' + b's' -> b' knights'
  b' flag' + b's' -> b' flags'
  b' J' + b'e' -> b' Je'
  b' B' + b'ecause' -> b' Because'
  b' play' + b'room' -> b' playroom'
  b' P' + b'rin' -> b' Prin'
  b' act' + b'ions' -> b' actions'
  b' Z' + b'ero' -> b' Zero'
  b' learn' + b's' -> b' learns'
  b' got' + b'ten' -> b' gotten'
  b' pat' + b'ience' -> b' patience'
  b'ind' + b'a' -> b'inda'
  b'd' + b'am' -> b'dam'
  b' shr' + b'ug' -> b' shrug'
  b' kit' + b'es' -> b' kites'
  b' respons' + b'ible' -> b' responsible'
  b' fe' + b'ars' -> b' fears'
  b' dest' + b'ination' -> b' destination'
  b' wire' + b's' -> b' wires'
  b' rep' + b'ly' -> b' reply'
  b' wr' + b'ist' -> b' wrist'
  b' d' + b'am' -> b' dam'
  b'aw' + b's' -> b'aws'
  b' pack' + b'ing' -> b' packing'
  b' mountain' + b's' -> b' mountains'
  b' fa' + b'ult' -> b' fault'
  b' applaud' + b'ed' -> b' applauded'
  b' scru' + b'bbed' -> b' scrubbed'
  b' m' + b'a' -> b' ma'
  b' cre' + b'pt' -> b' crept'
  b' A' + b'va' -> b' Ava'
  b'U' + b'h' -> b'Uh'
  b' E' + b'arth' -> b' Earth'
  b' sat' + b'is' -> b' satis'
  b' th' + b'ird' -> b' third'
  b' ph' + b'ot' -> b' phot'
  b' pencil' + b's' -> b' pencils'
  b' win' + b's' -> b' wins'
  b' stick' + b'ing' -> b' sticking'
  b' b' + b'aker' -> b' baker'
  b' visit' + b'ing' -> b' visiting'
  b' w' + b'ound' -> b' wound'
  b' use' + b's' -> b' uses'
  b' pe' + b'as' -> b' peas'
  b' remind' + b'er' -> b' reminder'
  b' contro' + b'l' -> b' control'
  b'as' + b'hed' -> b'ashed'
  b'Gra' + b'ndpa' -> b'Grandpa'
  b' jo' + b'king' -> b' joking'
  b' aw' + b'ake' -> b' awake'
  b' instr' + b'uct' -> b' instruct'
  b' star' + b'ing' -> b' staring'
  b' heal' + b'ed' -> b' healed'
  b' P' + b'ut' -> b' Put'
  b' h' + b'itting' -> b' hitting'
  b' F' + b'ish' -> b' Fish'
  b' scream' + b'ing' -> b' screaming'
  b' beg' + b'in' -> b' begin'
  b'R' + b'ob' -> b'Rob'
  b'uck' + b'ily' -> b'uckily'
  b' F' + b'riends' -> b' Friends'
  b' M' + b'oo' -> b' Moo'
  b'ic' + b'orn' -> b'icorn'
  b' helmet' + b's' -> b' helmets'
  b'ent' + b'y' -> b'enty'
  b' un' + b'icorn' -> b' unicorn'
  b'l' + b'er' -> b'ler'
  b'se' + b'ek' -> b'seek'
  b' towel' + b's' -> b' towels'
  b'S' + b'illy' -> b'Silly'
  b' L' + b'ou' -> b' Lou'
  b' ch' + b'ips' -> b' chips'
  b'ic' + b'a' -> b'ica'
  b' cre' + b'ation' -> b' creation'
  b' was' + b'ted' -> b' wasted'
  b'b' + b'ie' -> b'bie'
  b'M' + b'ar' -> b'Mar'
  b' Be' + b'hind' -> b' Behind'
  b'la' + b'ire' -> b'laire'
  b' mask' + b's' -> b' masks'
  b' item' + b's' -> b' items'
  b' forg' + b'i' -> b' forgi'
  b' firef' + b'ight' -> b' firefight'
  b' out' + b'do' -> b' outdo'
  b' lollipop' + b's' -> b' lollipops'
  b'W' + b'atch' -> b'Watch'
  b' he' + b'av' -> b' heav'
  b' gun' + b's' -> b' guns'
  b' d' + b'ied' -> b' died'
  b' H' + b'ippy' -> b' Hippy'
  b' se' + b'as' -> b' seas'
  b' gl' + b'itter' -> b' glitter'
  b'udd' + b'les' -> b'uddles'
  b' arri' + b've' -> b' arrive'
  b' were' + b'n' -> b' weren'
  b' sto' + b'le' -> b' stole'
  b' sc' + b'ales' -> b' scales'
  b' per' + b'ched' -> b' perched'
  b' ac' + b'com' -> b' accom'
  b' log' + b's' -> b' logs'
  b' achie' + b've' -> b' achieve'
  b'd' + b'ie' -> b'die'
  b' pract' + b'icing' -> b' practicing'
  b'in' + b'ing' -> b'ining'
  b' who' + b'se' -> b' whose'
  b'St' + b'ay' -> b'Stay'
  b' pump' + b'kins' -> b' pumpkins'
  b' instruct' + b'ions' -> b' instructions'
  b' sw' + b'oop' -> b' swoop'
  b' batter' + b'ies' -> b' batteries'
  b' cand' + b'ies' -> b' candies'
  b' agre' + b'es' -> b' agrees'
  b' pro' + b'ject' -> b' project'
  b' snake' + b's' -> b' snakes'
  b' chirp' + b'ing' -> b' chirping'
  b'Ben' + b'ny' -> b'Benny'
  b' she' + b'lves' -> b' shelves'
  b' prot' + b'ecting' -> b' protecting'
  b' par' + b'ked' -> b' parked'
  b' ex' + b'act' -> b' exact'
  b' C' + b'ra' -> b' Cra'
  b' patient' + b'ly' -> b' patiently'
  b' act' + b'iv' -> b' activ'
  b' vide' + b'os' -> b' videos'
  b' should' + b'ers' -> b' shoulders'
  b' blow' + b's' -> b' blows'
  b'he' + b'e' -> b'hee'
  b'F' + b'o' -> b'Fo'
  b' prom' + b'ises' -> b' promises'
  b'g' + b'o' -> b'go'
  b' d' + b'ent' -> b' dent'
  b'us' + b'an' -> b'usan'
  b'ue' + b'st' -> b'uest'
  b'n' + b'ers' -> b'ners'
  b'jam' + b'as' -> b'jamas'
  b' exam' + b'ined' -> b' examined'
  b' airpl' + b'ane' -> b' airplane'
  b'D' + b'oggy' -> b'Doggy'
  b' ro' + b'ses' -> b' roses'
  b' accom' + b'pl' -> b' accompl'
  b' task' + b's' -> b' tasks'
  b'D' + b'ave' -> b'Dave'
  b' Ho' + b'ot' -> b' Hoot'
  b'P' + b'oppy' -> b'Poppy'
  b' B' + b'op' -> b' Bop'
  b'B' + b'unny' -> b'Bunny'
  b' bead' + b's' -> b' beads'
  b' bowl' + b's' -> b' bowls'
  b' crumb' + b's' -> b' crumbs'
  b'z' + b'es' -> b'zes'
  b' listen' + b's' -> b' listens'
  b' L' + b'ove' -> b' Love'
  b' Cat' + b'ty' -> b' Catty'
  b' Brown' + b'ie' -> b' Brownie'
  b'P' + b'ete' -> b'Pete'
  b' O' + b'l' -> b' Ol'
  b' dolph' + b'ins' -> b' dolphins'
  b' c' + b'ough' -> b' cough'
  b' b' + b'unch' -> b' bunch'
  b' g' + b'uest' -> b' guest'
  b'c' + b'akes' -> b'cakes'
  b' request' + b'ed' -> b' requested'
  b' rem' + b'ote' -> b' remote'
  b' impro' + b'ved' -> b' improved'
  b'ant' + b'a' -> b'anta'
  b' reach' + b'ing' -> b' reaching'
  b' bra' + b'nd' -> b' brand'
  b' J' + b'an' -> b' Jan'
  b'ay' + b'la' -> b'ayla'
  b' al' + b'ien' -> b' alien'
  b' B' + b'ye' -> b' Bye'
  b'ir' + b'm' -> b'irm'
  b' cop' + b'y' -> b' copy'
  b' S' + b'un' -> b' Sun'
  b' cheer' + b'ing' -> b' cheering'
  b' phot' + b'os' -> b' photos'
  b' Jul' + b'ie' -> b' Julie'
  b' Che' + b'w' -> b' Chew'
  b'B' + b'ad' -> b'Bad'
  b' Bl' + b'ink' -> b' Blink'
  b'T' + b'ime' -> b'Time'
  b' can' + b's' -> b' cans'
  b' C' + b'uddles' -> b' Cuddles'
  b' tim' + b'er' -> b' timer'
  b' B' + b'y' -> b' By'
  b' repl' + b'aced' -> b' replaced'
  b'ath' + b'y' -> b'athy'
  b' work' + b'ers' -> b' workers'
  b' st' + b'ern' -> b' stern'
  b' E' + b'njoy' -> b' Enjoy'
  b'ast' + b'er' -> b'aster'
  b' ne' + b'ither' -> b' neither'
  b'M' + b'ike' -> b'Mike'
  b' pass' + b'ing' -> b' passing'
  b' mis' + b'ses' -> b' misses'
  b' curtain' + b's' -> b' curtains'
  b' conf' + b'l' -> b' confl'
  b'Ch' + b'irpy' -> b'Chirpy'
  b' rainbow' + b's' -> b' rainbows'
  b' rub' + b's' -> b' rubs'
  b'G' + b'eorge' -> b'George'
  b'uct' + b'antly' -> b'uctantly'
  b' roll' + b's' -> b' rolls'
  b' pat' + b'ted' -> b' patted'
  b'il' + b'o' -> b'ilo'
  b' pa' + b'jamas' -> b' pajamas'
  b' outdo' + b'ors' -> b' outdoors'
  b'es' + b'ome' -> b'esome'
  b'd' + b'ies' -> b'dies'
  b' complain' + b'ing' -> b' complaining'
  b' Squ' + b'irrel' -> b' Squirrel'
  b'L' + b'ola' -> b'Lola'
  b'R' + b'un' -> b'Run'
  b' pupp' + b'et' -> b' puppet'
  b' Prin' + b'cess' -> b' Princess'
  b' close' + b's' -> b' closes'
  b' ben' + b'eath' -> b' beneath'
  b' la' + b'p' -> b' lap'
  b' drum' + b's' -> b' drums'
  b' t' + b'une' -> b' tune'
  b' B' + b'eth' -> b' Beth'
  b' M' + b'ouse' -> b' Mouse'
  b' fill' + b'ing' -> b' filling'
  b'M' + b'iss' -> b'Miss'
  b'ang' + b'led' -> b'angled'
  b' ref' + b'use' -> b' refuse'
  b' S' + b'orry' -> b' Sorry'
  b' swe' + b'at' -> b' sweat'
  b' fa' + b'ced' -> b' faced'
  b'..' + b'.' -> b'...'
  b' se' + b'ven' -> b' seven'
  b' balan' + b'ced' -> b' balanced'
  b' resc' + b'ued' -> b' rescued'
  b'n' + b'eath' -> b'neath'
  b'b' + b'l' -> b'bl'
  b' qu' + b'acked' -> b' quacked'
  b' A' + b'bby' -> b' Abby'
  b'P' + b'aul' -> b'Paul'
  b'ist' + b'le' -> b'istle'
  b' aw' + b'esome' -> b' awesome'
  b' ' + b'1' -> b' 1'
  b' miss' + b'ion' -> b' mission'
  b' How' + b'ever' -> b' However'
  b' guy' + b's' -> b' guys'
  b' confl' + b'ict' -> b' conflict'
  b' caut' + b'ious' -> b' cautious'
  b' v' + b'ent' -> b' vent'
  b' obser' + b'ved' -> b' observed'
  b' c' + b'ause' -> b' cause'
  b' introd' + b'uc' -> b' introduc'
  b' Th' + b'omas' -> b' Thomas'
  b' past' + b'ries' -> b' pastries'
  b'n' + b'ie' -> b'nie'
  b' ' + b' ' -> b'  '
  b' O' + b'ur' -> b' Our'
  b' exact' + b'ly' -> b' exactly'
  b' doctor' + b's' -> b' doctors'
  b' ru' + b'le' -> b' rule'
  b' bec' + b'oming' -> b' becoming'
  b' police' + b'man' -> b' policeman'
  b' m' + b'es' -> b' mes'
  b'u' + b'ly' -> b'uly'
  b' rocket' + b's' -> b' rockets'
  b'y' + b'ou' -> b'you'
  b' ' + b'Yes' -> b' Yes'
  b' D' + b'ot' -> b' Dot'
  b' fair' + b'ies' -> b' fairies'
  b'l' + b'ay' -> b'lay'
  b' p' + b'out' -> b' pout'
  b'A' + b'n' -> b'An'
  b' ins' + b'ist' -> b' insist'
  b' bloom' + b'ing' -> b' blooming'
  b' tra' + b'ctor' -> b' tractor'
  b' far' + b'ther' -> b' farther'
  b' S' + b'ad' -> b' Sad'
  b'av' + b'i' -> b'avi'
  b'O' + b'ops' -> b'Oops'
  b'G' + b'reat' -> b'Great'
  b' remember' + b'ing' -> b' remembering'
  b' inclu' + b'ded' -> b' included'
  b' cur' + b'ly' -> b' curly'
  b'Z' + b'oom' -> b'Zoom'
  b'F' + b'ine' -> b'Fine'
  b' team' + b'work' -> b' teamwork'
  b'z' + b'ie' -> b'zie'
  b' fascin' + b'ated' -> b' fascinated'
  b' wob' + b'bled' -> b' wobbled'
  b' sl' + b'am' -> b' slam'
  b' tr' + b'uly' -> b' truly'
  b' help' + b'ers' -> b' helpers'
  b' sight' + b's' -> b' sights'
  b' pad' + b'dle' -> b' paddle'
  b' st' + b'umble' -> b' stumble'
  b' f' + b'irm' -> b' firm'
  b'H' + b'enry' -> b'Henry'
  b' J' + b'illy' -> b' Jilly'
  b'ac' + b'ob' -> b'acob'
  b' ca' + b'used' -> b' caused'
  b' pray' + b'er' -> b' prayer'
  b' sp' + b'ong' -> b' spong'
  b' record' + b'ing' -> b' recording'
  b'ke' + b'lly' -> b'kelly'
  b'a' + b'is' -> b'ais'
  b' tr' + b'aded' -> b' traded'
  b' star' + b'fish' -> b' starfish'
  b' supp' + b'lies' -> b' supplies'
  b' th' + b'ro' -> b' thro'
  b' poin' + b'ty' -> b' pointy'
  b' situ' + b'ation' -> b' situation'
  b' inv' + b'iting' -> b' inviting'
  b'e' + b'ah' -> b'eah'
  b'g' + b'ers' -> b'gers'
  b' neighbour' + b'hood' -> b' neighbourhood'
  b' every' + b'day' -> b' everyday'
  b' ornament' + b's' -> b' ornaments'
  b' A' + b'lly' -> b' Ally'
  b'ink' + b'le' -> b'inkle'
  b' val' + b'ued' -> b' valued'
  b' add' + b'ing' -> b' adding'
  b'S' + b'ome' -> b'Some'
  b' rel' + b'uctantly' -> b' reluctantly'
  b' dot' + b's' -> b' dots'
  b' stay' + b's' -> b' stays'
  b' table' + b's' -> b' tables'
  b' prett' + b'ier' -> b' prettier'
  b' b' + b'are' -> b' bare'
  b' des' + b'ert' -> b' desert'
  b' snow' + b'men' -> b' snowmen'
  b' ste' + b'ady' -> b' steady'
  b' miner' + b'als' -> b' minerals'
  b'ara' + b'way' -> b'araway'
  b' th' + b'orn' -> b' thorn'
  b'o' + b'dy' -> b'ody'
  b' a' + b'st' -> b' ast'
  b' gl' + b'asses' -> b' glasses'
  b' f' + b'araway' -> b' faraway'
  b' G' + b'et' -> b' Get'
  b' Fo' + b'xy' -> b' Foxy'
  b' swoop' + b'ed' -> b' swooped'
  b' W' + b'elcome' -> b' Welcome'
  b' Tw' + b'o' -> b' Two'
  b' S' + b'ure' -> b' Sure'
  b' un' + b'f' -> b' unf'
  b' fork' + b's' -> b' forks'
  b' us' + b'ually' -> b' usually'
  b' us' + b'ual' -> b' usual'
  b'P' + b'olly' -> b'Polly'
  b' d' + b'ar' -> b' dar'
  b' J' + b'amie' -> b' Jamie'
  b' win' + b'ked' -> b' winked'
  b' snee' + b'zing' -> b' sneezing'
  b' sol' + b'ut' -> b' solut'
  b' load' + b'ing' -> b' loading'
  b' spong' + b'e' -> b' sponge'
  b' Qu' + b'ick' -> b' Quick'
  b' insect' + b's' -> b' insects'
  b' pan' + b's' -> b' pans'
  b'D' + b'og' -> b'Dog'
  b' so' + b'bbed' -> b' sobbed'
  b' S' + b'anta' -> b' Santa'
  b'J' + b'ames' -> b'James'
  b' growl' + b'ing' -> b' growling'
  b's' + b'm' -> b'sm'
  b'ar' + b'ter' -> b'arter'
  b' thro' + b'at' -> b' throat'
  b' Ch' + b'loe' -> b' Chloe'
  b' no' + b'ses' -> b' noses'
  b' Jo' + b'sh' -> b' Josh'
  b' D' + b'izzy' -> b' Dizzy'
  b' scar' + b'ves' -> b' scarves'
  b' conf' + b'ident' -> b' confident'
  b' your' + b'selves' -> b' yourselves'
  b' W' + b'ant' -> b' Want'
  b'ag' + b'ull' -> b'agull'
  b' home' + b'work' -> b' homework'
  b' superhero' + b'es' -> b' superheroes'
  b' St' + b'ay' -> b' Stay'
  b'Jo' + b'ey' -> b'Joey'
  b' sm' + b'arter' -> b' smarter'
  b' wind' + b'y' -> b' windy'
  b' libr' + b'arian' -> b' librarian'
  b'T' + b'ina' -> b'Tina'
  b' K' + b'ids' -> b' Kids'
  b' gem' + b's' -> b' gems'
  b'D' + b'ays' -> b'Days'
  b'or' + b'a' -> b'ora'
  b' under' + b'neath' -> b' underneath'
  b' kick' + b's' -> b' kicks'
  b' know' + b'led' -> b' knowled'
  b' itch' + b'y' -> b' itchy'
  b' knowled' + b'ge' -> b' knowledge'
  b' jacket' + b's' -> b' jackets'
  b' S' + b'kelly' -> b' Skelly'
  b' F' + b'or' -> b' For'
  b' surf' + b'ace' -> b' surface'
  b' unt' + b'ie' -> b' untie'
  b' com' + b'm' -> b' comm'
  b' D' + b'uck' -> b' Duck'
  b' prince' + b'sses' -> b' princesses'
  b'..' + b'."' -> b'..."'
  b'Th' + b'ose' -> b'Those'
  b'id' + b'o' -> b'ido'
  b'e' + b'ed' -> b'eed'
  b'H' + b'old' -> b'Hold'
  b'Y' + b'eah' -> b'Yeah'
  b'c' + b'oon' -> b'coon'
  b' square' + b's' -> b' squares'
  b' H' + b'enny' -> b' Henny'
  b' warn' + b'ings' -> b' warnings'
  b' gigg' + b'ling' -> b' giggling'
  b'i' + b'ar' -> b'iar'
  b' read' + b's' -> b' reads'
  b'v' + b'in' -> b'vin'
  b'O' + b'ur' -> b'Our'
  b' ch' + b'oo' -> b' choo'
  b's' + b'on' -> b'son'
  b' you' + b'nger' -> b' younger'
  b' clown' + b's' -> b' clowns'
  b' M' + b'ix' -> b' Mix'
  b'T' + b'oby' -> b'Toby'
  b' ro' + b'pes' -> b' ropes'
  b' bit' + b'ing' -> b' biting'
  b' crow' + b'd' -> b' crowd'
  b' Un' + b'fortunately' -> b' Unfortunately'
  b'p' + b'ite' -> b'pite'
  b'D' + b'anny' -> b'Danny'
  b'Tr' + b'ue' -> b'True'
  b' se' + b'agull' -> b' seagull'
  b' padd' + b'led' -> b' paddled'
  b' wear' + b's' -> b' wears'
  b' deliver' + b'ed' -> b' delivered'
  b' M' + b'on' -> b' Mon'
  b' twir' + b'l' -> b' twirl'
  b' on' + b'ions' -> b' onions'
  b' buzz' + b'ed' -> b' buzzed'
  b' complain' + b'ed' -> b' complained'
  b' b' + b'umpy' -> b' bumpy'
  b' st' + b'em' -> b' stem'
  b'E' + b'w' -> b'Ew'
  b' pig' + b'gy' -> b' piggy'
  b'Mr' + b's' -> b'Mrs'
  b' Ann' + b'e' -> b' Anne'
  b' dire' + b'ction' -> b' direction'
  b'ou' + b'ch' -> b'ouch'
  b' di' + b'ved' -> b' dived'
  b'Ro' + b'ar' -> b'Roar'
  b' t' + b'angled' -> b' tangled'
  b' start' + b'led' -> b' startled'
  b'ul' + b'ts' -> b'ults'
  b' lean' + b'ing' -> b' leaning'
  b'bb' + b'ie' -> b'bbie'
  b' A' + b'nt' -> b' Ant'
  b' J' + b'ones' -> b' Jones'
  b' bad' + b'ge' -> b' badge'
  b' P' + b'o' -> b' Po'
  b'Gra' + b'ce' -> b'Grace'
  b' un' + b'p' -> b' unp'
  b' de' + b'al' -> b' deal'
  b'th' + b'ough' -> b'though'
  b'Ann' + b'ie' -> b'Annie'
  b' v' + b'owed' -> b' vowed'
  b' nap' + b'kins' -> b' napkins'
  b'an' + b'es' -> b'anes'
  b' tick' + b'led' -> b' tickled'
  b' r' + b'isk' -> b' risk'
  b' cover' + b's' -> b' covers'
  b' p' + b'ec' -> b' pec'
  b'Sh' + b'h' -> b'Shh'
  b' yell' + b's' -> b' yells'
  b' satis' + b'fied' -> b' satisfied'
  b'in' + b't' -> b'int'
  b' knock' + b's' -> b' knocks'
  b' refres' + b'hed' -> b' refreshed'
  b't' + b'uce' -> b'tuce'
  b' S' + b'c' -> b' Sc'
  b'cu' + b'se' -> b'cuse'
  b' c' + b'ous' -> b' cous'
  b' arrow' + b's' -> b' arrows'
  b'M' + b'aggie' -> b'Maggie'
  b' Wh' + b'istle' -> b' Whistle'
  b'P' + b'e' -> b'Pe'
  b' wip' + b'es' -> b' wipes'
  b' spe' + b'aking' -> b' speaking'
  b' let' + b'tuce' -> b' lettuce'
  b' guess' + b'ing' -> b' guessing'
  b'Un' + b'fortunately' -> b'Unfortunately'
  b' Qu' + b'ack' -> b' Quack'
  b' ri' + b'pe' -> b' ripe'
  b' S' + b'usan' -> b' Susan'
  b' hid' + b'es' -> b' hides'
  b' choice' + b's' -> b' choices'
  b' Do' + b'do' -> b' Dodo'
  b' Ro' + b'ver' -> b' Rover'
  b'Bu' + b'zz' -> b'Buzz'
  b' sign' + b'ed' -> b' signed'
  b' slow' + b'er' -> b' slower'
  b' seek' + b'er' -> b' seeker'
  b' introduc' + b'ed' -> b' introduced'
  b' sing' + b'er' -> b' singer'
  b' creat' + b'ing' -> b' creating'
  b' Mat' + b't' -> b' Matt'
  b' fro' + b'ze' -> b' froze'
  b' c' + b'ent' -> b' cent'
  b'ugg' + b'les' -> b'uggles'
  b' jo' + b'ked' -> b' joked'
  b' sque' + b'al' -> b' squeal'
  b' toast' + b'er' -> b' toaster'
  b' explore' + b'rs' -> b' explorers'
  b'f' + b'it' -> b'fit'
  b' av' + b'o' -> b' avo'
  b'ang' + b'ing' -> b'anging'
  b'S' + b'ophie' -> b'Sophie'
  b' pray' + b'ing' -> b' praying'
  b' wr' + b'itten' -> b' written'
  b' discover' + b'ing' -> b' discovering'
  b' prov' + b'ided' -> b' provided'
  b' D' + b'ara' -> b' Dara'
  b' ref' + b'le' -> b' refle'
  b' L' + b'ion' -> b' Lion'
  b'Ex' + b'cuse' -> b'Excuse'
  b' mushroom' + b's' -> b' mushrooms'
  b' Je' + b'ff' -> b' Jeff'
  b' P' + b'aws' -> b' Paws'
  b' pay' + b'ing' -> b' paying'
  b' kne' + b'es' -> b' knees'
  b'ence' + b's' -> b'ences'
  b' hid' + b'er' -> b' hider'
  b' wander' + b'ing' -> b' wandering'
  b' As' + b'h' -> b' Ash'
  b' imag' + b'es' -> b' images'
  b'Ch' + b'arlie' -> b'Charlie'
  b' st' + b'ung' -> b' stung'
  b' W' + b'ink' -> b' Wink'
  b' magnet' + b's' -> b' magnets'
  b' bare' + b'ly' -> b' barely'
  b' beh' + b'aving' -> b' behaving'
  b' tip' + b'to' -> b' tipto'
  b'?"' + b',' -> b'?",'
  b' mar' + b'ked' -> b' marked'
  b'br' + b'ush' -> b'brush'
  b'rr' + b'r' -> b'rrr'
  b' rest' + b'ored' -> b' restored'
  b' D' + b'ee' -> b' Dee'
  b' lead' + b'ing' -> b' leading'
  b'll' + b'ed' -> b'lled'
  b' ch' + b'uck' -> b' chuck'
  b'ad' + b'os' -> b'ados'
  b' n' + b'ine' -> b' nine'
  b' gre' + b'et' -> b' greet'
  b'T' + b'eddy' -> b'Teddy'
  b' gear' + b's' -> b' gears'
  b' bra' + b'very' -> b' bravery'
  b' Sn' + b'uggles' -> b' Snuggles'
  b'k' + b'y' -> b'ky'
  b' competit' + b'ion' -> b' competition'
  b'e' + b'al' -> b'eal'
  b' out' + b'fit' -> b' outfit'
  b'ol' + b'ine' -> b'oline'
  b' wis' + b'hing' -> b' wishing'
  b' prop' + b'erly' -> b' properly'
  b' vent' + b'ured' -> b' ventured'
  b't' + b'le' -> b'tle'
  b'a' + b'a' -> b'aa'
  b' mus' + b'cle' -> b' muscle'
  b' dance' + b's' -> b' dances'
  b' ch' + b'at' -> b' chat'
  b' sal' + b'ty' -> b' salty'
  b' pen' + b's' -> b' pens'
  b'am' + b'b' -> b'amb'
  b' Bet' + b'sy' -> b' Betsy'
  b' ran' + b'ger' -> b' ranger'
  b' Z' + b'iggy' -> b' Ziggy'
  b' deser' + b've' -> b' deserve'
  b' how' + b'ever' -> b' however'
  b'se' + b'qu' -> b'sequ'
  b' matter' + b's' -> b' matters'
  b' dark' + b'ness' -> b' darkness'
  b' bur' + b'st' -> b' burst'
  b' F' + b'u' -> b' Fu'
  b' rain' + b'y' -> b' rainy'
  b' cobweb' + b's' -> b' cobwebs'
  b' ruin' + b'ing' -> b' ruining'
  b' chef' + b's' -> b' chefs'
  b' con' + b'sequ' -> b' consequ'
  b' block' + b'ing' -> b' blocking'
  b' b' + b'ak' -> b' bak'
  b'ust' + b'ed' -> b'usted'
  b'it' + b'ely' -> b'itely'
  b'st' + b'y' -> b'sty'
  b' sc' + b'ur' -> b' scur'
  b' v' + b'ines' -> b' vines'
  b' fa' + b'b' -> b' fab'
  b'ab' + b'el' -> b'abel'
  b' fab' + b'ric' -> b' fabric'
  b' ent' + b'ire' -> b' entire'
  b' base' + b'ment' -> b' basement'
  b' perform' + b'ed' -> b' performed'
  b' le' + b'ast' -> b' least'
  b' Bug' + b'gy' -> b' Buggy'
  b'S' + b'n' -> b'Sn'
  b' scrat' + b'ches' -> b' scratches'
  b' heav' + b'ier' -> b' heavier'
  b' C' + b'laire' -> b' Claire'
  b' min' + b'ts' -> b' mints'
  b' twir' + b'ling' -> b' twirling'
  b' avoc' + b'ados' -> b' avocados'
  b'How' + b'ever' -> b'However'
  b' L' + b'inda' -> b' Linda'
  b'r' + b'ink' -> b'rink'
  b'f' + b'l' -> b'fl'
  b' scur' + b'ried' -> b' scurried'
  b' lo' + b'sing' -> b' losing'
  b' sunf' + b'lowers' -> b' sunflowers'
  b' Jen' + b'na' -> b' Jenna'
  b' rain' + b'co' -> b' rainco'
  b' sword' + b's' -> b' swords'
  b'T' + b'weet' -> b'Tweet'
  b' cl' + b'ick' -> b' click'
  b'ag' + b'ic' -> b'agic'
  b' L' + b'aser' -> b' Laser'
  b' sil' + b'ent' -> b' silent'
  b' job' + b's' -> b' jobs'
  b' necklace' + b's' -> b' necklaces'
  b' fl' + b'ames' -> b' flames'
  b' L' + b'uke' -> b' Luke'
  b' relie' + b'f' -> b' relief'
  b' Gr' + b'umpy' -> b' Grumpy'
  b' sn' + b'at' -> b' snat'
  b' sew' + b'ed' -> b' sewed'
  b' rot' + b'ting' -> b' rotting'
  b'l' + b'en' -> b'len'
  b'L' + b'isten' -> b'Listen'
  b'Fo' + b'llow' -> b'Follow'
  b' trick' + b'y' -> b' tricky'
  b'J' + b'erry' -> b'Jerry'
  b' light' + b'er' -> b' lighter'
  b'oph' + b'ia' -> b'ophia'
  b' bow' + b's' -> b' bows'
  b' Sk' + b'ip' -> b' Skip'
  b' ex' + b'ha' -> b' exha'
  b' solut' + b'ion' -> b' solution'
  b' consequ' + b'ences' -> b' consequences'
  b'A' + b'lex' -> b'Alex'
  b' L' + b'ena' -> b' Lena'
  b' tire' + b's' -> b' tires'
  b' st' + b'ain' -> b' stain'
  b'Be' + b'ep' -> b'Beep'
  b' unp' + b'acked' -> b' unpacked'
  b'A' + b'b' -> b'Ab'
  b' part' + b'ic' -> b' partic'
  b'r' + b'ance' -> b'rance'
  b' race' + b's' -> b' races'
  b' p' + b'ins' -> b' pins'
  b' bump' + b's' -> b' bumps'
  b' wrap' + b's' -> b' wraps'
  b'ais' + b'ies' -> b'aisies'
  b' w' + b'ow' -> b' wow'
  b' decor' + b'ating' -> b' decorating'
  b' b' + b'acked' -> b' backed'
  b'c' + b'her' -> b'cher'
  b' dent' + b'ist' -> b' dentist'
  b' pur' + b'r' -> b' purr'
  b' need' + b'les' -> b' needles'
  b' cautious' + b'ly' -> b' cautiously'
  b' lift' + b'ing' -> b' lifting'
  b'izz' + b'ie' -> b'izzie'
  b' P' + b'r' -> b' Pr'
  b' accompl' + b'ish' -> b' accomplish'
  b' triang' + b'les' -> b' triangles'
  b' d' + b'aisies' -> b' daisies'
  b'ep' + b't' -> b'ept'
  b' hesit' + b'ated' -> b' hesitated'
  b' ann' + b'oy' -> b' annoy'
  b' Th' + b'ose' -> b' Those'
  b' growl' + b's' -> b' growls'
  b' crack' + b'ers' -> b' crackers'
  b'o' + b'ke' -> b'oke'
  b' stom' + b'ped' -> b' stomped'
  b' gra' + b'bbing' -> b' grabbing'
  b' c' + b'ott' -> b' cott'
  b' fig' + b'ured' -> b' figured'
  b' bo' + b'dies' -> b' bodies'
  b' m' + b'ater' -> b' mater'
  b' buy' + b'ing' -> b' buying'
  b' T' + b'ree' -> b' Tree'
  b' mater' + b'ial' -> b' material'
  b' R' + b'olly' -> b' Rolly'
  b' F' + b'ido' -> b' Fido'
  b' A' + b'dam' -> b' Adam'
  b' swan' + b's' -> b' swans'
  b' t' + b'ies' -> b' ties'
  b' g' + b'ri' -> b' gri'
  b'ver' + b's' -> b'vers'
  b' grow' + b's' -> b' grows'
  b' ' + b'\n ' -> b' \n '
  b' sweet' + b's' -> b' sweets'
  b' Good' + b'bye' -> b' Goodbye'
  b' own' + b'ers' -> b' owners'
  b' flav' + b'or' -> b' flavor'
  b' cheek' + b's' -> b' cheeks'
  b' C' + b'athy' -> b' Cathy'
  b'B' + b'ig' -> b'Big'
  b' suffer' + b'ing' -> b' suffering'
  b' J' + b'essie' -> b' Jessie'
  b' E' + b'l' -> b' El'
  b'v' + b'room' -> b'vroom'
  b' fa' + b'ct' -> b' fact'
  b' group' + b's' -> b' groups'
  b'b' + b'ly' -> b'bly'
  b' fore' + b'head' -> b' forehead'
  b' lung' + b's' -> b' lungs'
  b'H' + b'arry' -> b'Harry'
  b' re' + b'pa' -> b' repa'
  b' interest' + b'ed' -> b' interested'
  b' bak' + b'ery' -> b' bakery'
  b' M' + b'ilo' -> b' Milo'
  b' f' + b'reed' -> b' freed'
  b'L' + b'illy' -> b'Lilly'
  b'it' + b'ches' -> b'itches'
  b' Not' + b'hing' -> b' Nothing'
  b' chuck' + b'led' -> b' chuckled'
  b'F' + b'or' -> b'For'
  b' sw' + b'ept' -> b' swept'
  b' con' + b'n' -> b' conn'
  b'?' + b"'" -> b"?'"
  b' thu' + b'd' -> b' thud'
  b' exha' + b'usted' -> b' exhausted'
  b'T' + b'w' -> b'Tw'
  b' twink' + b'ling' -> b' twinkling'
  b' t' + b'apped' -> b' tapped'
  b'R' + b'u' -> b'Ru'
  b' ne' + b'ct' -> b' nect'
  b'ro' + b'sty' -> b'rosty'
  b' nect' + b'ar' -> b' nectar'
  b'ell' + b'e' -> b'elle'
  b' fe' + b'ast' -> b' feast'
  b' dar' + b'ling' -> b' darling'
  b'ind' + b'r' -> b'indr'
  b' M' + b'ad' -> b' Mad'
  b' wor' + b'ries' -> b' worries'
  b' un' + b's' -> b' uns'
  b' tunnel' + b's' -> b' tunnels'
  b' fu' + b'zzy' -> b' fuzzy'
  b' repa' + b'ired' -> b' repaired'
  b' re' + b'ason' -> b' reason'
  b' Tr' + b'ust' -> b' Trust'
  b' Co' + b'pper' -> b' Copper'
  b' B' + b'all' -> b' Ball'
  b' activ' + b'ities' -> b' activities'
  b'le' + b'ts' -> b'lets'
  b' pec' + b'ked' -> b' pecked'
  b' H' + b'annah' -> b' Hannah'
  b' ent' + b'rance' -> b' entrance'
  b' T' + b'ry' -> b' Try'
  b' ra' + b'indr' -> b' raindr'
  b' me' + b'als' -> b' meals'
  b' L' + b'isten' -> b' Listen'
  b' partic' + b'ular' -> b' particular'
  b' complet' + b'ely' -> b' completely'
  b' ma' + b'iled' -> b' mailed'
  b'ct' + b'ions' -> b'ctions'
  b' nest' + b's' -> b' nests'
  b' wait' + b'er' -> b' waiter'
  b' cudd' + b'ly' -> b' cuddly'
  b' s' + b'ense' -> b' sense'
  b' N' + b'ana' -> b' Nana'
  b' color' + b'ed' -> b' colored'
  b'ark' + b'y' -> b'arky'
  b' le' + b'ap' -> b' leap'
  b'st' + b'ep' -> b'step'
  b'b' + b'and' -> b'band'
  b' pl' + b'enty' -> b' plenty'
  b' pee' + b'king' -> b' peeking'
  b' slam' + b'med' -> b' slammed'
  b' C' + b'ara' -> b' Cara'
  b'n' + b'o' -> b'no'
  b' play' + b'ers' -> b' players'
  b' mon' + b'th' -> b' month'
  b' bu' + b'dge' -> b' budge'
  b' B' + b'irthday' -> b' Birthday'
  b' ' + b'Q' -> b' Q'
  b' sc' + b'ra' -> b' scra'
  b' forget' + b's' -> b' forgets'
  b' d' + b'en' -> b' den'
  b' hand' + b'ful' -> b' handful'
  b' Ol' + b'iver' -> b' Oliver'
  b' m' + b'er' -> b' mer'
  b'o' + b'ssible' -> b'ossible'
  b' gen' + b'ie' -> b' genie'
  b' Chr' + b'ist' -> b' Christ'
  b' st' + b'ool' -> b' stool'
  b'igg' + b'ie' -> b'iggie'
  b' talk' + b's' -> b' talks'
  b' P' + b'up' -> b' Pup'
  b' Su' + b'zie' -> b' Suzie'
  b' passport' + b's' -> b' passports'
  b' feed' + b'ing' -> b' feeding'
  b' film' + b's' -> b' films'
  b' bath' + b's' -> b' baths'
  b' imp' + b'ossible' -> b' impossible'
  b' determ' + b'ination' -> b' determination'
  b'M' + b'ay' -> b'May'
  b' prin' + b'ting' -> b' printing'
  b'bo' + b'at' -> b'boat'
  b' design' + b'ed' -> b' designed'
  b' bu' + b'ses' -> b' buses'
  b' o' + b'pp' -> b' opp'
  b'ue' + b'en' -> b'ueen'
  b'le' + b'phant' -> b'lephant'
  b' suit' + b'case' -> b' suitcase'
  b' bar' + b's' -> b' bars'
  b' count' + b's' -> b' counts'
  b' sto' + b'len' -> b' stolen'
  b' spread' + b'ing' -> b' spreading'
  b' spike' + b's' -> b' spikes'
  b' Sn' + b'ap' -> b' Snap'
  b' wip' + b'ing' -> b' wiping'
  b' ste' + b'er' -> b' steer'
  b' l' + b'amb' -> b' lamb'
  b' R' + b'ain' -> b' Rain'
  b' hon' + b'ked' -> b' honked'
  b'et' + b'ty' -> b'etty'
  b'n' + b'ies' -> b'nies'
  b'W' + b'hee' -> b'Whee'
  b' cow' + b'b' -> b' cowb'
  b' separ' + b'ated' -> b' separated'
  b'bl' + b'ings' -> b'blings'
  b' si' + b'blings' -> b' siblings'
  b' hop' + b's' -> b' hops'
  b' ch' + b'op' -> b' chop'
  b' sew' + b'ing' -> b' sewing'
  b' fire' + b's' -> b' fires'
  b' Tw' + b'inkle' -> b' Twinkle'
  b' fe' + b'ver' -> b' fever'
  b' twink' + b'le' -> b' twinkle'
  b' t' + b'y' -> b' ty'
  b' camp' + b'ing' -> b' camping'
  b' M' + b'ira' -> b' Mira'
  b' l' + b'ower' -> b' lower'
  b' ch' + b'anging' -> b' changing'
  b'y' + b'es' -> b'yes'
  b'ret' + b'ch' -> b'retch'
  b' beh' + b'avi' -> b' behavi'
  b' Bl' + b'oom' -> b' Bloom'
  b'm' + b'as' -> b'mas'
  b' li' + b'qu' -> b' liqu'
  b' celebr' + b'ation' -> b' celebration'
  b'b' + b'ut' -> b'but'
  b' squeal' + b'ed' -> b' squealed'
  b' doll' + b'house' -> b' dollhouse'
  b'S' + b'unny' -> b'Sunny'
  b' back' + b'ward' -> b' backward'
  b' ag' + b'e' -> b' age'
  b' snat' + b'ched' -> b' snatched'
  b' c' + b'ash' -> b' cash'
  b'h' + b'o' -> b'ho'
  b' tw' + b'ice' -> b' twice'
  b'le' + b'e' -> b'lee'
  b' s' + b'way' -> b' sway'
  b'it' + b'ched' -> b'itched'
  b' celebr' + b'ating' -> b' celebrating'
  b' Pe' + b'anut' -> b' Peanut'
  b' shr' + b'inking' -> b' shrinking'
  b' ac' + b'he' -> b' ache'
  b'we' + b'ed' -> b'weed'
  b' k' + b'ings' -> b' kings'
  b'ri' + b'ous' -> b'rious'
  b' shop' + b's' -> b' shops'
  b' kitten' + b's' -> b' kittens'
  b'c' + b'ope' -> b'cope'
  b'R' + b'ose' -> b'Rose'
  b' Jess' + b'ica' -> b' Jessica'
  b' J' + b'acob' -> b' Jacob'
  b' G' + b'ina' -> b' Gina'
  b'au' + b'ra' -> b'aura'
  b' h' + b'us' -> b' hus'
  b' touc' + b'hes' -> b' touches'
  b'air' + b'y' -> b'airy'
  b' pan' + b'cakes' -> b' pancakes'
  b' avo' + b'id' -> b' avoid'
  b' sp' + b'at' -> b' spat'
  b' F' + b'rosty' -> b' Frosty'
  b'r' + b'ig' -> b'rig'
  b'h' + b'og' -> b'hog'
  b' N' + b'ina' -> b' Nina'
  b' path' + b's' -> b' paths'
  b'ive' + b's' -> b'ives'
  b'ck' + b'y' -> b'cky'
  b' H' + b'old' -> b' Hold'
  b' r' + b'otten' -> b' rotten'
  b' calm' + b'ed' -> b' calmed'
  b'S' + b'andy' -> b'Sandy'
  b' sea' + b'weed' -> b' seaweed'
  b' dro' + b'pping' -> b' dropping'
  b' J' + b'on' -> b' Jon'
  b' M' + b'el' -> b' Mel'
  b'ile' + b's' -> b'iles'
  b'P' + b'ipp' -> b'Pipp'
  b' twist' + b'ing' -> b' twisting'
  b' stro' + b'ked' -> b' stroked'
  b' unt' + b'ied' -> b' untied'
  b'll' + b'en' -> b'llen'
  b' play' + b'house' -> b' playhouse'
  b'n' + b'e' -> b'ne'
  b'M' + b'illie' -> b'Millie'
  b' stud' + b'ents' -> b' students'
  b' pupp' + b'ies' -> b' puppies'
  b'c' + b'l' -> b'cl'
  b' So' + b'f' -> b' Sof'
  b'h' + b'i' -> b'hi'
  b' screw' + b's' -> b' screws'
  b' ast' + b'ron' -> b' astron'
  b' R' + b'e' -> b' Re'
  b' some' + b'body' -> b' somebody'
  b'ig' + b'ning' -> b'igning'
  b' liqu' + b'id' -> b' liquid'
  b'am' + b'my' -> b'ammy'
  b' wake' + b's' -> b' wakes'
  b' squ' + b'ish' -> b' squish'
  b' W' + b'oof' -> b' Woof'
  b' brace' + b'lets' -> b' bracelets'
  b' astron' + b'aut' -> b' astronaut'
  b'im' + b'mer' -> b'immer'
  b'are' + b'n' -> b'aren'
  b' thr' + b'own' -> b' thrown'
  b' loop' + b's' -> b' loops'
  b' O' + b'ther' -> b' Other'
  b'L' + b'uckily' -> b'Luckily'
  b' wra' + b'pping' -> b' wrapping'
  b' pl' + b'ain' -> b' plain'
  b' tr' + b'amp' -> b' tramp'
  b' plan' + b'ning' -> b' planning'
  b' sk' + b'unk' -> b' skunk'
  b' a' + b'imed' -> b' aimed'
  b' pen' + b'nies' -> b' pennies'
  b' sh' + b'oo' -> b' shoo'
  b' lift' + b's' -> b' lifts'
  b' danc' + b'ers' -> b' dancers'
  b' spark' + b's' -> b' sparks'
  b' firef' + b'ly' -> b' firefly'
  b'p' + b'en' -> b'pen'
  b'D' + b'an' -> b'Dan'
  b' po' + b'ster' -> b' poster'
  b'y' + b'an' -> b'yan'
  b'end' + b'y' -> b'endy'
  b' c' + b'ust' -> b' cust'
  b' Christ' + b'mas' -> b' Christmas'
  b' reward' + b'ed' -> b' rewarded'
  b' object' + b's' -> b' objects'
  b' dire' + b'ctions' -> b' directions'
  b'us' + b'ing' -> b'using'
  b'ing' + b'o' -> b'ingo'
  b' refle' + b'ction' -> b' reflection'
  b' hus' + b'band' -> b' husband'
  b'\xe2\x80' + b'\x94' -> b'\xe2\x80\x94'
  b'T' + b'ake' -> b'Take'
  b'ri' + b'ver' -> b'river'
  b' cl' + b'ues' -> b' clues'
  b'u' + b'ppy' -> b'uppy'
  b' lead' + b's' -> b' leads'
  b' incre' + b'ased' -> b' increased'
  b' bl' + b'ocked' -> b' blocked'
  b' r' + b'ising' -> b' rising'
  b' do' + b'd' -> b' dod'
  b' cous' + b'in' -> b' cousin'
  b' Y' + b'esterday' -> b' Yesterday'
  b' With' + b'out' -> b' Without'
  b' forget' + b'ting' -> b' forgetting'
  b'rig' + b'ued' -> b'rigued'
  b' cust' + b'om' -> b' custom'
  b'K' + b'ate' -> b'Kate'
  b'u' + b'de' -> b'ude'
  b' tramp' + b'oline' -> b' trampoline'
  b' begin' + b'ning' -> b' beginning'
  b' store' + b'keeper' -> b' storekeeper'
  b' pout' + b'ed' -> b' pouted'
  b' zebra' + b's' -> b' zebras'
  b' hedge' + b'hog' -> b' hedgehog'
  b' a' + b'ff' -> b' aff'
  b' \xe2\x80' + b'\x98' -> b' \xe2\x80\x98'
  b' borrow' + b'ed' -> b' borrowed'
  b' Ro' + b'llie' -> b' Rollie'
  b' snow' + b'fl' -> b' snowfl'
  b' country' + b'side' -> b' countryside'
  b'J' + b'ump' -> b'Jump'
  b' mes' + b'mer' -> b' mesmer'
  b' J' + b'ay' -> b' Jay'
  b' vehic' + b'les' -> b' vehicles'
  b' instr' + b'um' -> b' instrum'
  b' M' + b'ic' -> b' Mic'
  b' K' + b'ayla' -> b' Kayla'
  b' U' + b'p' -> b' Up'
  b' frown' + b'ing' -> b' frowning'
  b'iv' + b'ity' -> b'ivity'
  b'P' + b'at' -> b'Pat'
  b'U' + b'nder' -> b'Under'
  b' mark' + b'er' -> b' marker'
  b'y' + b'ond' -> b'yond'
  b' pres' + b'ses' -> b' presses'
  b' be' + b'yond' -> b' beyond'
  b' Q' + b'ueen' -> b' Queen'
  b' dam' + b'age' -> b' damage'
  b' On' + b'ly' -> b' Only'
  b'ie' + b'ce' -> b'iece'
  b'i' + b'very' -> b'ivery'
  b' far' + b't' -> b' fart'
  b' T' + b'ara' -> b' Tara'
  b' B' + b'iggie' -> b' Biggie'
  b'j' + b'o' -> b'jo'
  b' heal' + b'th' -> b' health'
  b' whisp' + b'ers' -> b' whispers'
  b' swims' + b'uit' -> b' swimsuit'
  b' slip' + b's' -> b' slips'
  b' n' + b'ibb' -> b' nibb'
  b' Jul' + b'ia' -> b' Julia'
  b'arm' + b'er' -> b'armer'
  b' warm' + b'er' -> b' warmer'
  b' fl' + b'apping' -> b' flapping'
  b' tipto' + b'ed' -> b' tiptoed'
  b' regret' + b'ted' -> b' regretted'
  b'itt' + b'ed' -> b'itted'
  b'Z' + b'ip' -> b'Zip'
  b' lay' + b'ing' -> b' laying'
  b' Rob' + b'o' -> b' Robo'
  b'ad' + b'es' -> b'ades'
  b' y' + b'elp' -> b' yelp'
  b' F' + b'ire' -> b' Fire'
  b' rain' + b's' -> b' rains'
  b' gl' + b'ued' -> b' glued'
  b' every' + b'body' -> b' everybody'
  b' cre' + b'ations' -> b' creations'
  b' hear' + b'ing' -> b' hearing'
  b' sw' + b'ir' -> b' swir'
  b' cold' + b'er' -> b' colder'
  b'iver' + b'sity' -> b'iversity'
  b'a' + b'el' -> b'ael'
  b' shap' + b'ed' -> b' shaped'
  b' E' + b'lephant' -> b' Elephant'
  b' street' + b's' -> b' streets'
  b' fin' + b's' -> b' fins'
  b' rust' + b'y' -> b' rusty'
  b' cush' + b'ions' -> b' cushions'
  b'O' + b'ut' -> b'Out'
  b' sa' + b'n' -> b' san'
  b' fart' + b'hest' -> b' farthest'
  b' creat' + b'ivity' -> b' creativity'
  b' Mike' + b'y' -> b' Mikey'
  b'an' + b's' -> b'ans'
  b' sa' + b'le' -> b' sale'
  b'Al' + b'ways' -> b'Always'
  b'C' + b'o' -> b'Co'
  b' strong' + b'est' -> b' strongest'
  b'ibb' + b'it' -> b'ibbit'
  b' fit' + b's' -> b' fits'
  b' Spark' + b'y' -> b' Sparky'
  b' bell' + b's' -> b' bells'
  b' doll' + b'ars' -> b' dollars'
  b' L' + b'arry' -> b' Larry'
  b' e' + b'arn' -> b' earn'
  b'i' + b'am' -> b'iam'
  b'ang' + b'le' -> b'angle'
  b' lend' + b'ing' -> b' lending'
  b' M' + b'oon' -> b' Moon'
  b' Ch' + b'irp' -> b' Chirp'
  b'ee' + b'se' -> b'eese'
  b' cash' + b'ier' -> b' cashier'
  b'M' + b'illy' -> b'Milly'
  b' inclu' + b'ding' -> b' including'
  b' sniff' + b's' -> b' sniffs'
  b' san' + b'k' -> b' sank'
  b' rainco' + b'at' -> b' raincoat'
  b' R' + b'ich' -> b' Rich'
  b' tremb' + b'led' -> b' trembled'
  b' sto' + b'pping' -> b' stopping'
  b' sour' + b'ce' -> b' source'
  b'it' + b'i' -> b'iti'
  b'im' + b'on' -> b'imon'
  b' Miss' + b'y' -> b' Missy'
  b' wob' + b'bly' -> b' wobbly'
  b' ind' + b'eed' -> b' indeed'
  b'ter' + b's' -> b'ters'
  b' guest' + b's' -> b' guests'
  b' sing' + b'le' -> b' single'
  b' recommend' + b'ed' -> b' recommended'
  b' we' + b'e' -> b' wee'
  b' spell' + b's' -> b' spells'
  b' accomplish' + b'ment' -> b' accomplishment'
  b' bel' + b'ts' -> b' belts'
  b' surpr' + b'ising' -> b' surprising'
  b' end' + b's' -> b' ends'
  b' hope' + b'ful' -> b' hopeful'
  b' seas' + b'ons' -> b' seasons'
  b' T' + b'ake' -> b' Take'
  b' Snow' + b'man' -> b' Snowman'
  b' E' + b'ls' -> b' Els'
  b'B' + b'ear' -> b'Bear'
  b' plan' + b's' -> b' plans'
  b'ich' + b'ael' -> b'ichael'
  b' encou' + b'rag' -> b' encourag'
  b' supp' + b'orted' -> b' supported'
  b'st' + b'ick' -> b'stick'
  b'ill' + b'ed' -> b'illed'
  b' suff' + b'ered' -> b' suffered'
  b' art' + b'ist' -> b' artist'
  b' perform' + b'ance' -> b' performance'
  b'e' + b'et' -> b'eet'
  b'N' + b'ina' -> b'Nina'
  b' slow' + b'ed' -> b' slowed'
  b' g' + b'ross' -> b' gross'
  b' flav' + b'ors' -> b' flavors'
  b'id' + b'ing' -> b'iding'
  b'ert' + b'ain' -> b'ertain'
  b' sp' + b'ins' -> b' spins'
  b'ch' + b'o' -> b'cho'
  b'Qu' + b'ack' -> b'Quack'
  b' label' + b's' -> b' labels'
  b' raindr' + b'ops' -> b' raindrops'
  b' del' + b'ivery' -> b' delivery'
  b'u' + b'ing' -> b'uing'
  b'ara' + b'c' -> b'arac'
  b' rac' + b'coon' -> b' raccoon'
  b' forgi' + b'ving' -> b' forgiving'
  b'ob' + b'ody' -> b'obody'
  b' W' + b'oo' -> b' Woo'
  b' pour' + b's' -> b' pours'
  b't' + b'he' -> b'the'
  b'il' + b'ity' -> b'ility'
  b' van' + b'illa' -> b' vanilla'
  b' turt' + b'les' -> b' turtles'
  b' stand' + b's' -> b' stands'
  b'B' + b'ill' -> b'Bill'
  b'u' + b'ess' -> b'uess'
  b' rec' + b'ipe' -> b' recipe'
  b' be' + b'am' -> b' beam'
  b' t' + b'ying' -> b' tying'
  b' S' + b'w' -> b' Sw'
  b' g' + b'eese' -> b' geese'
  b' will' + b'ing' -> b' willing'
  b' rob' + b'ber' -> b' robber'
  b' draw' + b'n' -> b' drawn'
  b'V' + b'room' -> b'Vroom'
  b' we' + b'pt' -> b' wept'
  b' B' + b'ones' -> b' Bones'
  b' ch' + b'arac' -> b' charac'
  b' pop' + b's' -> b' pops'
  b' corn' + b'ers' -> b' corners'
  b' S' + b'ophia' -> b' Sophia'
  b'el' + b'ia' -> b'elia'
  b' que' + b'ens' -> b' queens'
  b' sail' + b'boat' -> b' sailboat'
  b' gri' + b'p' -> b' grip'
  b' d' + b'ie' -> b' die'
  b' driver' + b's' -> b' drivers'
  b'it' + b'ude' -> b'itude'
  b' m' + b'oo' -> b' moo'
  b' hall' + b'way' -> b' hallway'
  b' imag' + b'ining' -> b' imagining'
  b' second' + b's' -> b' seconds'
  b' Fu' + b'zzy' -> b' Fuzzy'
  b'M' + b'ine' -> b'Mine'
  b' prep' + b'aring' -> b' preparing'
  b' wid' + b'ened' -> b' widened'
  b' ad' + b'ult' -> b' adult'
  b' Sp' + b'irit' -> b' Spirit'
  b' gro' + b'cer' -> b' grocer'
  b' c' + b'oop' -> b' coop'
  b' talent' + b'ed' -> b' talented'
  b' P' + b'am' -> b' Pam'
  b' Be' + b'aky' -> b' Beaky'
  b' I' + b'zzy' -> b' Izzy'
  b'umm' + b'ies' -> b'ummies'
  b' sail' + b'ors' -> b' sailors'
  b'll' + b'ing' -> b'lling'
  b' so' + b'fter' -> b' softer'
  b' as' + b'ide' -> b' aside'
  b' water' + b'ing' -> b' watering'
  b' send' + b'ing' -> b' sending'
  b' knot' + b's' -> b' knots'
  b' uns' + b'ure' -> b' unsure'
  b' t' + b'ipped' -> b' tipped'
  b'L' + b'ulu' -> b'Lulu'
  b' tree' + b'house' -> b' treehouse'
  b' hor' + b'iz' -> b' horiz'
  b' L' + b'izzie' -> b' Lizzie'
  b' not' + b'es' -> b' notes'
  b' e' + b'cho' -> b' echo'
  b'ig' + b'ers' -> b'igers'
  b' achie' + b'ved' -> b' achieved'
  b' horiz' + b'on' -> b' horizon'
  b' sque' + b'ak' -> b' squeak'
  b' deliver' + b'ing' -> b' delivering'
  b' ple' + b'asure' -> b' pleasure'
  b' hot' + b'ter' -> b' hotter'
  b' St' + b'ella' -> b' Stella'
  b'Cl' + b'ara' -> b'Clara'
  b' pupil' + b's' -> b' pupils'
  b' bur' + b'row' -> b' burrow'
  b' angel' + b's' -> b' angels'
  b' curious' + b'ly' -> b' curiously'
  b'E' + b'llie' -> b'Ellie'
  b' y' + b'um' -> b' yum'
  b' blin' + b'king' -> b' blinking'
  b' J' + b'une' -> b' June'
  b' tw' + b'eet' -> b' tweet'
  b' symbol' + b's' -> b' symbols'
  b' d' + b'et' -> b' det'
  b' St' + b'retch' -> b' Stretch'
  b'w' + b'k' -> b'wk'
  b' pass' + b'en' -> b' passen'
  b' Ru' + b'dy' -> b' Rudy'
  b' C' + b'indy' -> b' Cindy'
  b' t' + b'ummies' -> b' tummies'
  b' t' + b'iss' -> b' tiss'
  b' pige' + b'ons' -> b' pigeons'
  b' figure' + b's' -> b' figures'
  b'umb' + b'ling' -> b'umbling'
  b'o' + b'ey' -> b'oey'
  b' band' + b'ages' -> b' bandages'
  b' Rob' + b'ert' -> b' Robert'
  b' c' + b'oup' -> b' coup'
  b' Do' + b'ctor' -> b' Doctor'
  b' robot' + b's' -> b' robots'
  b'al' + b'ph' -> b'alph'
  b' toss' + b'ed' -> b' tossed'
  b' h' + b'our' -> b' hour'
  b' back' + b'wards' -> b' backwards'
  b' ro' + b'ars' -> b' roars'
  b'B' + b'aby' -> b'Baby'
  b' mer' + b'ma' -> b' merma'
  b'u' + b'zz' -> b'uzz'
  b' r' + b'ather' -> b' rather'
  b'at' + b'ur' -> b'atur'
  b'Mar' + b'ia' -> b'Maria'
  b'c' + b'ited' -> b'cited'
  b' P' + b'lay' -> b' Play'
  b' Cra' + b'b' -> b' Crab'
  b'M' + b'oo' -> b'Moo'
  b'ight' + b'ing' -> b'ighting'
  b'Do' + b'lly' -> b'Dolly'
  b' grocer' + b'ies' -> b' groceries'
  b' zipp' + b'ing' -> b' zipping'
  b'P' + b'ut' -> b'Put'
  b'V' + b'ery' -> b'Very'
  b' un' + b'w' -> b' unw'
  b'p' + b'rin' -> b'prin'
  b' am' + b'ong' -> b' among'
  b' bl' + b'own' -> b' blown'
  b' ' + b'icing' -> b' icing'
  b'!\xe2\x80\x9d' + b'.' -> b'!\xe2\x80\x9d.'
  b' r' + b'umble' -> b' rumble'
  b' after' + b'wards' -> b' afterwards'
  b'ipp' + b'er' -> b'ipper'
  b' screw' + b'd' -> b' screwd'
  b'us' + b'hing' -> b'ushing'
  b' sp' + b'ed' -> b' sped'
  b' pr' + b'ove' -> b' prove'
  b' g' + b'lee' -> b' glee'
  b' T' + b'iti' -> b' Titi'
  b' T' + b'ia' -> b' Tia'
  b' d' + b'ip' -> b' dip'
  b' over' + b'come' -> b' overcome'
  b'Ru' + b'by' -> b'Ruby'
  b'Qu' + b'ick' -> b'Quick'
  b' surf' + b'board' -> b' surfboard'
  b' shovel' + b's' -> b' shovels'
  b' slice' + b's' -> b' slices'
  b' To' + b'ot' -> b' Toot'
  b' m' + b'erry' -> b' merry'
  b' wob' + b'ble' -> b' wobble'
  b' m' + b'ate' -> b' mate'
  b' T' + b'urt' -> b' Turt'
  b' A' + b'bbie' -> b' Abbie'
  b' head' + b'ing' -> b' heading'
  b' disturb' + b'ing' -> b' disturbing'
  b' sw' + b'all' -> b' swall'
  b' rever' + b'sed' -> b' reversed'
  b' firefight' + b'ers' -> b' firefighters'
  b'J' + b'ul' -> b'Jul'
  b' swall' + b'owed' -> b' swallowed'
  b' ch' + b'ip' -> b' chip'
  b'ed' + b's' -> b'eds'
  b' sc' + b'ored' -> b' scored'
  b' fl' + b'ipped' -> b' flipped'
  b' J' + b'ump' -> b' Jump'
  b' squee' + b'zing' -> b' squeezing'
  b'ust' + b'y' -> b'usty'
  b'Fr' + b'ank' -> b'Frank'
  b'at' + b'y' -> b'aty'
  b'S' + b'u' -> b'Su'
  b' wa' + b'king' -> b' waking'
  b' int' + b'rigued' -> b' intrigued'
  b'S' + b'ad' -> b'Sad'
  b'L' + b'ike' -> b'Like'
  b' m' + b'aker' -> b' maker'
  b' B' + b'arky' -> b' Barky'
  b'aw' + b'n' -> b'awn'
  b'B' + b'etty' -> b'Betty'
  b' p' + b'uff' -> b' puff'
  b' ha' + b'wk' -> b' hawk'
  b' encourag' + b'ing' -> b' encouraging'
  b' a' + b'ud' -> b' aud'
  b' E' + b'x' -> b' Ex'
  b'os' + b'en' -> b'osen'
  b'on' + b'ies' -> b'onies'
  b' ch' + b'osen' -> b' chosen'
  b' R' + b'on' -> b' Ron'
  b'he' + b'w' -> b'hew'
  b' F' + b'armer' -> b' Farmer'
  b' A' + b'ng' -> b' Ang'
  b' coup' + b'le' -> b' couple'
  b' design' + b's' -> b' designs'
  b' slipp' + b'ing' -> b' slipping'
  b' screwd' + b'river' -> b' screwdriver'
  b' squish' + b'y' -> b' squishy'
  b' Em' + b'my' -> b' Emmy'
  b' garden' + b'er' -> b' gardener'
  b' cent' + b'er' -> b' center'
  b' river' + b's' -> b' rivers'
  b' resp' + b'ond' -> b' respond'
  b' mark' + b'ers' -> b' markers'
  b'ile' + b'y' -> b'iley'
  b' t' + b'igers' -> b' tigers'
  b' jar' + b's' -> b' jars'
  b'pec' + b'ting' -> b'pecting'
  b' frown' + b's' -> b' frowns'
  b'b' + b'ird' -> b'bird'
  b' flutter' + b'ed' -> b' fluttered'
  b' Sad' + b'ly' -> b' Sadly'
  b' K' + b'it' -> b' Kit'
  b'R' + b'ibbit' -> b'Ribbit'
  b' firefight' + b'er' -> b' firefighter'
  b' S' + b'l' -> b' Sl'
  b' R' + b'yan' -> b' Ryan'
  b' suit' + b's' -> b' suits'
  b' sec' + b'ure' -> b' secure'
  b' sprink' + b'led' -> b' sprinkled'
  b' cream' + b'y' -> b' creamy'
  b'as' + b'hes' -> b'ashes'
  b' shark' + b's' -> b' sharks'
  b' ignor' + b'ing' -> b' ignoring'
  b' br' + b'u' -> b' bru'
  b' gigg' + b'les' -> b' giggles'
  b' tiss' + b'ue' -> b' tissue'
  b' tight' + b'er' -> b' tighter'
  b' firm' + b'ly' -> b' firmly'
  b'oun' + b'ce' -> b'ounce'
  b' L' + b'aura' -> b' Laura'
  b'f' + b'ly' -> b'fly'
  b' sh' + b'own' -> b' shown'
  b' famil' + b'iar' -> b' familiar'
  b' thorn' + b's' -> b' thorns'
  b'Sp' + b'ike' -> b'Spike'
  b' W' + b'o' -> b' Wo'
  b' draw' + b'ers' -> b' drawers'
  b'ch' + b'ild' -> b'child'
  b' Z' + b'ee' -> b' Zee'
  b' exp' + b'ress' -> b' express'
  b'C' + b'ar' -> b'Car'
  b'ment' + b's' -> b'ments'
  b' de' + b'f' -> b' def'
  b' d' + b'aring' -> b' daring'
  b' cross' + b'ing' -> b' crossing'
  b' aud' + b'ience' -> b' audience'
  b' perform' + b'ing' -> b' performing'
  b' colour' + b'ed' -> b' coloured'
  b' cloud' + b'y' -> b' cloudy'
  b' c' + b'or' -> b' cor'
  b' a' + b'is' -> b' ais'
  b' N' + b'ick' -> b' Nick'
  b'a' + b'e' -> b'ae'
  b'r' + b'at' -> b'rat'
  b' pedal' + b'ed' -> b' pedaled'
  b'G' + b'et' -> b'Get'
  b' mix' + b'ture' -> b' mixture'
  b' t' + b'il' -> b' til'
  b' grace' + b'fully' -> b' gracefully'
  b'g' + b'gy' -> b'ggy'
  b' haircut' + b's' -> b' haircuts'
  b' yield' + b'ed' -> b' yielded'
  b' p' + b'onies' -> b' ponies'
  b' dis' + b'ob' -> b' disob'
  b' crown' + b's' -> b' crowns'
  b' bit' + b's' -> b' bits'
  b' to' + b'dd' -> b' todd'
  b' S' + b'leep' -> b' Sleep'
  b' nervous' + b'ly' -> b' nervously'
  b' hang' + b'ers' -> b' hangers'
  b'bb' + b'led' -> b'bbled'
  b' P' + b'atch' -> b' Patch'
  b'Z' + b'oomy' -> b'Zoomy'
  b' pay' + b's' -> b' pays'
  b' ' + b'2' -> b' 2'
  b' pe' + b'ck' -> b' peck'
  b' stro' + b'ke' -> b' stroke'
  b' e' + b'v' -> b' ev'
  b'f' + b'all' -> b'fall'
  b'B' + b'ang' -> b'Bang'
  b'e' + b'en' -> b'een'
  b' res' + b'pected' -> b' respected'
  b' n' + b'apped' -> b' napped'
  b'a' + b'ven' -> b'aven'
  b' mind' + b'ed' -> b' minded'
  b'dd' + b'ie' -> b'ddie'
  b'B' + b'essie' -> b'Bessie'
  b'ab' + b'ly' -> b'ably'
  b'B' + b'oys' -> b'Boys'
  b' test' + b'ed' -> b' tested'
  b'ad' + b'ing' -> b'ading'
  b'p' + b'arent' -> b'parent'
  b' Chr' + b'is' -> b' Chris'
  b'K' + b'im' -> b'Kim'
  b' Un' + b'iversity' -> b' University'
  b' N' + b'ear' -> b' Near'
  b' bee' + b'h' -> b' beeh'
  b' Turt' + b'le' -> b' Turtle'
  b' surf' + b'ing' -> b' surfing'
  b' neighb' + b'ours' -> b' neighbours'
  b'ar' + b'row' -> b'arrow'
  b'ver' + b'ed' -> b'vered'
  b' sh' + b'ady' -> b' shady'
  b'ion' + b'a' -> b'iona'
  b'arl' + b'ings' -> b'arlings'
  b' magic' + b'ian' -> b' magician'
  b' enthusia' + b'sm' -> b' enthusiasm'
  b' d' + b'arlings' -> b' darlings'
  b' wis' + b'ely' -> b' wisely'
  b' st' + b'itches' -> b' stitches'
  b' sail' + b's' -> b' sails'
  b'ke' + b'nd' -> b'kend'
  b'D' + b'ear' -> b'Dear'
  b' wee' + b'kend' -> b' weekend'
  b' thought' + b's' -> b' thoughts'
  b'Fred' + b'dy' -> b'Freddy'
  b' Tweet' + b'ie' -> b' Tweetie'
  b' remind' + b's' -> b' reminds'
  b' temp' + b'er' -> b' temper'
  b'or' + b'ing' -> b'oring'
  b'th' + b'a' -> b'tha'
  b'ant' + b'ha' -> b'antha'
  b' surround' + b'ings' -> b' surroundings'
  b' spit' + b's' -> b' spits'
  b' fle' + b'as' -> b' fleas'
  b' team' + b's' -> b' teams'
  b' lesson' + b's' -> b' lessons'
  b' fill' + b's' -> b' fills'
  b' fl' + b'ip' -> b' flip'
  b' Al' + b'ong' -> b' Along'
  b' paint' + b'brush' -> b' paintbrush'
  b' mel' + b'ons' -> b' melons'
  b' merma' + b'id' -> b' mermaid'
  b'on' + b'i' -> b'oni'
  b'K' + b'atie' -> b'Katie'
  b' grand' + b'child' -> b' grandchild'
  b' hoop' + b's' -> b' hoops'
  b' expl' + b'o' -> b' explo'
  b' el' + b'bow' -> b' elbow'
  b' sport' + b's' -> b' sports'
  b'G' + b'uess' -> b'Guess'
  b' li' + b'es' -> b' lies'
  b' F' + b'ighting' -> b' Fighting'
  b'ra' + b'c' -> b'rac'
  b' pan' + b'icked' -> b' panicked'
  b' clean' + b'er' -> b' cleaner'
  b' am' + b'ount' -> b' amount'
  b'c' + b'used' -> b'cused'
  b' long' + b'est' -> b' longest'
  b' scoot' + b'ers' -> b' scooters'
  b' l' + b'ent' -> b' lent'
  b'it' + b'a' -> b'ita'
  b'immer' + b'ing' -> b'immering'
  b' s' + b'ill' -> b' sill'
  b' bel' + b'oved' -> b' beloved'
  b'Pipp' + b'in' -> b'Pippin'
  b' beeh' + b'ive' -> b' beehive'
  b'Al' + b'right' -> b'Alright'
  b'ong' + b'rat' -> b'ongrat'
  b'og' + b'a' -> b'oga'
  b'll' + b'e' -> b'lle'
  b'ongrat' + b'ul' -> b'ongratul'
  b' oy' + b'sters' -> b' oysters'
  b' grand' + b'parent' -> b' grandparent'
  b' forgi' + b'ven' -> b' forgiven'
  b' magaz' + b'ines' -> b' magazines'
  b' ar' + b'r' -> b' arr'
  b' W' + b'ise' -> b' Wise'
  b' e' + b'lf' -> b' elf'
  b' repe' + b'ating' -> b' repeating'
  b' discuss' + b'ed' -> b' discussed'
  b' sweet' + b'est' -> b' sweetest'
  b' Thank' + b's' -> b' Thanks'
  b'K' + b'eep' -> b'Keep'
  b' wa' + b'dd' -> b' wadd'
  b' May' + b'a' -> b' Maya'
  b' re' + b'ass' -> b' reass'
  b' la' + b'ce' -> b' lace'
  b' Gr' + b'anny' -> b' Granny'
  b' nightmare' + b's' -> b' nightmares'
  b' tub' + b'es' -> b' tubes'
  b' W' + b'illy' -> b' Willy'
  b' understand' + b's' -> b' understands'
  b' spoon' + b'ful' -> b' spoonful'
  b' n' + b'ood' -> b' nood'
  b' bat' + b'hing' -> b' bathing'
  b' Z' + b'oey' -> b' Zoey'
  b'ast' + b'y' -> b'asty'
  b'A' + b'm' -> b'Am'
  b' swe' + b'ep' -> b' sweep'
  b' man' + b'ners' -> b' manners'
  b'c' + b'row' -> b'crow'
  b'Un' + b'cle' -> b'Uncle'
  b' wr' + b'ink' -> b' wrink'
  b' spr' + b'ang' -> b' sprang'
  b' n' + b'ur' -> b' nur'
  b' b' + b'ully' -> b' bully'
  b' H' + b'olly' -> b' Holly'
  b' gu' + b'ide' -> b' guide'
  b' Y' + b'et' -> b' Yet'
  b'on' + b'na' -> b'onna'
  b'an' + b'cy' -> b'ancy'
  b' c' + b'rew' -> b' crew'
  b'rom' + b'ise' -> b'romise'
  b'J' + b'azz' -> b'Jazz'
  b' breat' + b'hed' -> b' breathed'
  b'wh' + b'ile' -> b'while'
  b'step' + b's' -> b'steps'
  b'ild' + b'a' -> b'ilda'
  b'ent' + b'ly' -> b'ently'
  b' B' + b'ally' -> b' Bally'
  b' bulb' + b's' -> b' bulbs'
  b' ne' + b'are' -> b' neare'
  b' grass' + b'y' -> b' grassy'
  b' wigg' + b'ly' -> b' wiggly'
  b' test' + b'ing' -> b' testing'
  b' sp' + b'ies' -> b' spies'
  b' c' + b'oug' -> b' coug'
  b' sol' + b'ving' -> b' solving'
  b' sheet' + b's' -> b' sheets'
  b' R' + b'oo' -> b' Roo'
  b' foot' + b'steps' -> b' footsteps'
  b'nt' + b'il' -> b'ntil'
  b'After' + b'wards' -> b'Afterwards'
  b' speed' + b'ing' -> b' speeding'
  b' fo' + b'cused' -> b' focused'
  b'oun' + b'ced' -> b'ounced'
  b'ce' + b'pt' -> b'cept'
  b'?' + b'!"' -> b'?!"'
  b' mesmer' + b'ized' -> b' mesmerized'
  b' cam' + b'el' -> b' camel'
  b' bra' + b'ver' -> b' braver'
  b' hesit' + b'ant' -> b' hesitant'
  b' Spark' + b'le' -> b' Sparkle'
  b' lick' + b'ing' -> b' licking'
  b' r' + b'ushing' -> b' rushing'
  b' W' + b'ell' -> b' Well'
  b' join' + b'ing' -> b' joining'
  b' P' + b'uppy' -> b' Puppy'
  b' pol' + b'ar' -> b' polar'
  b' greet' + b'ed' -> b' greeted'
  b' Mar' + b'tha' -> b' Martha'
  b'es' + b'pite' -> b'espite'
  b'-' + b'-' -> b'--'
  b' Bu' + b'bb' -> b' Bubb'
  b'Wh' + b'ich' -> b'Which'
  b'K' + b'iki' -> b'Kiki'
  b' wor' + b'n' -> b' worn'
  b' material' + b's' -> b' materials'
  b' ch' + b'anges' -> b' changes'
  b' N' + b'obody' -> b' Nobody'
  b'und' + b'red' -> b'undred'
  b' stor' + b'ed' -> b' stored'
  b' bicy' + b'cles' -> b' bicycles'
  b' m' + b'ast' -> b' mast'
  b' an' + b'ger' -> b' anger'
  b'Le' + b'ave' -> b'Leave'
  b' peace' + b'fully' -> b' peacefully'
  b' ship' + b's' -> b' ships'
  b' sp' + b'ice' -> b' spice'
  b' terri' + b'fied' -> b' terrified'
  b' n' + b'uzz' -> b' nuzz'
  b' g' + b'onna' -> b' gonna'
  b' Sh' + b'ow' -> b' Show'
  b' pol' + b'itely' -> b' politely'
  b'Sn' + b'ow' -> b'Snow'
  b' spill' + b's' -> b' spills'
  b' scare' + b'crow' -> b' scarecrow'
  b' kn' + b'ives' -> b' knives'
  b' ev' + b'il' -> b' evil'
  b' Mix' + b'y' -> b' Mixy'
  b'pp' + b'ies' -> b'ppies'
  b' bury' + b'ing' -> b' burying'
  b'c' + b'a' -> b'ca'
  b' heal' + b'ing' -> b' healing'
  b' are' + b'n' -> b' aren'
  b' don' + b'key' -> b' donkey'
  b' aeropl' + b'anes' -> b' aeroplanes'
  b'f' + b'reeze' -> b'freeze'
  b'E' + b'ven' -> b'Even'
  b' se' + b'als' -> b' seals'
  b' scatter' + b'ing' -> b' scattering'
  b' m' + b'iles' -> b' miles'
  b' Chew' + b'y' -> b' Chewy'
  b'am' + b'boo' -> b'amboo'
  b' d' + b'ump' -> b' dump'
  b' worry' + b'ing' -> b' worrying'
  b'B' + b'ee' -> b'Bee'
  b'z' + b'oom' -> b'zoom'
  b'be' + b'ep' -> b'beep'
  b'D' + b'avid' -> b'David'
  b' L' + b'enny' -> b' Lenny'
  b' puzz' + b'led' -> b' puzzled'
  b' st' + b'acked' -> b' stacked'
  b' K' + b'ip' -> b' Kip'
  b'P' + b'enny' -> b'Penny'
  b' N' + b'ice' -> b' Nice'
  b' lo' + b'ses' -> b' loses'
  b'dd' + b'ing' -> b'dding'
  b' trave' + b'lled' -> b' travelled'
  b' basket' + b's' -> b' baskets'
  b' W' + b'in' -> b' Win'
  b' O' + b'kay' -> b' Okay'
  b' gaz' + b'ing' -> b' gazing'
  b' bl' + b'ast' -> b' blast'
  b'ip' + b'es' -> b'ipes'
  b' T' + b'ess' -> b' Tess'
  b'H' + b'urry' -> b'Hurry'
  b' temper' + b'ature' -> b' temperature'
  b' u' + b'nd' -> b' und'
  b' tast' + b'ing' -> b' tasting'
  b' dri' + b'pping' -> b' dripping'
  b' cl' + b'ue' -> b' clue'
  b' belie' + b'ving' -> b' believing'
  b' pinch' + b'ing' -> b' pinching'
  b'er' + b'm' -> b'erm'
  b' so' + b'aking' -> b' soaking'
  b' rat' + b's' -> b' rats'
  b' 1' + b'0' -> b' 10'
  b'is' + b'c' -> b'isc'
  b' sand' + b'y' -> b' sandy'
  b're' + b'ct' -> b'rect'
  b' Is' + b'n' -> b' Isn'
  b' S' + b'imon' -> b' Simon'
  b're' + b'y' -> b'rey'
  b'an' + b'while' -> b'anwhile'
  b' Ab' + b'i' -> b' Abi'
  b'B' + b'inky' -> b'Binky'
  b' punish' + b'ment' -> b' punishment'
  b' ban' + b'ged' -> b' banged'
  b' human' + b's' -> b' humans'
  b' cras' + b'hing' -> b' crashing'
  b' for' + b'ce' -> b' force'
  b' A' + b'na' -> b' Ana'
  b' h' + b'undred' -> b' hundred'
  b' g' + b'est' -> b' gest'
  b' L' + b'ia' -> b' Lia'
  b' swim' + b'mer' -> b' swimmer'
  b' Che' + b'ss' -> b' Chess'
  b' snowfl' + b'akes' -> b' snowflakes'
  b' relax' + b'ing' -> b' relaxing'
  b' res' + b'isted' -> b' resisted'
  b' beep' + b'ed' -> b' beeped'
  b' F' + b'airy' -> b' Fairy'
  b' quarrel' + b'ed' -> b' quarreled'
  b'f' + b'orm' -> b'form'
  b'el' + b'ie' -> b'elie'
  b' r' + b'amp' -> b' ramp'
  b' W' + b'endy' -> b' Wendy'
  b' jo' + b'ins' -> b' joins'
  b'ab' + b'by' -> b'abby'
  b' backpack' + b's' -> b' backpacks'
  b' P' + b'h' -> b' Ph'
  b'year' + b's' -> b'years'
  b' dress' + b'ing' -> b' dressing'
  b' delay' + b'ed' -> b' delayed'
  b' todd' + b'ler' -> b' toddler'
  b' L' + b'uckily' -> b' Luckily'
  b' fl' + b'ight' -> b' flight'
  b' cover' + b'ing' -> b' covering'
  b' T' + b'e' -> b' Te'
  b'or' + b'ter' -> b'orter'
  b'Tw' + b'o' -> b'Two'
  b'O' + b'pen' -> b'Open'
  b'B' + b'y' -> b'By'
  b' encourage' + b'ment' -> b' encouragement'
  b' ben' + b'ches' -> b' benches'
  b' tow' + b'ard' -> b' toward'
  b' scra' + b'ped' -> b' scraped'
  b' purp' + b'ose' -> b' purpose'
  b' fo' + b'cus' -> b' focus'
  b' Ju' + b'dy' -> b' Judy'
  b'B' + b'ow' -> b'Bow'
  b' cor' + b'rect' -> b' correct'
  b"'" + b'."' -> b'\'."'
  b' lip' + b'stick' -> b' lipstick'
  b' b' + b'amboo' -> b' bamboo'
  b'S' + b'pe' -> b'Spe'
  b' twink' + b'led' -> b' twinkled'
  b' pot' + b'ion' -> b' potion'
  b' perm' + b'itted' -> b' permitted'
  b' month' + b's' -> b' months'
  b' C' + b'ow' -> b' Cow'
  b' langu' + b'ages' -> b' languages'
  b' ord' + b'ers' -> b' orders'
  b' freed' + b'om' -> b' freedom'
  b'T' + b'ony' -> b'Tony'
  b' risk' + b's' -> b' risks'
  b' po' + b'ppies' -> b' poppies'
  b' m' + b'aster' -> b' master'
  b'sh' + b'm' -> b'shm'
  b' nood' + b'les' -> b' noodles'
  b' f' + b'aded' -> b' faded'
  b' wound' + b's' -> b' wounds'
  b'shm' + b'allow' -> b'shmallow'
  b'ri' + b'er' -> b'rier'
  b'K' + b'ids' -> b'Kids'
  b'is' + b'ions' -> b'isions'
  b' Jo' + b'jo' -> b' Jojo'
  b' cream' + b's' -> b' creams'
  b' bird' + b'house' -> b' birdhouse'
  b' cell' + b's' -> b' cells'
  b' annoy' + b'ed' -> b' annoyed'
  b' Her' + b'b' -> b' Herb'
  b'op' + b'es' -> b'opes'
  b' sniff' + b'ing' -> b' sniffing'
  b' che' + b'ers' -> b' cheers'
  b' ad' + b'ults' -> b' adults'
  b'Bird' + b'y' -> b'Birdy'
  b' unw' + b'ra' -> b' unwra'
  b'ec' + b'ca' -> b'ecca'
  b'Bu' + b'zzy' -> b'Buzzy'
  b' p' + b'uck' -> b' puck'
  b' opin' + b'ions' -> b' opinions'
  b' flo' + b'ats' -> b' floats'
  b'and' + b'as' -> b'andas'
  b'In' + b'stead' -> b'Instead'
  b' fl' + b'own' -> b' flown'
  b' snee' + b'zes' -> b' sneezes'
  b' sc' + b'en' -> b' scen'
  b' hands' + b'ome' -> b' handsome'
  b' no' + b'dding' -> b' nodding'
  b' M' + b'int' -> b' Mint'
  b' smell' + b'ing' -> b' smelling'
  b' bur' + b'nt' -> b' burnt'
  b' ' + b'5' -> b' 5'
  b' dri' + b'fted' -> b' drifted'
  b'id' + b'er' -> b'ider'
  b'b' + b'age' -> b'bage'
  b' with' + b'in' -> b' within'
  b' sc' + b'ient' -> b' scient'
  b' he' + b'ight' -> b' height'
  b' dam' + b'aged' -> b' damaged'
  b' bother' + b'ing' -> b' bothering'
  b' te' + b'aring' -> b' tearing'
  b' sl' + b'ither' -> b' slither'
  b' ple' + b'aded' -> b' pleaded'
  b' instrum' + b'ents' -> b' instruments'
  b' e' + b'ase' -> b' ease'
  b' Al' + b'i' -> b' Ali'
  b'd' + b'a' -> b'da'
  b'B' + b'ack' -> b'Back'
  b' scient' + b'ist' -> b' scientist'
  b' Mar' + b'ie' -> b' Marie'
  b'M' + b'ira' -> b'Mira'
  b'Good' + b'night' -> b'Goodnight'
  b' p' + b'ound' -> b' pound'
  b' sell' + b'er' -> b' seller'
  b' hand' + b'ing' -> b' handing'
  b' g' + b'erm' -> b' germ'
  b' S' + b'ay' -> b' Say'
  b' was' + b'ting' -> b' wasting'
  b' file' + b's' -> b' files'
  b' res' + b'ults' -> b' results'
  b' dream' + b't' -> b' dreamt'
  b' M' + b'abel' -> b' Mabel'
  b'b' + b'ell' -> b'bell'
  b' explain' + b's' -> b' explains'
  b' destro' + b'ying' -> b' destroying'
  b' brus' + b'hing' -> b' brushing'
  b'ous' + b'y' -> b'ousy'
  b' his' + b's' -> b' hiss'
  b' charac' + b'ters' -> b' characters'
  b' R' + b'azor' -> b' Razor'
  b' C' + b'r' -> b' Cr'
  b'C' + b'arl' -> b'Carl'
  b' c' + b'ertain' -> b' certain'
  b' St' + b'e' -> b' Ste'
  b'P' + b'andy' -> b'Pandy'
  b'Be' + b'hind' -> b'Behind'
  b' sweat' + b'y' -> b' sweaty'
  b' H' + b'ug' -> b' Hug'
  b'un' + b'ched' -> b'unched'
  b' bus' + b'iness' -> b' business'
  b' Rob' + b'bie' -> b' Robbie'
  b' tal' + b'ents' -> b' talents'
  b' on' + b'ward' -> b' onward'
  b'T' + b'ry' -> b'Try'
  b' eng' + b'ines' -> b' engines'
  b' brave' + b'st' -> b' bravest'
  b'it' + b'ion' -> b'ition'
  b' stern' + b'ly' -> b' sternly'
  b' P' + b'en' -> b' Pen'
  b' Jan' + b'ie' -> b' Janie'
  b'prin' + b'ts' -> b'prints'
  b' post' + b'man' -> b' postman'
  b' mosquito' + b'es' -> b' mosquitoes'
  b' mind' + b's' -> b' minds'
  b'u' + b'nder' -> b'under'
  b'c' + b'ake' -> b'cake'
  b' t' + b'uck' -> b' tuck'
  b' scare' + b's' -> b' scares'
  b'u' + b'rious' -> b'urious'
  b' stom' + b'p' -> b' stomp'
  b' apolog' + b'ised' -> b' apologised'
  b'u' + b'el' -> b'uel'
  b' man' + b'ag' -> b' manag'
  b' sn' + b'uck' -> b' snuck'
  b' b' + b'itten' -> b' bitten'
  b'atter' + b'ed' -> b'attered'
  b' til' + b'ted' -> b' tilted'
  b' sw' + b'itched' -> b' switched'
  b' remind' + b'ing' -> b' reminding'
  b' dec' + b'isions' -> b' decisions'
  b' sing' + b'ers' -> b' singers'
  b' des' + b'per' -> b' desper'
  b' behavi' + b'or' -> b' behavior'
  b' Po' + b'or' -> b' Poor'
  b'as' + b'hing' -> b'ashing'
  b' Ju' + b'dge' -> b' Judge'
  b'bb' + b'ers' -> b'bbers'
  b'in' + b'ny' -> b'inny'
  b' sque' + b'aked' -> b' squeaked'
  b' peel' + b'ed' -> b' peeled'
  b' Every' + b'body' -> b' Everybody'
  b' y' + b'umm' -> b' yumm'
  b' pur' + b'rs' -> b' purrs'
  b' B' + b'ra' -> b' Bra'
  b' treat' + b'ed' -> b' treated'
  b' sm' + b'ashed' -> b' smashed'
  b' rust' + b'ling' -> b' rustling'
  b' display' + b'ed' -> b' displayed'
  b' U' + b'ntil' -> b' Until'
  b' neat' + b'ly' -> b' neatly'
  b' mate' + b'y' -> b' matey'
  b' plant' + b'ing' -> b' planting'
  b' B' + b'ess' -> b' Bess'
  b' mar' + b'shmallow' -> b' marshmallow'
  b' in' + b'sp' -> b' insp'
  b' yelp' + b'ed' -> b' yelped'
  b' s' + b'y' -> b' sy'
  b' grandparent' + b's' -> b' grandparents'
  b' cra' + b'cks' -> b' cracks'
  b' bell' + b'ies' -> b' bellies'
  b'a' + b'ver' -> b'aver'
  b' shin' + b'es' -> b' shines'
  b' sc' + b'amp' -> b' scamp'
  b' N' + b'avy' -> b' Navy'
  b' h' + b'oo' -> b' hoo'
  b' fa' + b'iled' -> b' failed'
  b' color' + b'ing' -> b' coloring'
  b' Y' + b'oga' -> b' Yoga'
  b'l' + b'ine' -> b'line'
  b' zoom' + b's' -> b' zooms'
  b' M' + b'ake' -> b' Make'
  b'r' + b'up' -> b'rup'
  b' n' + b'asty' -> b' nasty'
  b' breat' + b'hing' -> b' breathing'
  b' comb' + b'ed' -> b' combed'
  b' p' + b'andas' -> b' pandas'
  b' des' + b'pite' -> b' despite'
  b' add' + b'ress' -> b' address'
  b'ig' + b'hing' -> b'ighing'
  b' water' + b'fall' -> b' waterfall'
  b'uff' + b'in' -> b'uffin'
  b'om' + b'p' -> b'omp'
  b'c' + b'c' -> b'cc'
  b' L' + b'oop' -> b' Loop'
  b' Ang' + b'el' -> b' Angel'
  b'T' + b'illy' -> b'Tilly'
  b' wid' + b'er' -> b' wider'
  b' ro' + b'bbers' -> b' robbers'
  b' ant' + b'ic' -> b' antic'
  b'P' + b'lay' -> b'Play'
  b'Ab' + b'igail' -> b'Abigail'
  b' sweat' + b'ers' -> b' sweaters'
  b' echo' + b'ed' -> b' echoed'
  b' door' + b'way' -> b' doorway'
  b' To' + b'dd' -> b' Todd'
  b'e' + b'vin' -> b'evin'
  b' ed' + b'ges' -> b' edges'
  b' in' + b'j' -> b' inj'
  b' Sh' + b'adow' -> b' Shadow'
  b'A' + b'unt' -> b'Aunt'
  b' g' + b'ap' -> b' gap'
  b' disob' + b'ey' -> b' disobey'
  b' Bl' + b'inky' -> b' Blinky'
  b'w' + b'ise' -> b'wise'
  b'L' + b'iz' -> b'Liz'
  b' M' + b'ichael' -> b' Michael'
  b' t' + b'ar' -> b' tar'
  b' Fl' + b'ick' -> b' Flick'
  b'os' + b'cope' -> b'oscope'
  b'or' + b'king' -> b'orking'
  b'W' + b'ake' -> b'Wake'
  b' tap' + b'ed' -> b' taped'
  b' magn' + b'if' -> b' magnif'
  b'ul' + b'p' -> b'ulp'
  b'f' + b'ather' -> b'father'
  b' scold' + b's' -> b' scolds'
  b' flap' + b's' -> b' flaps'
  b' act' + b'ion' -> b' action'
  b' crawl' + b's' -> b' crawls'
  b' M' + b'indy' -> b' Mindy'
  b'R' + b'os' -> b'Ros'
  b' sw' + b'ap' -> b' swap'
  b' go' + b'bbled' -> b' gobbled'
  b' back' + b's' -> b' backs'
  b' G' + b'ary' -> b' Gary'
  b' war' + b'ri' -> b' warri'
  b' Fish' + b'y' -> b' Fishy'
  b' E' + b'ddie' -> b' Eddie'
  b'S' + b'low' -> b'Slow'
  b' st' + b'eth' -> b' steth'
  b' se' + b'ver' -> b' sever'
  b' shin' + b'ier' -> b' shinier'
  b' prob' + b'ably' -> b' probably'
  b' newsp' + b'apers' -> b' newspapers'
  b' sever' + b'al' -> b' several'
  b' o' + b'cc' -> b' occ'
  b'R' + b'ock' -> b'Rock'
  b'L' + b'ena' -> b'Lena'
  b' enc' + b'ount' -> b' encount'
  b' Me' + b'g' -> b' Meg'
  b' ser' + b'ving' -> b' serving'
  b' quiet' + b'er' -> b' quieter'
  b' pl' + b'ucked' -> b' plucked'
  b' conn' + b'ected' -> b' connected'
  b't' + b'ock' -> b'tock'
  b' Sh' + b'are' -> b' Share'
  b' ' + b'ouch' -> b' ouch'
  b'ig' + b'ger' -> b'igger'
  b'T' + b'ed' -> b'Ted'
  b'A' + b'dam' -> b'Adam'
  b' gest' + b'ure' -> b' gesture'
  b'T' + b'oo' -> b'Too'
  b'F' + b'l' -> b'Fl'
  b' stud' + b'ent' -> b' student'
  b' pl' + b'ot' -> b' plot'
  b' door' + b'bell' -> b' doorbell'
  b' squ' + b'aw' -> b' squaw'
  b' care' + b's' -> b' cares'
  b'f' + b'ire' -> b'fire'
  b' resc' + b'uing' -> b' rescuing'
  b' grand' + b'son' -> b' grandson'
  b' S' + b'e' -> b' Se'
  b' sp' + b'y' -> b' spy'
  b' simp' + b'ly' -> b' simply'
  b' row' + b's' -> b' rows'
  b' g' + b'oo' -> b' goo'
  b'i' + b'el' -> b'iel'
  b' whist' + b'les' -> b' whistles'
  b'm' + b'ies' -> b'mies'
  b'v' + b'ant' -> b'vant'
  b'Sh' + b'rink' -> b'Shrink'
  b'M' + b'agic' -> b'Magic'
  b' snap' + b's' -> b' snaps'
  b' sh' + b'orter' -> b' shorter'
  b' astronaut' + b's' -> b' astronauts'
  b'ss' + b'ss' -> b'ssss'
  b' unpack' + b'ing' -> b' unpacking'
  b' cott' + b'age' -> b' cottage'
  b' Tim' + b'e' -> b' Time'
  b' sw' + b'o' -> b' swo'
  b' accident' + b's' -> b' accidents'
  b'ib' + b'i' -> b'ibi'
  b' swo' + b'llen' -> b' swollen'
  b' m' + b'ood' -> b' mood'
  b' N' + b'ut' -> b' Nut'
  b'St' + b'eve' -> b'Steve'
  b'ab' + b'elle' -> b'abelle'
  b' Z' + b'ippy' -> b' Zippy'
  b' M' + b'ousy' -> b' Mousy'
  b'an' + b'ie' -> b'anie'
  b'Z' + b'ara' -> b'Zara'
  b' bother' + b'ed' -> b' bothered'
  b'H' + b'annah' -> b'Hannah'
  b' steth' + b'oscope' -> b' stethoscope'
  b'f' + b'ound' -> b'found'
  b' trust' + b'ing' -> b' trusting'
  b' ca' + b'using' -> b' causing'
  b'M' + b'at' -> b'Mat'
  b'M' + b'ad' -> b'Mad'
  b' leap' + b't' -> b' leapt'
  b' dress' + b'er' -> b' dresser'
  b'ain' + b't' -> b'aint'
  b' s' + b'ou' -> b' sou'
  b' prop' + b'er' -> b' proper'
  b' pill' + b's' -> b' pills'
  b'ret' + b'ty' -> b'retty'
  b' through' + b'out' -> b' throughout'
  b'O' + b'live' -> b'Olive'
  b' run' + b'ner' -> b' runner'
  b' pray' + b'ers' -> b' prayers'
  b' D' + b'ina' -> b' Dina'
  b' joy' + b'ful' -> b' joyful'
  b'Th' + b'omas' -> b'Thomas'
  b'm' + b'ates' -> b'mates'
  b' lo' + b'cks' -> b' locks'
  b' Pr' + b'ince' -> b' Prince'
  b'J' + b'amie' -> b'Jamie'
  b' goat' + b's' -> b' goats'
  b'wh' + b'at' -> b'what'
  b' tar' + b'get' -> b' target'
  b're' + b'st' -> b'rest'
  b' W' + b'ait' -> b' Wait'
  b' K' + b'aren' -> b' Karen'
  b' de' + b'ars' -> b' dears'
  b' B' + b'ang' -> b' Bang'
  b'art' + b'led' -> b'artled'
  b'R' + b'ed' -> b'Red'
  b' wadd' + b'led' -> b' waddled'
  b' m' + b'unch' -> b' munch'
  b' fl' + b'ips' -> b' flips'
  b' C' + b'ro' -> b' Cro'
  b' low' + b'ered' -> b' lowered'
  b' ste' + b'pping' -> b' stepping'
  b' con' + b's' -> b' cons'
  b' Jack' + b'ie' -> b' Jackie'
  b' teacher' + b's' -> b' teachers'
  b' cowb' + b'oy' -> b' cowboy'
  b' T' + b'oys' -> b' Toys'
  b' in' + b'ches' -> b' inches'
  b' envel' + b'opes' -> b' envelopes'
  b'ear' + b's' -> b'ears'
  b' ch' + b'ar' -> b' char'
  b' V' + b'room' -> b' Vroom'
  b' explore' + b'r' -> b' explorer'
  b' antic' + b'ip' -> b' anticip'
  b' play' + b'd' -> b' playd'
  b' Re' + b'ady' -> b' Ready'
  b' R' + b'uff' -> b' Ruff'
  b' R' + b'alph' -> b' Ralph'
  b'un' + b'ity' -> b'unity'
  b'N' + b'ice' -> b'Nice'
  b'Fin' + b'n' -> b'Finn'
  b' B' + b'ad' -> b' Bad'
  b'en' + b'ing' -> b'ening'
  b' knock' + b'ing' -> b' knocking'
  b' floor' + b's' -> b' floors'
  b' effort' + b's' -> b' efforts'
  b' P' + b'l' -> b' Pl'
  b' uniform' + b's' -> b' uniforms'
  b'l' + b'ied' -> b'lied'
  b' T' + b'ri' -> b' Tri'
  b' aw' + b'are' -> b' aware'
  b' foot' + b'prints' -> b' footprints'
  b'Some' + b'one' -> b'Someone'
  b' near' + b'ly' -> b' nearly'
  b' F' + b'iona' -> b' Fiona'
  b'll' + b'as' -> b'llas'
  b' dis' + b'c' -> b' disc'
  b' R' + b'ia' -> b' Ria'
  b'iv' + b'i' -> b'ivi'
  b' wh' + b'imp' -> b' whimp'
  b' tr' + b'ot' -> b' trot'
  b' s' + b'ens' -> b' sens'
  b' gl' + b'itt' -> b' glitt'
  b' appreci' + b'ation' -> b' appreciation'
  b'oo' + b'sh' -> b'oosh'
  b' ne' + b'cks' -> b' necks'
  b' coll' + b'ap' -> b' collap'
  b' che' + b'cks' -> b' checks'
  b' la' + b'pt' -> b' lapt'
  b' ex' + b'cept' -> b' except'
  b' pl' + b'ug' -> b' plug'
  b' ch' + b'arge' -> b' charge'
  b' Jack' + b'y' -> b' Jacky'
  b' flutter' + b'ing' -> b' fluttering'
  b' umbre' + b'llas' -> b' umbrellas'
  b' stamp' + b'ed' -> b' stamped'
  b'ac' + b'y' -> b'acy'
  b' sandcast' + b'les' -> b' sandcastles'
  b' Dave' + b'y' -> b' Davey'
  b' stat' + b'ues' -> b' statues'
  b' H' + b'oney' -> b' Honey'
  b'om' + b'b' -> b'omb'
  b'isc' + b'uit' -> b'iscuit'
  b'ail' + b's' -> b'ails'
  b'H' + b'oppy' -> b'Hoppy'
  b' shr' + b'ank' -> b' shrank'
  b' Am' + b'elia' -> b' Amelia'
  b'r' + b'ily' -> b'rily'
  b' pri' + b'ck' -> b' prick'
  b' fin' + b'ishing' -> b' finishing'
  b' add' + b's' -> b' adds'
  b'r' + b'ons' -> b'rons'
  b' stro' + b'll' -> b' stroll'
  b' hunt' + b'ers' -> b' hunters'
  b' dod' + b'ged' -> b' dodged'
  b' chocol' + b'ates' -> b' chocolates'
  b' passen' + b'gers' -> b' passengers'
  b' germ' + b's' -> b' germs'
  b'og' + b'er' -> b'oger'
  b' wr' + b'igg' -> b' wrigg'
  b' ap' + b'rons' -> b' aprons'
  b' ais' + b'le' -> b' aisle'
  b' set' + b's' -> b' sets'
  b".'" + b'"' -> b'.\'"'
  b' G' + b'erry' -> b' Gerry'
  b' we' + b'eds' -> b' weeds'
  b' novel' + b's' -> b' novels'
  b'or' + b'der' -> b'order'
  b' demand' + b'ing' -> b' demanding'
  b' T' + b'aking' -> b' Taking'
  b' scratch' + b'ing' -> b' scratching'
  b' meow' + b's' -> b' meows'
  b'iss' + b'a' -> b'issa'
  b'D' + b'r' -> b'Dr'
  b' nur' + b'ses' -> b' nurses'
  b'L' + b'ucky' -> b'Lucky'
  b' mind' + b'ing' -> b' minding'
  b' discuss' + b'ing' -> b' discussing'
  b'ur' + b'render' -> b'urrender'
  b' k' + b'illed' -> b' killed'
  b' drive' + b'way' -> b' driveway'
  b' C' + b'ari' -> b' Cari'
  b' bec' + b'omes' -> b' becomes'
  b' tool' + b'box' -> b' toolbox'
  b' lapt' + b'op' -> b' laptop'
  b' ha' + b'ird' -> b' haird'
  b' El' + b'iz' -> b' Eliz'
  b' po' + b'sit' -> b' posit'
  b' att' + b'ack' -> b' attack'
  b' Sad' + b'ie' -> b' Sadie'
  b' D' + b'espite' -> b' Despite'
  b'Spe' + b'edy' -> b'Speedy'
  b' G' + b'l' -> b' Gl'
  b'so' + b'l' -> b'sol'
  b' scamp' + b'ered' -> b' scampered'
  b' bounce' + b's' -> b' bounces'
  b' supp' + b'lied' -> b' supplied'
  b' spray' + b's' -> b' sprays'
  b' de' + b'ed' -> b' deed'
  b' tem' + b'pt' -> b' tempt'
  b' suggest' + b'ion' -> b' suggestion'
  b' friendship' + b's' -> b' friendships'
  b' burn' + b's' -> b' burns'
  b'Co' + b'co' -> b'Coco'
  b' sl' + b'apping' -> b' slapping'
  b' clos' + b'ing' -> b' closing'
  b'A' + b'rrr' -> b'Arrr'
  b' invit' + b'es' -> b' invites'
  b' belong' + b'ings' -> b' belongings'
  b' anticip' + b'ation' -> b' anticipation'
  b' spring' + b'ing' -> b' springing'
  b' for' + b'm' -> b' form'
  b' er' + b'ase' -> b' erase'
  b' cott' + b'on' -> b' cotton'
  b' St' + b'an' -> b' Stan'
  b' twist' + b's' -> b' twists'
  b' r' + b'ays' -> b' rays'
  b' snugg' + b'le' -> b' snuggle'
  b' forgive' + b's' -> b' forgives'
  b' model' + b's' -> b' models'
  b' sh' + b'all' -> b' shall'
  b' mass' + b'ages' -> b' massages'
  b' hum' + b'ming' -> b' humming'
  b'on' + b'nie' -> b'onnie'
  b' respond' + b'ed' -> b' responded'
  b' new' + b'found' -> b' newfound'
  b' ghost' + b's' -> b' ghosts'
  b' ex' + b'pecting' -> b' expecting'
  b' She' + b'lly' -> b' Shelly'
  b' che' + b'ated' -> b' cheated'
  b'Do' + b'es' -> b'Does'
  b' Woo' + b'ly' -> b' Wooly'
  b'G' + b'igi' -> b'Gigi'
  b'ott' + b'e' -> b'otte'
  b' travel' + b'ing' -> b' traveling'
  b' N' + b'e' -> b' Ne'
  b' co' + b'nd' -> b' cond'
  b' bat' + b'tle' -> b' battle'
  b' al' + b'though' -> b' although'
  b'allow' + b'een' -> b'alloween'
  b' mom' + b'mies' -> b' mommies'
  b' invit' + b'ations' -> b' invitations'
  b' car' + b'ries' -> b' carries'
  b' a' + b'im' -> b' aim'
  b' refres' + b'hing' -> b' refreshing'
  b' present' + b'ed' -> b' presented'
  b' con' + b'c' -> b' conc'
  b'he' + b'l' -> b'hel'
  b' tw' + b'enty' -> b' twenty'
  b' r' + b'owed' -> b' rowed'
  b' B' + b'umpy' -> b' Bumpy'
  b'ot' + b's' -> b'ots'
  b' squ' + b'ir' -> b' squir'
  b'ri' + b'e' -> b'rie'
  b'arl' + b'otte' -> b'arlotte'
  b' fox' + b'es' -> b' foxes'
  b' coop' + b'er' -> b' cooper'
  b' fin' + b'al' -> b' final'
  b' duck' + b'ling' -> b' duckling'
  b' ca' + b'fe' -> b' cafe'
  b' B' + b'ibi' -> b' Bibi'
  b'P' + b'ip' -> b'Pip'
  b' marshmallow' + b's' -> b' marshmallows'
  b' cl' + b'icked' -> b' clicked'
  b' Z' + b'ipper' -> b' Zipper'
  b'o' + b'or' -> b'oor'
  b' jet' + b's' -> b' jets'
  b' des' + b'igning' -> b' designing'
  b' be' + b'aver' -> b' beaver'
  b'f' + b'ive' -> b'five'
  b' M' + b'uffin' -> b' Muffin'
  b' H' + b'alloween' -> b' Halloween'
  b' mug' + b's' -> b' mugs'
  b' Who' + b'ever' -> b' Whoever'
  b' dr' + b'own' -> b' drown'
  b' Al' + b'though' -> b' Although'
  b' tri' + b'cycle' -> b' tricycle'
  b' picnic' + b's' -> b' picnics'
  b' opp' + b'os' -> b' oppos'
  b' con' + b'vin' -> b' convin'
  b' R' + b'uth' -> b' Ruth'
  b' Ex' + b'cited' -> b' Excited'
  b'i' + b'ens' -> b'iens'
  b' C' + b'le' -> b' Cle'
  b'p' + b'o' -> b'po'
  b' scoop' + b's' -> b' scoops'
  b' c' + b'ongratul' -> b' congratul'
  b' P' + b'op' -> b' Pop'
  b' Mad' + b'die' -> b' Maddie'
  b'Sad' + b'ly' -> b'Sadly'
  b' \xe2\x80' + b'\x94' -> b' \xe2\x80\x94'
  b' travel' + b's' -> b' travels'
  b' al' + b'iens' -> b' aliens'
  b' test' + b's' -> b' tests'
  b' question' + b'ed' -> b' questioned'
  b' Spe' + b'ed' -> b' Speed'
  b'in' + b'ted' -> b'inted'
  b' strip' + b's' -> b' strips'
  b' cra' + b'ft' -> b' craft'
  b'N' + b'ear' -> b'Near'
  b'at' + b'ty' -> b'atty'
  b'M' + b'ouse' -> b'Mouse'
  b'co' + b'vered' -> b'covered'
  b' de' + b'fe' -> b' defe'
  b' Fl' + b'utter' -> b' Flutter'
  b' Bubb' + b'a' -> b' Bubba'
  b'ir' + b'i' -> b'iri'
  b'B' + b'r' -> b'Br'
  b' fight' + b's' -> b' fights'
  b'ro' + b'ken' -> b'roken'
  b'B' + b'all' -> b'Ball'
  b' oppos' + b'ite' -> b' opposite'
  b' Big' + b'gy' -> b' Biggy'
  b'H' + b'mm' -> b'Hmm'
  b'F' + b'ind' -> b'Find'
  b'E' + b'lly' -> b'Elly'
  b'Ch' + b'loe' -> b'Chloe'
  b' I' + b'm' -> b' Im'
  b' r' + b'out' -> b' rout'
  b' grand' + b'father' -> b' grandfather'
  b' encount' + b'ered' -> b' encountered'
  b' aff' + b'ord' -> b' afford'
  b' N' + b'ever' -> b' Never'
  b' dec' + b'l' -> b' decl'
  b'in' + b'ch' -> b'inch'
  b' ra' + b'ising' -> b' raising'
  b'im' + b'ent' -> b'iment'
  b' up' + b'side' -> b' upside'
  b' V' + b'ivi' -> b' Vivi'
  b'Me' + b'anwhile' -> b'Meanwhile'
  b'J' + b'ess' -> b'Jess'
  b' fl' + b'ashed' -> b' flashed'
  b' calm' + b'ly' -> b' calmly'
  b' R' + b'ita' -> b' Rita'
  b' yaw' + b'ning' -> b' yawning'
  b' since' + b're' -> b' sincere'
  b' real' + b'izes' -> b' realizes'
  b'atur' + b'day' -> b'aturday'
  b'Tr' + b'ust' -> b'Trust'
  b'Ch' + b'oo' -> b'Choo'
  b' cryst' + b'als' -> b' crystals'
  b' b' + b'uddy' -> b' buddy'
  b' Sam' + b'antha' -> b' Samantha'
  b' cup' + b'cakes' -> b' cupcakes'
  b' buck' + b'led' -> b' buckled'
  b'by' + b'es' -> b'byes'
  b'B' + b'oth' -> b'Both'
  b' win' + b'ners' -> b' winners'
  b' def' + b'in' -> b' defin'
  b'ver' + b'se' -> b'verse'
  b'r' + b'is' -> b'ris'
  b"'" + b',' -> b"',"
  b' weap' + b'ons' -> b' weapons'
  b' ca' + b'w' -> b' caw'
  b'sh' + b'adow' -> b'shadow'
  b'Jo' + b'sh' -> b'Josh'
  b' pack' + b'ages' -> b' packages'
  b' che' + b'at' -> b' cheat'
  b' S' + b'aturday' -> b' Saturday'
  b' sa' + b'cks' -> b' sacks'
  b' mes' + b'ses' -> b' messes'
  b' good' + b'byes' -> b' goodbyes'
  b' co' + b'ach' -> b' coach'
  b' att' + b'em' -> b' attem'
  b'qu' + b'et' -> b'quet'
  b' con' + b'vers' -> b' convers'
  b' Tr' + b'uck' -> b' Truck'
  b' Fl' + b'o' -> b' Flo'
  b'v' + b'al' -> b'val'
  b' dri' + b'ft' -> b' drift'
  b' cap' + b's' -> b' caps'
  b' M' + b'ina' -> b' Mina'
  b' E' + b'va' -> b' Eva'
  b'em' + b'ies' -> b'emies'
  b' en' + b'emies' -> b' enemies'
  b'ash' + b'a' -> b'asha'
  b' yumm' + b'iest' -> b' yummiest'
  b' scr' + b'ub' -> b' scrub'
  b' sw' + b'allow' -> b' swallow'
  b' return' + b'ing' -> b' returning'
  b'ri' + b'an' -> b'rian'
  b' admir' + b'ation' -> b' admiration'
  b' Sof' + b'ty' -> b' Softy'
  b' Me' + b'gan' -> b' Megan'
  b'S' + b'ince' -> b'Since'
  b' spr' + b'out' -> b' sprout'
  b' Lou' + b'ise' -> b' Louise'
  b' un' + b'able' -> b' unable'
  b' Play' + b'ing' -> b' Playing'
  b' An' + b'other' -> b' Another'
  b'ugg' + b'ing' -> b'ugging'
  b'ook' + b's' -> b'ooks'
  b' sad' + b'der' -> b' sadder'
  b' freez' + b'ing' -> b' freezing'
  b' bright' + b'est' -> b' brightest'
  b' b' + b'less' -> b' bless'
  b' Y' + b'awn' -> b' Yawn'
  b' resp' + b'on' -> b' respon'
  b' M' + b'an' -> b' Man'
  b're' + b'verse' -> b'reverse'
  b' respon' + b'se' -> b' response'
  b' co' + b'sy' -> b' cosy'
  b' O' + b'h' -> b' Oh'
  b' diamond' + b's' -> b' diamonds'
  b' br' + b'ide' -> b' bride'
  b'st' + b'alk' -> b'stalk'
  b' re' + b'app' -> b' reapp'
  b' opp' + b'ort' -> b' opport'
  b' hon' + b'king' -> b' honking'
  b' gar' + b'bage' -> b' garbage'
  b' whisper' + b'ing' -> b' whispering'
  b' stret' + b'ches' -> b' stretches'
  b' prevent' + b'ed' -> b' prevented'
  b'er' + b'k' -> b'erk'
  b'ant' + b'astic' -> b'antastic'
  b' who' + b'ever' -> b' whoever'
  b' o' + b'dd' -> b' odd'
  b' aw' + b'ful' -> b' awful'
  b' G' + b'ray' -> b' Gray'
  b'al' + b'th' -> b'alth'
  b' weigh' + b's' -> b' weighs'
  b' journey' + b's' -> b' journeys'
  b' aw' + b'oke' -> b' awoke'
  b'B' + b'rrr' -> b'Brrr'
  b' trap' + b's' -> b' traps'
  b' spice' + b's' -> b' spices'
  b' dragon' + b'fly' -> b' dragonfly'
  b'o' + b'ff' -> b'off'
  b' b' + b'orn' -> b' born'
  b' reass' + b'ured' -> b' reassured'
  b' cl' + b'ip' -> b' clip'
  b'iv' + b'ia' -> b'ivia'
  b' st' + b'all' -> b' stall'
  b' bean' + b'stalk' -> b' beanstalk'
  b' arg' + b'um' -> b' argum'
  b' exam' + b'ining' -> b' examining'
  b' defin' + b'itely' -> b' definitely'
  b' beet' + b'les' -> b' beetles'
  b' automobile' + b's' -> b' automobiles'
  b' M' + b'aisy' -> b' Maisy'
  b'm' + b'ine' -> b'mine'
  b'ic' + b'i' -> b'ici'
  b'H' + b'op' -> b'Hop'
  b' visit' + b'ors' -> b' visitors'
  b' stuff' + b'ing' -> b' stuffing'
  b' playd' + b'ate' -> b' playdate'
  b' was' + b'hes' -> b' washes'
  b'c' + b'ie' -> b'cie'
  b'b' + b'roken' -> b'broken'
  b' wis' + b'er' -> b' wiser'
  b' custom' + b'er' -> b' customer'
  b'up' + b'er' -> b'uper'
  b'em' + b'ma' -> b'emma'
  b'R' + b'achel' -> b'Rachel'
  b' trave' + b'lling' -> b' travelling'
  b' Sof' + b'ia' -> b' Sofia'
  b' Jo' + b'lly' -> b' Jolly'
  b' Fl' + b'op' -> b' Flop'
  b'ou' + b'quet' -> b'ouquet'
  b' haird' + b'ress' -> b' hairdress'
  b' b' + b'ouquet' -> b' bouquet'
  b' N' + b'urse' -> b' Nurse'
  b'or' + b'se' -> b'orse'
  b'bb' + b'le' -> b'bble'
  b',' + b"'" -> b",'"
  b' t' + b'umbled' -> b' tumbled'
  b' decor' + b'ation' -> b' decoration'
  b' camp' + b'fire' -> b' campfire'
  b' E' + b'lle' -> b' Elle'
  b' honest' + b'y' -> b' honesty'
  b' bu' + b'd' -> b' bud'
  b'v' + b'y' -> b'vy'
  b'eb' + b'ecca' -> b'ebecca'
  b'On' + b'ly' -> b'Only'
  b' b' + b'omb' -> b' bomb'
  b' welc' + b'oming' -> b' welcoming'
  b' offer' + b'ing' -> b' offering'
  b' we' + b'alth' -> b' wealth'
  b' trou' + b'bles' -> b' troubles'
  b' occ' + b'as' -> b' occas'
  b' incre' + b'asing' -> b' increasing'
  b' O' + b't' -> b' Ot'
  b' J' + b'ax' -> b' Jax'
  b' He' + b'llo' -> b' Hello'
  b' loud' + b'est' -> b' loudest'
  b' insp' + b'ired' -> b' inspired'
  b' ty' + b'pe' -> b' type'
  b' par' + b'ted' -> b' parted'
  b' gro' + b'an' -> b' groan'
  b' Ch' + b'ick' -> b' Chick'
  b' Nut' + b'ty' -> b' Nutty'
  b'ir' + b'ac' -> b'irac'
  b' wh' + b'ales' -> b' whales'
  b' Th' + b'under' -> b' Thunder'
  b' R' + b'icky' -> b' Ricky'
  b'y' + b'l' -> b'yl'
  b' decl' + b'ared' -> b' declared'
  b' correct' + b'ly' -> b' correctly'
  b'y' + b'ler' -> b'yler'
  b'ook' + b'y' -> b'ooky'
  b'f' + b'us' -> b'fus'
  b' beak' + b's' -> b' beaks'
  b' Quack' + b'y' -> b' Quacky'
  b'ath' + b'an' -> b'athan'
  b' cle' + b'ared' -> b' cleared'
  b' cowb' + b'oys' -> b' cowboys'
  b' nuzz' + b'led' -> b' nuzzled'
  b' Dot' + b'ty' -> b' Dotty'
  b' pri' + b'zes' -> b' prizes'
  b' ex' + b'ch' -> b' exch'
  b'Fin' + b'ny' -> b'Finny'
  b' warm' + b'ly' -> b' warmly'
  b' Miss' + b'ile' -> b' Missile'
  b' re' + b'wards' -> b' rewards'
  b' obey' + b'ed' -> b' obeyed'
  b' custom' + b'ers' -> b' customers'
  b'Sh' + b'ould' -> b'Should'
  b' siren' + b's' -> b' sirens'
  b' comfort' + b'ing' -> b' comforting'
  b' F' + b'el' -> b' Fel'
  b'sh' + b'aped' -> b'shaped'
  b' conn' + b'ect' -> b' connect'
  b' Fl' + b'appy' -> b' Flappy'
  b'm' + b'atch' -> b'match'
  b' town' + b's' -> b' towns'
  b' M' + b'agic' -> b' Magic'
  b' B' + b'ingo' -> b' Bingo'
  b'elie' + b've' -> b'elieve'
  b' re' + b'ly' -> b' rely'
  b' V' + b'icky' -> b' Vicky'
  b'H' + b'oney' -> b'Honey'
  b' tr' + b'igger' -> b' trigger'
  b' own' + b's' -> b' owns'
  b' insist' + b'ing' -> b' insisting'
  b' f' + b'antastic' -> b' fantastic'
  b' bend' + b's' -> b' bends'
  b' F' + b'e' -> b' Fe'
  b' spo' + b'iling' -> b' spoiling'
  b' hairdress' + b'er' -> b' hairdresser'
  b' surrender' + b'ed' -> b' surrendered'
  b' support' + b'ing' -> b' supporting'
  b' share' + b's' -> b' shares'
  b' po' + b'ses' -> b' poses'
  b' p' + b'ipes' -> b' pipes'
  b' clean' + b's' -> b' cleans'
  b'ren' + b'ch' -> b'rench'
  b'S' + b'un' -> b'Sun'
  b'Out' + b'side' -> b'Outside'
  b'Jul' + b'ie' -> b'Julie'
  b' wrink' + b'led' -> b' wrinkled'
  b' C' + b'ook' -> b' Cook'
  b' cho' + b'pped' -> b' chopped'
  b' rec' + b'order' -> b' recorder'
  b' mo' + b'ons' -> b' moons'
  b' beam' + b'ing' -> b' beaming'
  b'un' + b'es' -> b'unes'
  b'ell' + b'ow' -> b'ellow'
  b'B' + b'eth' -> b'Beth'
  b' than' + b'king' -> b' thanking'
  b' snow' + b'y' -> b' snowy'
  b' Wo' + b'lf' -> b' Wolf'
  b' sc' + b'urry' -> b' scurry'
  b' exper' + b'ien' -> b' experien'
  b' enjoy' + b'able' -> b' enjoyable'
  b' act' + b'ive' -> b' active'
  b' c' + b'oral' -> b' coral'
  b' P' + b'iggy' -> b' Piggy'
  b' env' + b'iron' -> b' environ'
  b' doll' + b'ar' -> b' dollar'
  b' K' + b'evin' -> b' Kevin'
  b'w' + b'orm' -> b'worm'
  b'el' + b'ope' -> b'elope'
  b' lo' + b'c' -> b' loc'
  b'J' + b'e' -> b'Je'
  b' stream' + b'ers' -> b' streamers'
  b' B' + b'ub' -> b' Bub'
  b'ud' + b'ged' -> b'udged'
  b' Pat' + b'ty' -> b' Patty'
  b' M' + b'other' -> b' Mother'
  b' Z' + b'ack' -> b' Zack'
  b'ing' + b'er' -> b'inger'
  b'Su' + b'zy' -> b'Suzy'
  b' ex' + b'amp' -> b' examp'
  b' short' + b's' -> b' shorts'
  b' shoo' + b'ed' -> b' shooed'
  b' environ' + b'ment' -> b' environment'
  b'T' + b'ree' -> b'Tree'
  b' ' + b'ill' -> b' ill'
  b' sc' + b'ent' -> b' scent'
  b' bru' + b'ises' -> b' bruises'
  b'ust' + b'er' -> b'uster'
  b' gr' + b'at' -> b' grat'
  b' L' + b'uc' -> b' Luc'
  b'B' + b'o' -> b'Bo'
  b' his' + b'ses' -> b' hisses'
  b' steer' + b'ing' -> b' steering'
  b' sel' + b'f' -> b' self'
  b' pl' + b'ugged' -> b' plugged'
  b' Els' + b'a' -> b' Elsa'
  b' warri' + b'or' -> b' warrior'
  b' visit' + b's' -> b' visits'
  b' exerc' + b'ises' -> b' exercises'
  b'sc' + b'reen' -> b'screen'
  b'ir' + b'l' -> b'irl'
  b'ap' + b'tain' -> b'aptain'
  b' dan' + b'gers' -> b' dangers'
  b' cudd' + b'les' -> b' cuddles'
  b' R' + b'el' -> b' Rel'
  b' M' + b'in' -> b' Min'
  b' A' + b'r' -> b' Ar'
  b' un' + b'fortunately' -> b' unfortunately'
  b' squ' + b'ished' -> b' squished'
  b' s' + b'igning' -> b' signing'
  b' L' + b'ight' -> b' Light'
  b'be' + b'e' -> b'bee'
  b'R' + b'ay' -> b'Ray'
  b' pilot' + b's' -> b' pilots'
  b' disappoin' + b't' -> b' disappoint'
  b'm' + b'unk' -> b'munk'
  b' grat' + b'itude' -> b' gratitude'
  b' applaud' + b'ing' -> b' applauding'
  b' prov' + b'iding' -> b' providing'
  b' M' + b'oppy' -> b' Moppy'
  b'al' + b'f' -> b'alf'
  b' tick' + b'les' -> b' tickles'
  b' t' + b'ing' -> b' ting'
  b' R' + b'ub' -> b' Rub'
  b'G' + b'row' -> b'Grow'
  b' storm' + b's' -> b' storms'
  b' night' + b's' -> b' nights'
  b' ju' + b'd' -> b' jud'
  b' convin' + b'ced' -> b' convinced'
  b' bad' + b'ger' -> b' badger'
  b' Els' + b'ie' -> b' Elsie'
  b' you' + b'n' -> b' youn'
  b' respons' + b'ib' -> b' responsib'
  b' choo' + b'sing' -> b' choosing'
  b' K' + b'elly' -> b' Kelly'
  b'J' + b'oy' -> b'Joy'
  b' youn' + b'gest' -> b' youngest'
  b' neare' + b'st' -> b' nearest'
  b' bra' + b'ins' -> b' brains'
  b' activ' + b'ity' -> b' activity'
  b'A' + b'bby' -> b'Abby'
  b' explo' + b'ded' -> b' exploded'
  b' coug' + b'hed' -> b' coughed'
  b' arr' + b'anged' -> b' arranged'
  b'C' + b'laire' -> b'Claire'
  b' reward' + b'ing' -> b' rewarding'
  b' T' + b're' -> b' Tre'
  b' F' + b'ly' -> b' Fly'
  b'p' + b'r' -> b'pr'
  b'g' + b'ood' -> b'good'
  b'erp' + b'iece' -> b'erpiece'
  b' sun' + b'screen' -> b' sunscreen'
  b' pe' + b'ep' -> b' peep'
  b' bo' + b'nd' -> b' bond'
  b' Fl' + b'oppy' -> b' Floppy'
  b'as' + b'ers' -> b'asers'
  b'M' + b'on' -> b'Mon'
  b' Tweet' + b'y' -> b' Tweety'
  b' S' + b'weet' -> b' Sweet'
  b' K' + b'aty' -> b' Katy'
  b' Jo' + b'an' -> b' Joan'
  b' S' + b'al' -> b' Sal'
  b'il' + b'ities' -> b'ilities'
  b' annoy' + b'ing' -> b' annoying'
  b's' + b'n' -> b'sn'
  b' soap' + b'y' -> b' soapy'
  b'me' + b'ow' -> b'meow'
  b'S' + b'plash' -> b'Splash'
  b' rail' + b's' -> b' rails'
  b' lace' + b's' -> b' laces'
  b' thread' + b's' -> b' threads'
  b' t' + b'apping' -> b' tapping'
  b' off' + b'ic' -> b' offic'
  b' appreci' + b'ated' -> b' appreciated'
  b' P' + b'ine' -> b' Pine'
  b' Ph' + b'il' -> b' Phil'
  b'bo' + b'ards' -> b'boards'
  b' we' + b'ighing' -> b' weighing'
  b' heart' + b'broken' -> b' heartbroken'
  b' emer' + b'ged' -> b' emerged'
  b' congratul' + b'ated' -> b' congratulated'
  b' P' + b'ick' -> b' Pick'
  b'D' + b'anger' -> b'Danger'
  b' t' + b'in' -> b' tin'
  b' S' + b'il' -> b' Sil'
  b' crocodile' + b's' -> b' crocodiles'
  b' cl' + b'erk' -> b' clerk'
  b' scr' + b'am' -> b' scram'
  b' attem' + b'pt' -> b' attempt'
  b' N' + b'ancy' -> b' Nancy'
  b'w' + b'ater' -> b'water'
  b'Ah' + b'oy' -> b'Ahoy'
  b' sn' + b'ug' -> b' snug'
  b' mess' + b'ed' -> b' messed'
  b' examp' + b'le' -> b' example'
  b' d' + b'ial' -> b' dial'
  b' K' + b'ay' -> b' Kay'
  b' A' + b'ny' -> b' Any'
  b'Mom' + b'ma' -> b'Momma'
  b' hook' + b's' -> b' hooks'
  b' Jon' + b'ny' -> b' Jonny'
  b' top' + b's' -> b' tops'
  b' chip' + b'munk' -> b' chipmunk'
  b' so' + b'ot' -> b' soot'
  b' guard' + b'ing' -> b' guarding'
  b' bat' + b'hed' -> b' bathed'
  b' manag' + b'er' -> b' manager'
  b' T' + b'ippy' -> b' Tippy'
  b'ort' + b'unately' -> b'ortunately'
  b' Mic' + b'roscope' -> b' Microscope'
  b'F' + b'riends' -> b'Friends'
  b' D' + b'e' -> b' De'
  b'et' + b'ah' -> b'etah'
  b'Snow' + b'y' -> b'Snowy'
  b' mast' + b'erpiece' -> b' masterpiece'
  b' B' + b'aa' -> b' Baa'
  b' er' + b'asers' -> b' erasers'
  b' tip' + b's' -> b' tips'
  b' fin' + b'ishes' -> b' finishes'
  b' f' + b'et' -> b' fet'
  b' comm' + b'on' -> b' common'
  b' Tom' + b'orrow' -> b' Tomorrow'
  b'mb' + b'ers' -> b'mbers'
  b' trot' + b'ted' -> b' trotted'
  b' nibb' + b'led' -> b' nibbled'
  b' me' + b'mbers' -> b' members'
  b' dig' + b's' -> b' digs'
  b'Pe' + b'ople' -> b'People'
  b' kind' + b'er' -> b' kinder'
  b' che' + b'etah' -> b' cheetah'
  b' particular' + b'ly' -> b' particularly'
  b' chew' + b's' -> b' chews'
  b' bl' + b'ond' -> b' blond'
  b'ir' + b'cle' -> b'ircle'
  b' rip' + b's' -> b' rips'
  b' be' + b'ast' -> b' beast'
  b'L' + b'izzy' -> b'Lizzy'
  b' argum' + b'ent' -> b' argument'
  b'at' + b'ive' -> b'ative'
  b' fa' + b'ith' -> b' faith'
  b' Help' + b'ing' -> b' Helping'
  b' earn' + b'ed' -> b' earned'
  b'Ann' + b'e' -> b'Anne'
  b' obser' + b'ving' -> b' observing'
  b' forgiven' + b'ess' -> b' forgiveness'
  b' Jo' + b'ke' -> b' Joke'
  b' C' + b'ici' -> b' Cici'
  b'chie' + b'vous' -> b'chievous'
  b' inst' + b'antly' -> b' instantly'
  b' fis' + b'hes' -> b' fishes'
  b' experien' + b'ced' -> b' experienced'
  b' cur' + b'l' -> b' curl'
  b' che' + b'aper' -> b' cheaper'
  b' J' + b'umpy' -> b' Jumpy'
  b'Ros' + b'ie' -> b'Rosie'
  b' mis' + b'chievous' -> b' mischievous'
  b' gener' + b'osity' -> b' generosity'
  b' c' + b'ages' -> b' cages'
  b' Tw' + b'ist' -> b' Twist'
  b'G' + b'r' -> b'Gr'
  b'B' + b'aa' -> b'Baa'
  b' meow' + b'ing' -> b' meowing'
  b' fo' + b'am' -> b' foam'
  b'm' + b'ered' -> b'mered'
  b'C' + b'indy' -> b'Cindy'
  b' store' + b's' -> b' stores'
  b' grand' + b'd' -> b' grandd'
  b' A' + b'g' -> b' Ag'
  b'etch' + b'up' -> b'etchup'
  b' matter' + b'ed' -> b' mattered'
  b' te' + b'les' -> b' teles'
  b' p' + b'asses' -> b' passes'
  b' l' + b'imp' -> b' limp'
  b'S' + b'que' -> b'Sque'
  b' sleep' + b's' -> b' sleeps'
  b'io' + b'let' -> b'iolet'
  b' breath' + b's' -> b' breaths'
  b'ord' + b'inary' -> b'ordinary'
  b'et' + b'tle' -> b'ettle'
  b'end' + b'ing' -> b'ending'
  b' tr' + b'ans' -> b' trans'
  b' r' + b'in' -> b' rin'
  b' gasp' + b's' -> b' gasps'
  b' Fred' + b'die' -> b' Freddie'
  b'G' + b'ot' -> b'Got'
  b' r' + b'umbling' -> b' rumbling'
  b' hat' + b'ch' -> b' hatch'
  b' Mom' + b'ma' -> b' Momma'
  b'o' + b'ver' -> b'over'
  b'ab' + b'ra' -> b'abra'
  b' grass' + b'ho' -> b' grassho'
  b' accompl' + b'ished' -> b' accomplished'
  b' Ho' + b'pper' -> b' Hopper'
  b'ac' + b'ing' -> b'acing'
  b' th' + b'ump' -> b' thump'
  b' teles' + b'cope' -> b' telescope'
  b' str' + b'um' -> b' strum'
  b' smart' + b'est' -> b' smartest'
  b' mat' + b's' -> b' mats'
  b' wh' + b'ined' -> b' whined'
  b' mo' + b'at' -> b' moat'
  b'G' + b'ina' -> b'Gina'
  b' scram' + b'bled' -> b' scrambled'
  b' j' + b'ugg' -> b' jugg'
  b' farm' + b'ers' -> b' farmers'
  b' I' + b'ce' -> b' Ice'
  b' dri' + b'p' -> b' drip'
  b'Rob' + b'bie' -> b'Robbie'
  b' sy' + b'rup' -> b' syrup'
  b' garden' + b's' -> b' gardens'
  b' collap' + b'sed' -> b' collapsed'
  b' ang' + b'rily' -> b' angrily'
  b' M' + b'ore' -> b' More'
  b'ou' + b'raged' -> b'ouraged'
  b'ide' + b'y' -> b'idey'
  b' ve' + b'gg' -> b' vegg'
  b' sty' + b'les' -> b' styles'
  b' forest' + b's' -> b' forests'
  b' experience' + b's' -> b' experiences'
  b' discover' + b'ies' -> b' discoveries'
  b'ho' + b'le' -> b'hole'
  b' to' + b'r' -> b' tor'
  b' med' + b'als' -> b' medals'
  b' ty' + b'pes' -> b' types'
  b' otter' + b's' -> b' otters'
  b' mean' + b'ing' -> b' meaning'
  b' f' + b'aint' -> b' faint'
  b' con' + b'qu' -> b' conqu'
  b' Do' + b'es' -> b' Does'
  b'p' + b'it' -> b'pit'
  b'ad' + b'abra' -> b'adabra'
  b'ac' + b'ock' -> b'acock'
  b' sn' + b'apping' -> b' snapping'
  b' hard' + b'est' -> b' hardest'
  b' f' + b'if' -> b' fif'
  b'er' + b'ing' -> b'ering'
  b' move' + b'ments' -> b' movements'
  b' express' + b'ion' -> b' expression'
  b' sur' + b'v' -> b' surv'
  b' ch' + b'illy' -> b' chilly'
  b' bubb' + b'ly' -> b' bubbly'
  b' aff' + b'ect' -> b' affect'
  b'P' + b'inky' -> b'Pinky'
  b' vest' + b's' -> b' vests'
  b' unf' + b'air' -> b' unfair'
  b' cour' + b't' -> b' court'
  b'When' + b'ever' -> b'Whenever'
  b' tooth' + b'brush' -> b' toothbrush'
  b' score' + b's' -> b' scores'
  b' extra' + b'ordinary' -> b' extraordinary'
  b'N' + b'ever' -> b'Never'
  b' att' + b'itude' -> b' attitude'
  b' vi' + b'br' -> b' vibr'
  b' hor' + b'ri' -> b' horri'
  b' blue' + b'bird' -> b' bluebird'
  b' Mon' + b'key' -> b' Monkey'
  b'm' + b'el' -> b'mel'
  b'll' + b's' -> b'lls'
  b'M' + b'o' -> b'Mo'
  b' spear' + b's' -> b' spears'
  b' k' + b'etchup' -> b' ketchup'
  b' B' + b'erry' -> b' Berry'
  b'M' + b'other' -> b'Mother'
  b' soon' + b'er' -> b' sooner'
  b' grassho' + b'pper' -> b' grasshopper'
  b' behavi' + b'our' -> b' behaviour'
  b' pat' + b'ches' -> b' patches'
  b' ha' + b'bit' -> b' habit'
  b'y' + b'd' -> b'yd'
  b'er' + b'ts' -> b'erts'
  b'K' + b'aren' -> b'Karen'
  b' poke' + b's' -> b' pokes'
  b' mom' + b'ma' -> b' momma'
  b' af' + b'ar' -> b' afar'
  b' Ash' + b'ley' -> b' Ashley'
  b'l' + b'o' -> b'lo'
  b'ie' + b'ves' -> b'ieves'
  b'J' + b'acob' -> b'Jacob'
  b' thick' + b'er' -> b' thicker'
  b' sc' + b'ri' -> b' scri'
  b' F' + b'riend' -> b' Friend'
  b'J' + b'on' -> b'Jon'
  b' squee' + b'zes' -> b' squeezes'
  b' slither' + b'ed' -> b' slithered'
  b' shr' + b'unk' -> b' shrunk'
  b' class' + b'mates' -> b' classmates'
  b' T' + b'erry' -> b' Terry'
  b' F' + b'le' -> b' Fle'
  b' ' + b'icky' -> b' icky'
  b' prick' + b'ly' -> b' prickly'
  b' glitter' + b'ing' -> b' glittering'
  b' exp' + b'ert' -> b' expert'
  b' to' + b'pp' -> b' topp'
  b' kneel' + b'ing' -> b' kneeling'
  b' ann' + b'ounced' -> b' announced'
  b' S' + b'uper' -> b' Super'
  b' R' + b'iri' -> b' Riri'
  b'ell' + b'ing' -> b'elling'
  b' pe' + b'acock' -> b' peacock'
  b' mark' + b'ing' -> b' marking'
  b'ct' + b'ric' -> b'ctric'
  b' cost' + b's' -> b' costs'
  b' C' + b'ally' -> b' Cally'
  b' A' + b'choo' -> b' Achoo'
  b' zigzag' + b's' -> b' zigzags'
  b' water' + b'mel' -> b' watermel'
  b' th' + b'ieves' -> b' thieves'
  b' sk' + b'irts' -> b' skirts'
  b' jump' + b'er' -> b' jumper'
  b' h' + b'ood' -> b' hood'
  b' act' + b's' -> b' acts'
  b' Z' + b'og' -> b' Zog'
  b' A' + b'pp' -> b' App'
  b' wo' + b'lves' -> b' wolves'
  b' Sw' + b'im' -> b' Swim'
  b' Cl' + b'oud' -> b' Cloud'
  b'P' + b'apa' -> b'Papa'
  b' thumb' + b's' -> b' thumbs'
  b' sque' + b'aky' -> b' squeaky'
  b' con' + b'cer' -> b' concer'
  b' co' + b'coon' -> b' cocoon'
  b' wood' + b'cut' -> b' woodcut'
  b' bo' + b'ards' -> b' boards'
  b' Eliz' + b'a' -> b' Eliza'
  b' Be' + b'cky' -> b' Becky'
  b' ser' + b'vant' -> b' servant'
  b'id' + b'ence' -> b'idence'
  b'aff' + b'le' -> b'affle'
  b' che' + b'ating' -> b' cheating'
  b' J' + b'ason' -> b' Jason'
  b'b' + b'u' -> b'bu'
  b' tr' + b'ading' -> b' trading'
  b' r' + b'aking' -> b' raking'
  b'c' + b'at' -> b'cat'
  b'J' + b'essie' -> b'Jessie'
  b' explain' + b'ing' -> b' explaining'
  b' E' + b'ric' -> b' Eric'
  b'ri' + b'ck' -> b'rick'
  b' tid' + b'ied' -> b' tidied'
  b' b' + b'iscuit' -> b' biscuit'
  b' lunch' + b'time' -> b' lunchtime'
  b' luck' + b'ily' -> b' luckily'
  b' A' + b'c' -> b' Ac'
  b'an' + b'ced' -> b'anced'
  b'Fr' + b'og' -> b'Frog'
  b' P' + b'uffy' -> b' Puffy'
  b' spill' + b'ing' -> b' spilling'
  b' D' + b'ay' -> b' Day'
  b'F' + b'ire' -> b'Fire'
  b' trans' + b'form' -> b' transform'
  b' dess' + b'erts' -> b' desserts'
  b' U' + b'se' -> b' Use'
  b' Mad' + b'dy' -> b' Maddy'
  b' Dan' + b'iel' -> b' Daniel'
  b' An' + b'imal' -> b' Animal'
  b'\xe2\x80' + b'\xa6' -> b'\xe2\x80\xa6'
  b'r' + b'or' -> b'ror'
  b' P' + b'ig' -> b' Pig'
  b' M' + b'ine' -> b' Mine'
  b' St' + b'ill' -> b' Still'
  b' G' + b'ill' -> b' Gill'
  b'r' + b'ough' -> b'rough'
  b'am' + b'ma' -> b'amma'
  b' mess' + b'ages' -> b' messages'
  b' m' + b'irac' -> b' mirac'
  b' C' + b'aptain' -> b' Captain'
  b'id' + b'y' -> b'idy'
  b' windows' + b'ill' -> b' windowsill'
  b' ch' + b'ill' -> b' chill'
  b' be' + b'ating' -> b' beating'
  b' T' + b'ammy' -> b' Tammy'
  b' L' + b'ung' -> b' Lung'
  b' G' + b'illy' -> b' Gilly'
  b'o' + b'ot' -> b'oot'
  b' see' + b'king' -> b' seeking'
  b' a' + b'ctor' -> b' actor'
  b' Rain' + b'bow' -> b' Rainbow'
  b' L' + b'ina' -> b' Lina'
  b' Will' + b'iam' -> b' William'
  b'se' + b'ss' -> b'sess'
  b'it' + b's' -> b'its'
  b' M' + b'ath' -> b' Math'
  b'pr' + b'il' -> b'pril'
  b'A' + b'ny' -> b'Any'
  b' fore' + b'shadow' -> b' foreshadow'
  b'w' + b'ar' -> b'war'
  b'ac' + b'les' -> b'acles'
  b'Blue' + b'y' -> b'Bluey'
  b' lean' + b's' -> b' leans'
  b' St' + b'ep' -> b' Step'
  b' P' + b'inch' -> b' Pinch'
  b' H' + b'i' -> b' Hi'
  b'rac' + b'adabra' -> b'racadabra'
  b'F' + b'reeze' -> b'Freeze'
  b'B' + b'ounce' -> b'Bounce'
  b' watermel' + b'on' -> b' watermelon'
  b' his' + b'sing' -> b' hissing'
  b' fl' + b'ashing' -> b' flashing'
  b' de' + b'v' -> b' dev'
  b' cloth' + b's' -> b' cloths'
  b' T' + b'iger' -> b' Tiger'
  b' Mon' + b'ster' -> b' Monster'
  b' Frank' + b'ie' -> b' Frankie'
  b' wind' + b'ing' -> b' winding'
  b' posit' + b'ive' -> b' positive'
  b' fun' + b'n' -> b' funn'
  b' disc' + b'ouraged' -> b' discouraged'
  b' W' + b'il' -> b' Wil'
  b'p' + b'op' -> b'pop'
  b' woodcut' + b'ter' -> b' woodcutter'
  b' for' + b'ts' -> b' forts'
  b' dri' + b'pped' -> b' dripped'
  b' compet' + b'e' -> b' compete'
  b' tea' + b'pot' -> b' teapot'
  b' press' + b'ing' -> b' pressing'
  b' disagree' + b'ing' -> b' disagreeing'
  b'ick' + b'ing' -> b'icking'
  b' gl' + b'immering' -> b' glimmering'
  b' vegg' + b'ies' -> b' veggies'
  b' trust' + b's' -> b' trusts'
  b' tidy' + b'ing' -> b' tidying'
  b' kangaroo' + b's' -> b' kangaroos'
  b' Pe' + b'ep' -> b' Peep'
  b' temp' + b'ted' -> b' tempted'
  b' land' + b'ing' -> b' landing'
  b' Fl' + b'ora' -> b' Flora'
  b' do' + b'ck' -> b' dock'
  b' sh' + b'allow' -> b' shallow'
  b' over' + b'w' -> b' overw'
  b' for' + b'med' -> b' formed'
  b'l' + b'ers' -> b'lers'
  b' r' + b'ack' -> b' rack'
  b' f' + b'ade' -> b' fade'
  b' To' + b'oth' -> b' Tooth'
  b'f' + b'lowers' -> b'flowers'
  b' wor' + b'st' -> b' worst'
  b' ele' + b'ctric' -> b' electric'
  b' cop' + b's' -> b' cops'
  b'el' + b'ing' -> b'eling'
  b'Not' + b'hing' -> b'Nothing'
  b' apolog' + b'y' -> b' apology'
  b'i' + b'ving' -> b'iving'
  b'cream' + b's' -> b'creams'
  b'a' + b'i' -> b'ai'
  b' sled' + b's' -> b' sleds'
  b' Sil' + b'ver' -> b' Silver'
  b' L' + b'ife' -> b' Life'
  b'up' + b'id' -> b'upid'
  b' comet' + b's' -> b' comets'
  b' as' + b's' -> b' ass'
  b'Ow' + b'l' -> b'Owl'
  b' sa' + b'v' -> b' sav'
  b' Sh' + b'ark' -> b' Shark'
  b' M' + b'ag' -> b' Mag'
  b' J' + b'elly' -> b' Jelly'
  b'B' + b'ug' -> b'Bug'
  b' situ' + b'ations' -> b' situations'
  b' p' + b'apa' -> b' papa'
  b' offic' + b'ers' -> b' officers'
  b' convers' + b'ation' -> b' conversation'
  b' ' + b'4' -> b' 4'
  b'R' + b'ain' -> b'Rain'
  b' R' + b'oger' -> b' Roger'
  b' Ch' + b'arlotte' -> b' Charlotte'
  b'st' + b'orm' -> b'storm'
  b'ay' + b'e' -> b'aye'
  b' sun' + b's' -> b' suns'
  b' d' + b'ing' -> b' ding'
  b'\xe2\x80\x9d' + b',' -> b'\xe2\x80\x9d,'
  b' zip' + b's' -> b' zips'
  b' structure' + b's' -> b' structures'
  b' scurry' + b'ing' -> b' scurrying'
  b' pizz' + b'as' -> b' pizzas'
  b' overw' + b'hel' -> b' overwhel'
  b' mill' + b'er' -> b' miller'
  b' But' + b'ter' -> b' Butter'
  b' grandd' + b'aughter' -> b' granddaughter'
  b' f' + b'oggy' -> b' foggy'
  b' Ol' + b'ivia' -> b' Olivia'
  b' H' + b'urry' -> b' Hurry'
  b' Am' + b'ber' -> b' Amber'
  b'Z' + b'oe' -> b'Zoe'
  b' Jane' + b'y' -> b' Janey'
  b' web' + b's' -> b' webs'
  b' deser' + b'ved' -> b' deserved'
  b'R' + b'abbit' -> b'Rabbit'
  b' opport' + b'unity' -> b' opportunity'
  b' cub' + b's' -> b' cubs'
  b' Y' + b'ummy' -> b' Yummy'
  b' Sp' + b'idey' -> b' Spidey'
  b' S' + b'asha' -> b' Sasha'
  b' Mix' + b'ie' -> b' Mixie'
  b' B' + b'uster' -> b' Buster'
  b' sn' + b'orted' -> b' snorted'
  b' rhin' + b'o' -> b' rhino'
  b' difference' + b's' -> b' differences'
  b' Go' + b'ld' -> b' Gold'
  b' quack' + b'ing' -> b' quacking'
  b' T' + b'ell' -> b' Tell'
  b'if' + b'ully' -> b'ifully'
  b'end' + b'ed' -> b'ended'
  b'F' + b'ifi' -> b'Fifi'
  b' he' + b'aven' -> b' heaven'
  b' Bird' + b's' -> b' Birds'
  b' unl' + b'o' -> b' unlo'
  b' le' + b'vers' -> b' levers'
  b' inch' + b'worm' -> b' inchworm'
  b' in' + b'ter' -> b' inter'
  b' appro' + b'ach' -> b' approach'
  b' T' + b'yler' -> b' Tyler'
  b's' + b'sess' -> b'ssess'
  b' seagull' + b's' -> b' seagulls'
  b' po' + b'ssess' -> b' possess'
  b' cooper' + b'ate' -> b' cooperate'
  b' Ru' + b'fus' -> b' Rufus'
  b' Fel' + b'ix' -> b' Felix'
  b' B' + b'oom' -> b' Boom'
  b'wel' + b'come' -> b'welcome'
  b's' + b'ers' -> b'sers'
  b'rag' + b'on' -> b'ragon'
  b'o' + b'f' -> b'of'
  b'?\xe2\x80\x9d' + b'.' -> b'?\xe2\x80\x9d.'
  b'and' + b'ra' -> b'andra'
  b' po' + b'se' -> b' pose'
  b' disappoint' + b'ment' -> b' disappointment'
  b' Sm' + b'oke' -> b' Smoke'
  b'oc' + b'ular' -> b'ocular'
  b' speak' + b's' -> b' speaks'
  b' sneak' + b's' -> b' sneaks'
  b'sn' + b'ap' -> b'snap'
  b' bin' + b'ocular' -> b' binocular'
  b' art' + b'work' -> b' artwork'
  b' surf' + b'ed' -> b' surfed'
  b' sc' + b'owl' -> b' scowl'
  b' answer' + b'ing' -> b' answering'
  b' Sn' + b'ake' -> b' Snake'
  b' short' + b'cut' -> b' shortcut'
  b' Gra' + b'nd' -> b' Grand'
  b' s' + b'ipped' -> b' sipped'
  b' rob' + b'in' -> b' robin'
  b' d' + b'ep' -> b' dep'
  b'Cl' + b'imb' -> b'Climb'
  b' ar' + b'rest' -> b' arrest'
  b' In' + b'ky' -> b' Inky'
  b'ss' + b'y' -> b'ssy'
  b' unwra' + b'pped' -> b' unwrapped'
  b' ribb' + b'it' -> b' ribbit'
  b' re' + b'un' -> b' reun'
  b' am' + b'used' -> b' amused'
  b' Am' + b'anda' -> b' Amanda'
  b'ug' + b'ar' -> b'ugar'
  b' repe' + b'ats' -> b' repeats'
  b' pepper' + b'oni' -> b' pepperoni'
  b' appl' + b'ause' -> b' applause'
  b' key' + b'hole' -> b' keyhole'
  b' check' + b'out' -> b' checkout'
  b' M' + b'ae' -> b' Mae'
  b' C' + b'ars' -> b' Cars'
  b'L' + b'ia' -> b'Lia'
  b'D' + b'eal' -> b'Deal'
  b' visit' + b'or' -> b' visitor'
  b' stri' + b'king' -> b' striking'
  b' puppet' + b's' -> b' puppets'
  b' padd' + b'ling' -> b' paddling'
  b'E' + b'at' -> b'Eat'
  b' un' + b'z' -> b' unz'
  b' cro' + b'aked' -> b' croaked'
  b' att' + b'acked' -> b' attacked'
  b' C' + b'ircle' -> b' Circle'
  b' B' + b'rian' -> b' Brian'
  b'ors' + b'ie' -> b'orsie'
  b' sp' + b'ooky' -> b' spooky'
  b' Ot' + b'to' -> b' Otto'
  b' G' + b'us' -> b' Gus'
  b'E' + b'ach' -> b'Each'
  b' groan' + b'ed' -> b' groaned'
  b' beaut' + b'ifully' -> b' beautifully'
  b' Je' + b'an' -> b' Jean'
  b'g' + b'ar' -> b'gar'
  b'cident' + b's' -> b'cidents'
  b' swimsuit' + b's' -> b' swimsuits'
  b' cons' + b'ider' -> b' consider'
  b' check' + b'ing' -> b' checking'
  b'u' + b'ses' -> b'uses'
  b' Y' + b'ellow' -> b' Yellow'
  b'j' + b'est' -> b'jest'
  b' water' + b's' -> b' waters'
  b' g' + b'room' -> b' groom'
  b' Sque' + b'ak' -> b' Squeak'
  b' Sl' + b'inky' -> b' Slinky'
  b'y' + b'le' -> b'yle'
  b' in' + b'vent' -> b' invent'
  b'L' + b'uke' -> b'Luke'
  b' net' + b's' -> b' nets'
  b' exam' + b's' -> b' exams'
  b'ot' + b'ion' -> b'otion'
  b'et' + b's' -> b'ets'
  b' dry' + b'ing' -> b' drying'
  b' R' + b'ebecca' -> b' Rebecca'
  b'u' + b'dy' -> b'udy'
  b'art' + b'in' -> b'artin'
  b'ag' + b'ine' -> b'agine'
  b' shrug' + b's' -> b' shrugs'
  b' l' + b'ump' -> b' lump'
  b' Aunt' + b'ie' -> b' Auntie'
  b's' + b'ie' -> b'sie'
  b'le' + b'st' -> b'lest'
  b' so' + b'bbing' -> b' sobbing'
  b' shy' + b'ly' -> b' shyly'
  b' shoot' + b's' -> b' shoots'
  b' honk' + b's' -> b' honks'
  b' heel' + b's' -> b' heels'
  b' cheer' + b'fully' -> b' cheerfully'
  b' S' + b'ince' -> b' Since'
  b'il' + b'i' -> b'ili'
  b'h' + b'ny' -> b'hny'
  b'es' + b'ses' -> b'esses'
  b' sh' + b'h' -> b' shh'
  b' ch' + b'in' -> b' chin'
  b'an' + b'ish' -> b'anish'
  b' whimp' + b'ered' -> b' whimpered'
  b' health' + b'ier' -> b' healthier'
  b' hang' + b's' -> b' hangs'
  b'ic' + b'ious' -> b'icious'
  b'M' + b'ilo' -> b'Milo'
  b' M' + b'us' -> b' Mus'
  b' caterpill' + b'ars' -> b' caterpillars'
  b'izz' + b'es' -> b'izzes'
  b'Slow' + b'ly' -> b'Slowly'
  b' squ' + b'inted' -> b' squinted'
  b' magnif' + b'ying' -> b' magnifying'
  b' f' + b'ries' -> b' fries'
  b' R' + b'atty' -> b' Ratty'
  b' fascin' + b'ating' -> b' fascinating'
  b' bl' + b'amed' -> b' blamed'
  b' F' + b'ind' -> b' Find'
  b'ulp' + b'ture' -> b'ulpture'
  b'ch' + b'ing' -> b'ching'
  b' sc' + b'ulpture' -> b' sculpture'
  b' frustr' + b'ation' -> b' frustration'
  b' T' + b'ip' -> b' Tip'
  b'ou' + b'ched' -> b'ouched'
  b' sh' + b'immering' -> b' shimmering'
  b' Pen' + b'elope' -> b' Penelope'
  b' po' + b'ss' -> b' poss'
  b' Pe' + b'ace' -> b' Peace'
  b'ed' + b'ic' -> b'edic'
  b'Sh' + b'aring' -> b'Sharing'
  b' s' + b'uck' -> b' suck'
  b' ple' + b'as' -> b' pleas'
  b' number' + b'ed' -> b' numbered'
  b' nibb' + b'le' -> b' nibble'
  b' W' + b'affle' -> b' Waffle'
  b'oth' + b'y' -> b'othy'
  b'i' + b'bbles' -> b'ibbles'
  b'ell' + b'ie' -> b'ellie'
  b'am' + b'il' -> b'amil'
  b' flow' + b'ing' -> b' flowing'
  b' ba' + b'a' -> b' baa'
  b'hing' + b's' -> b'hings'
  b'Pe' + b'pper' -> b'Pepper'
  b' ra' + b'ked' -> b' raked'
  b' gr' + b'umbled' -> b' grumbled'
  b' O' + b'ff' -> b' Off'
  b'th' + b'at' -> b'that'
  b'Bu' + b'bbles' -> b'Bubbles'
  b' build' + b'er' -> b' builder'
  b'rac' + b'ted' -> b'racted'
  b'e' + b'at' -> b'eat'
  b' sway' + b'ing' -> b' swaying'
  b' pet' + b'ting' -> b' petting'
  b' gu' + b'ards' -> b' guards'
  b' fa' + b'cing' -> b' facing'
  b' Woo' + b'lly' -> b' Woolly'
  b' sprink' + b'le' -> b' sprinkle'
  b' myster' + b'ies' -> b' mysteries'
  b' det' + b'ails' -> b' details'
  b' H' + b'ar' -> b' Har'
  b'se' + b'y' -> b'sey'
  b' sn' + b'ort' -> b' snort'
  b' fl' + b'ock' -> b' flock'
  b' en' + b'emy' -> b' enemy'
  b' Bo' + b'at' -> b' Boat'
  b' texture' + b's' -> b' textures'
  b' table' + b't' -> b' tablet'
  b' good' + b'ies' -> b' goodies'
  b' C' + b'urious' -> b' Curious'
  b' B' + b'arry' -> b' Barry'
  b'Y' + b'esterday' -> b'Yesterday'
  b' w' + b'ig' -> b' wig'
  b' po' + b'pping' -> b' popping'
  b' wild' + b'flowers' -> b' wildflowers'
  b' stack' + b's' -> b' stacks'
  b' mar' + b've' -> b' marve'
  b' fan' + b's' -> b' fans'
  b' cr' + b'ops' -> b' crops'
  b' count' + b'ries' -> b' countries'
  b' Jen' + b'n' -> b' Jenn'
  b' Gra' + b'cie' -> b' Gracie'
  b'h' + b'ow' -> b'how'
  b' knob' + b's' -> b' knobs'
  b' Tess' + b'a' -> b' Tessa'
  b' See' + b'ing' -> b' Seeing'
  b' loc' + b'al' -> b' local'
  b' bush' + b'y' -> b' bushy'
  b' ste' + b'w' -> b' stew'
  b' peep' + b'ed' -> b' peeped'
  b' hunt' + b'ing' -> b' hunting'
  b' drown' + b'ed' -> b' drowned'
  b' bow' + b'ing' -> b' bowing'
  b' binocular' + b's' -> b' binoculars'
  b' ang' + b'rier' -> b' angrier'
  b' Bub' + b'u' -> b' Bubu'
  b' map' + b's' -> b' maps'
  b' M' + b'atch' -> b' Match'
  b' qu' + b'izzes' -> b' quizzes'
  b' n' + b'iece' -> b' niece'
  b' moon' + b'light' -> b' moonlight'
  b' G' + b'low' -> b' Glow'
  b' outfit' + b's' -> b' outfits'
  b' John' + b'son' -> b' Johnson'
  b' D' + b'eal' -> b' Deal'
  b'O' + b'O' -> b'OO'
  b' wh' + b'oosh' -> b' whoosh'
  b' weak' + b'er' -> b' weaker'
  b' w' + b'rench' -> b' wrench'
  b' mind' + b'ful' -> b' mindful'
  b' crow' + b'ded' -> b' crowded'
  b'cy' + b'cles' -> b'cycles'
  b'S' + b'qu' -> b'Squ'
  b' end' + b'ings' -> b' endings'
  b' Bee' + b'f' -> b' Beef'
  b'o' + b'll' -> b'oll'
  b'I' + b'm' -> b'Im'
  b' proper' + b'ty' -> b' property'
  b' hesit' + b'ation' -> b' hesitation'
  b' fl' + b'ashes' -> b' flashes'
  b'amil' + b'iar' -> b'amiliar'
  b' un' + b'less' -> b' unless'
  b' imagination' + b's' -> b' imaginations'
  b' fo' + b'nd' -> b' fond'
  b' car' + b'ts' -> b' carts'
  b' bo' + b'il' -> b' boil'
  b' ab' + b'ility' -> b' ability'
  b' O' + b'xy' -> b' Oxy'
  b' And' + b'rew' -> b' Andrew'
  b'get' + b'ic' -> b'getic'
  b' gl' + b'ared' -> b' glared'
  b' R' + b'ight' -> b' Right'
  b' Ac' + b'cidents' -> b' Accidents'
  b'st' + b'and' -> b'stand'
  b' unf' + b'amiliar' -> b' unfamiliar'
  b' space' + b's' -> b' spaces'
  b' mic' + b'row' -> b' microw'
  b' kn' + b'it' -> b' knit'
  b' ha' + b'ven' -> b' haven'
  b' fold' + b's' -> b' folds'
  b'th' + b's' -> b'ths'
  b's' + b'aw' -> b'saw'
  b'T' + b'una' -> b'Tuna'
  b' responsib' + b'ility' -> b' responsibility'
  b' dirt' + b'ier' -> b' dirtier'
  b' P' + b'et' -> b' Pet'
  b'b' + b'ank' -> b'bank'
  b' p' + b'ouch' -> b' pouch'
  b' microw' + b'ave' -> b' microwave'
  b' desk' + b's' -> b' desks'
  b'ib' + b'ly' -> b'ibly'
  b'B' + b'less' -> b'Bless'
  b' crack' + b'er' -> b' cracker'
  b'rn' + b'ie' -> b'rnie'
  b' sw' + b'apped' -> b' swapped'
  b' mem' + b'ber' -> b' member'
  b' d' + b'ate' -> b' date'
  b' ast' + b'on' -> b' aston'
  b' O' + b'xygen' -> b' Oxygen'
  b' R' + b'ing' -> b' Ring'
  b' R' + b'avi' -> b' Ravi'
  b'l' + b't' -> b'lt'
  b'f' + b'ree' -> b'free'
  b'W' + b'ant' -> b'Want'
  b'C' + b'ra' -> b'Cra'
  b' wh' + b'ine' -> b' whine'
  b' soft' + b'ened' -> b' softened'
  b' re' + b'bu' -> b' rebu'
  b' door' + b'step' -> b' doorstep'
  b' disappear' + b'ing' -> b' disappearing'
  b' Pe' + b'ggy' -> b' Peggy'
  b' Hel' + b'en' -> b' Helen'
  b' B' + b'un' -> b' Bun'
  b' quack' + b's' -> b' quacks'
  b' n' + b'atur' -> b' natur'
  b' Ch' + b'ip' -> b' Chip'
  b'sc' + b'ar' -> b'scar'
  b' writ' + b'er' -> b' writer'
  b' listen' + b'er' -> b' listener'
  b' T' + b'oo' -> b' Too'
  b' F' + b'ix' -> b' Fix'
  b' pri' + b'v' -> b' priv'
  b' bl' + b'ushed' -> b' blushed'
  b' Sp' + b'icy' -> b' Spicy'
  b'ven' + b'ir' -> b'venir'
  b' palm' + b's' -> b' palms'
  b' not' + b'icing' -> b' noticing'
  b'u' + b'pt' -> b'upt'
  b're' + b'pe' -> b'repe'
  b'po' + b'ison' -> b'poison'
  b' sou' + b'venir' -> b' souvenir'
  b' P' + b'ast' -> b' Past'
  b'repe' + b'at' -> b'repeat'
  b'ent' + b'r' -> b'entr'
  b' law' + b's' -> b' laws'
  b' dis' + b'aster' -> b' disaster'
  b' T' + b'ra' -> b' Tra'
  b' R' + b'es' -> b' Res'
  b' G' + b'abby' -> b' Gabby'
  b'st' + b'r' -> b'str'
  b're' + b'g' -> b'reg'
  b'end' + b'ant' -> b'endant'
  b'Rob' + b'by' -> b'Robby'
  b' ph' + b'ones' -> b' phones'
  b'al' + b'a' -> b'ala'
  b'A' + b'va' -> b'Ava'
  b' conf' + b'idence' -> b' confidence'
  b' L' + b'i' -> b' Li'
  b' Co' + b'al' -> b' Coal'
  b' C' + b'ut' -> b' Cut'
  b' B' + b'ert' -> b' Bert'
  b' tim' + b'id' -> b' timid'
  b' stir' + b's' -> b' stirs'
  b' overwhel' + b'med' -> b' overwhelmed'
  b'ing' + b'ly' -> b'ingly'
  b'Be' + b'ing' -> b'Being'
  b' may' + b'or' -> b' mayor'
  b' fl' + b'ick' -> b' flick'
  b'gu' + b'ess' -> b'guess'
  b'as' + b'mine' -> b'asmine'
  b'C' + b'he' -> b'Che'
  b' t' + b'ugging' -> b' tugging'
  b' P' + b'retty' -> b' Pretty'
  b' Mo' + b'le' -> b' Mole'
  b'l' + b'or' -> b'lor'
  b' unt' + b'angle' -> b' untangle'
  b' satis' + b'fa' -> b' satisfa'
  b' owl' + b's' -> b' owls'
  b' mail' + b'ing' -> b' mailing'
  b' inj' + b'ured' -> b' injured'
  b'Wh' + b'ose' -> b'Whose'
  b' satisfa' + b'ction' -> b' satisfaction'
  b' conc' + b'entr' -> b' concentr'
  b' Wh' + b'ite' -> b' White'
  b' Im' + b'mediately' -> b' Immediately'
  b' B' + b'ooks' -> b' Books'
  b'F' + b'ly' -> b'Fly'
  b' Mar' + b'ch' -> b' March'
  b' Animal' + b's' -> b' Animals'
  b'm' + b'ers' -> b'mers'
  b'S' + b'c' -> b'Sc'
  b'M' + b'ittens' -> b'Mittens'
  b' l' + b'im' -> b' lim'
  b' E' + b'at' -> b' Eat'
  b'th' + b'is' -> b'this'
  b'M' + b'abel' -> b'Mabel'
  b' pr' + b'ank' -> b' prank'
  b' Wo' + b'nder' -> b' Wonder'
  b' N' + b'ora' -> b' Nora'
  b' B' + b'onnie' -> b' Bonnie'
  b'W' + b'iggly' -> b'Wiggly'
  b' hoo' + b'ves' -> b' hooves'
  b' Tri' + b'angle' -> b' Triangle'
  b' R' + b'un' -> b' Run'
  b' P' + b'ot' -> b' Pot'
  b' Mel' + b'issa' -> b' Melissa'
  b' K' + b'n' -> b' Kn'
  b'w' + b'ell' -> b'well'
  b'Je' + b'ff' -> b'Jeff'
  b' fix' + b'er' -> b' fixer'
  b' St' + b'artled' -> b' Startled'
  b' S' + b'ir' -> b' Sir'
  b' Cle' + b'an' -> b' Clean'
  b' Cl' + b'ose' -> b' Close'
  b'ic' + b'ate' -> b'icate'
  b' sn' + b'ar' -> b' snar'
  b' cl' + b'ut' -> b' clut'
  b'l' + b'ish' -> b'lish'
  b'b' + b'ling' -> b'bling'
  b'Ex' + b'cited' -> b'Excited'
  b' sk' + b'ies' -> b' skies'
  b' instrum' + b'ent' -> b' instrument'
  b' Tr' + b'ucky' -> b' Trucky'
  b' cap' + b't' -> b' capt'
  b' Mat' + b'ilda' -> b' Matilda'
  b' H' + b'orsie' -> b' Horsie'
  b' F' + b'aye' -> b' Faye'
  b'ad' + b'ually' -> b'adually'
  b' disag' + b're' -> b' disagre'
  b'ik' + b'y' -> b'iky'
  b' wrigg' + b'led' -> b' wriggled'
  b' stain' + b's' -> b' stains'
  b' rin' + b'se' -> b' rinse'
  b' pe' + b'cks' -> b' pecks'
  b' cre' + b'ak' -> b' creak'
  b' Sleep' + b'y' -> b' Sleepy'
  b'S' + b'usan' -> b'Susan'
  b' sh' + b'ave' -> b' shave'
  b' bump' + b'ing' -> b' bumping'
  b' S' + b'ing' -> b' Sing'
  b' I' + b'cy' -> b' Icy'
  b' Hel' + b'i' -> b' Heli'
  b' Cra' + b'bby' -> b' Crabby'
  b'ul' + b'f' -> b'ulf'
  b' swir' + b'l' -> b' swirl'
  b' r' + b'uff' -> b' ruff'
  b' bend' + b'ing' -> b' bending'
  b'cess' + b'ary' -> b'cessary'
  b'Play' + b'ing' -> b'Playing'
  b'Cl' + b'ose' -> b'Close'
  b' sand' + b'pit' -> b' sandpit'
  b' explor' + b'ation' -> b' exploration'
  b' chat' + b'ted' -> b' chatted'
  b' Sc' + b'issors' -> b' Scissors'
  b'M' + b'ake' -> b'Make'
  b' rod' + b's' -> b' rods'
  b' le' + b'ver' -> b' lever'
  b' fact' + b's' -> b' facts'
  b'S' + b'm' -> b'Sm'
  b' attach' + b'ing' -> b' attaching'
  b' C' + b'andy' -> b' Candy'
  b' fool' + b'ed' -> b' fooled'
  b' bur' + b'ger' -> b' burger'
  b' B' + b'ro' -> b' Bro'
  b' glow' + b's' -> b' glows'
  b' concer' + b'ned' -> b' concerned'
  b' clear' + b'ly' -> b' clearly'
  b'May' + b'a' -> b'Maya'
  b' sal' + b'on' -> b' salon'
  b' rever' + b'sing' -> b' reversing'
  b' la' + b'va' -> b' lava'
  b' comp' + b'an' -> b' compan'
  b' certain' + b'ly' -> b' certainly'
  b'el' + b's' -> b'els'
  b'W' + b'ally' -> b'Wally'
  b' sm' + b'elt' -> b' smelt'
  b' motor' + b'cycles' -> b' motorcycles'
  b' fet' + b'ched' -> b' fetched'
  b' cir' + b'c' -> b' circ'
  b' tr' + b'oll' -> b' troll'
  b' t' + b'unes' -> b' tunes'
  b' somet' + b'ime' -> b' sometime'
  b' pro' + b'd' -> b' prod'
  b' old' + b'est' -> b' oldest'
  b' firef' + b'lies' -> b' fireflies'
  b'R' + b'ing' -> b'Ring'
  b' kiss' + b'ing' -> b' kissing'
  b' challen' + b'ges' -> b' challenges'
  b' blond' + b'e' -> b' blonde'
  b'K' + b'ayla' -> b'Kayla'
  b' warm' + b'ed' -> b' warmed'
  b' Bob' + b'bie' -> b' Bobbie'
  b' unlock' + b'ing' -> b' unlocking'
  b' natur' + b'al' -> b' natural'
  b' different' + b'ly' -> b' differently'
  b' b' + b'ound' -> b' bound'
  b' L' + b'ots' -> b' Lots'
  b'urp' + b'le' -> b'urple'
  b's' + b'a' -> b'sa'
  b'er' + b'g' -> b'erg'
  b'T' + b'ara' -> b'Tara'
  b'D' + b'ino' -> b'Dino'
  b'Ab' + b'racadabra' -> b'Abracadabra'
  b' ru' + b'bb' -> b' rubb'
  b' river' + b'bank' -> b' riverbank'
  b' det' + b'ect' -> b' detect'
  b' cut' + b'ter' -> b' cutter'
  b' cup' + b'cake' -> b' cupcake'
  b' conqu' + b'ered' -> b' conquered'
  b' hat' + b'es' -> b' hates'
  b' all' + b'ey' -> b' alley'
  b' Fl' + b'ap' -> b' Flap'
  b's' + b'orry' -> b'sorry'
  b' swir' + b'ls' -> b' swirls'
  b' send' + b's' -> b' sends'
  b' real' + b'ise' -> b' realise'
  b' O' + b'pen' -> b' Open'
  b' Flop' + b'sy' -> b' Flopsy'
  b'Jul' + b'ia' -> b'Julia'
  b'Is' + b'n' -> b'Isn'
  b' wigg' + b'ling' -> b' wiggling'
  b' sens' + b'ation' -> b' sensation'
  b' m' + b'unched' -> b' munched'
  b' bang' + b'ing' -> b' banging'
  b' C' + b'ammy' -> b' Cammy'
  b' topp' + b'ings' -> b' toppings'
  b' hipp' + b'os' -> b' hippos'
  b' f' + b'ist' -> b' fist'
  b' cl' + b'ips' -> b' clips'
  b' Rel' + b'iable' -> b' Reliable'
  b'Do' + b'ctor' -> b'Doctor'
  b' sway' + b'ed' -> b' swayed'
  b' st' + b'ings' -> b' stings'
  b' ro' + b'be' -> b' robe'
  b' mirac' + b'le' -> b' miracle'
  b' ha' + b'lves' -> b' halves'
  b' br' + b'akes' -> b' brakes'
  b' Green' + b'y' -> b' Greeny'
  b'H' + b'ope' -> b'Hope'
  b'F' + b'ish' -> b'Fish'
  b' surv' + b'ive' -> b' survive'
  b' ostri' + b'ches' -> b' ostriches'
  b' P' + b'ink' -> b' Pink'
  b' Cl' + b'imb' -> b' Climb'
  b'ul' + b'a' -> b'ula'
  b'keep' + b'ers' -> b'keepers'
  b'ber' + b't' -> b'bert'
  b'M' + b'ichael' -> b'Michael'
  b' tor' + b'to' -> b' torto'
  b' other' + b'wise' -> b' otherwise'
  b' emb' + b'ra' -> b' embra'
  b' cr' + b'ushed' -> b' crushed'
  b' bubb' + b'ling' -> b' bubbling'
  b' tent' + b's' -> b' tents'
  b' Look' + b'ing' -> b' Looking'
  b'an' + b'i' -> b'ani'
  b' repair' + b'ing' -> b' repairing'
  b' O' + b'f' -> b' Of'
  b' vine' + b'gar' -> b' vinegar'
  b' stretch' + b'y' -> b' stretchy'
  b' rubb' + b'ish' -> b' rubbish'
  b' liz' + b'ards' -> b' lizards'
  b' W' + b'orking' -> b' Working'
  b' Flick' + b'er' -> b' Flicker'
  b' passen' + b'ger' -> b' passenger'
  b' E' + b'd' -> b' Ed'
  b'ast' + b'e' -> b'aste'
  b'M' + b'any' -> b'Many'
  b' vibr' + b'ant' -> b' vibrant'
  b' torto' + b'ise' -> b' tortoise'
  b' p' + b'ounced' -> b' pounced'
  b' Wh' + b'ich' -> b' Which'
  b'Su' + b'zie' -> b'Suzie'
  b' scen' + b'e' -> b' scene'
  b' R' + b'h' -> b' Rh'
  b' Gr' + b'ump' -> b' Grump'
  b'g' + b'r' -> b'gr'
  b' moo' + b'ed' -> b' mooed'
  b' gl' + b'ided' -> b' glided'
  b' desper' + b'ately' -> b' desperately'
  b' b' + b'as' -> b' bas'
  b' sn' + b'ip' -> b' snip'
  b' p' + b'oop' -> b' poop'
  b' ma' + b'jest' -> b' majest'
  b' int' + b'ently' -> b' intently'
  b' cop' + b'ied' -> b' copied'
  b' calm' + b'er' -> b' calmer'
  b' Sunday' + b's' -> b' Sundays'
  b' Light' + b'ning' -> b' Lightning'
  b'ra' + b'p' -> b'rap'
  b'n' + b'et' -> b'net'
  b' wo' + b'ken' -> b' woken'
  b' tw' + b'el' -> b' twel'
  b' rag' + b's' -> b' rags'
  b' jud' + b'ges' -> b' judges'
  b' joy' + b'fully' -> b' joyfully'
  b' j' + b'ing' -> b' jing'
  b' coo' + b'lest' -> b' coolest'
  b' P' + b'er' -> b' Per'
  b'sm' + b'elling' -> b'smelling'
  b' lecture' + b's' -> b' lectures'
  b' gl' + b'ob' -> b' glob'
  b' Jo' + b'dy' -> b' Jody'
  b'ly' + b'n' -> b'lyn'
  b'is' + b'ible' -> b'isible'
  b' h' + b'ips' -> b' hips'
  b' cous' + b'ins' -> b' cousins'
  b' aston' + b'ished' -> b' astonished'
  b' cap' + b'es' -> b' capes'
  b' Out' + b'side' -> b' Outside'
  b' L' + b'u' -> b' Lu'
  b'un' + b'o' -> b'uno'
  b'Ew' + b'w' -> b'Eww'
  b' success' + b'fully' -> b' successfully'
  b' speak' + b'er' -> b' speaker'
  b' reun' + b'ited' -> b' reunited'
  b' inv' + b'isible' -> b' invisible'
  b' gu' + b'esses' -> b' guesses'
  b' goo' + b'ey' -> b' gooey'
  b' arri' + b'ves' -> b' arrives'
  b'wh' + b'y' -> b'why'
  b' twel' + b've' -> b' twelve'
  b' bat' + b's' -> b' bats'
  b'ur' + b'ity' -> b'urity'
  b'Mike' + b'y' -> b'Mikey'
  b' good' + b'ness' -> b' goodness'
  b' comput' + b'ers' -> b' computers'
  b' chat' + b'ting' -> b' chatting'
  b' Carl' + b'a' -> b' Carla'
  b'nd' + b'ed' -> b'nded'
  b'm' + b'ie' -> b'mie'
  b' stack' + b'ing' -> b' stacking'
  b' snowfl' + b'ake' -> b' snowflake'
  b'ist' + b'ory' -> b'istory'
  b' reapp' + b'eared' -> b' reappeared'
  b' rac' + b'er' -> b' racer'
  b' pound' + b's' -> b' pounds'
  b' park' + b's' -> b' parks'
  b' desper' + b'ate' -> b' desperate'
  b' compan' + b'ion' -> b' companion'
  b' comm' + b'un' -> b' commun'
  b'b' + b'ed' -> b'bed'
  b'Z' + b'igzag' -> b'Zigzag'
  b'O' + b'l' -> b'Ol'
  b' luck' + b'iest' -> b' luckiest'
  b' le' + b'vel' -> b' level'
  b' d' + b'ou' -> b' dou'
  b' an' + b'k' -> b' ank'
  b' t' + b'ale' -> b' tale'
  b' stomach' + b's' -> b' stomachs'
  b' sell' + b's' -> b' sells'
  b' g' + b'all' -> b' gall'
  b' d' + b'umb' -> b' dumb'
  b' cricket' + b's' -> b' crickets'
  b' S' + b'ugar' -> b' Sugar'
  b'igg' + b'les' -> b'iggles'
  b'N' + b'ick' -> b'Nick'
  b' wind' + b's' -> b' winds'
  b' s' + b'us' -> b' sus'
  b' g' + b'ates' -> b' gates'
  b' disobey' + b'ed' -> b' disobeyed'
  b' disagre' + b'ement' -> b' disagreement'
  b' Ste' + b'ven' -> b' Steven'
  b'h' + b'ile' -> b'hile'
  b'M' + b'ore' -> b'More'
  b' pearl' + b's' -> b' pearls'
  b' ho' + b'ses' -> b' hoses'
  b' cr' + b'isp' -> b' crisp'
  b' aw' + b'hile' -> b' awhile'
  b' W' + b'hee' -> b' Whee'
  b'it' + b'es' -> b'ites'
  b'L' + b'ou' -> b'Lou'
  b' so' + b'da' -> b' soda'
  b' pops' + b'ic' -> b' popsic'
  b' loyal' + b'ty' -> b' loyalty'
  b' Or' + b'ange' -> b' Orange'
  b'L' + b'inda' -> b'Linda'
  b' tong' + b'ues' -> b' tongues'
  b' Ros' + b'a' -> b' Rosa'
  b'us' + b'ion' -> b'usion'
  b're' + b'nt' -> b'rent'
  b' rid' + b'er' -> b' rider'
  b' C' + b'D' -> b' CD'
  b'O' + b'oh' -> b'Ooh'
  b' Bl' + b'ack' -> b' Black'
  b'p' + b'an' -> b'pan'
  b' sure' + b'ly' -> b' surely'
  b' ab' + b'o' -> b' abo'
  b' L' + b'aw' -> b' Law'
  b' Ann' + b'abelle' -> b' Annabelle'
  b'd' + b'es' -> b'des'
  b'col' + b'ored' -> b'colored'
  b' occas' + b'ion' -> b' occasion'
  b' bu' + b'nd' -> b' bund'
  b'r' + b'um' -> b'rum'
  b'izz' + b'a' -> b'izza'
  b'd' + b'og' -> b'dog'
  b'!' + b'\xe2\x80\x99' -> b'!\xe2\x80\x99'
  b' st' + b'un' -> b' stun'
  b' guit' + b'ars' -> b' guitars'
  b' chick' + b's' -> b' chicks'
  b'ch' + b'ief' -> b'chief'
  b' separ' + b'ating' -> b' separating'
  b' seas' + b'he' -> b' seashe'
  b' rebu' + b'ild' -> b' rebuild'
  b' intellig' + b'ence' -> b' intelligence'
  b' alligator' + b's' -> b' alligators'
  b' abo' + b'ard' -> b' aboard'
  b' R' + b'aven' -> b' Raven'
  b' I' + b'ron' -> b' Iron'
  b' A' + b'pril' -> b' April'
  b'F' + b'ound' -> b'Found'
  b' cro' + b'ak' -> b' croak'
  b' cre' + b'ep' -> b' creep'
  b' W' + b'inky' -> b' Winky'
  b' V' + b'iolet' -> b' Violet'
  b'aid' + b's' -> b'aids'
  b'Somet' + b'hing' -> b'Something'
  b'C' + b'atch' -> b'Catch'
  b' learn' + b'er' -> b' learner'
  b' caut' + b'ion' -> b' caution'
  b' c' + b'uc' -> b' cuc'
  b' O' + b'ld' -> b' Old'
  b' C' + b'are' -> b' Care'
  b'sol' + b'ut' -> b'solut'
  b' wh' + b'ines' -> b' whines'
  b' sp' + b'iky' -> b' spiky'
  b' reveal' + b'ing' -> b' revealing'
  b' r' + b'ins' -> b' rins'
  b' Un' + b'i' -> b' Uni'
  b'w' + b'orking' -> b'working'
  b' tick' + b'ling' -> b' tickling'
  b' esc' + b'ap' -> b' escap'
  b' S' + b'ettle' -> b' Settle'
  b' under' + b'water' -> b' underwater'
  b' glob' + b'e' -> b' globe'
  b' cr' + b'ouched' -> b' crouched'
  b' Ro' + b'ar' -> b' Roar'
  b' C' + b'oby' -> b' Coby'
  b' B' + b'a' -> b' Ba'
  b'u' + b'dge' -> b'udge'
  b'ever' + b'se' -> b'everse'
  b"!'" + b'.' -> b"!'."
  b' pr' + b'og' -> b' prog'
  b' bloom' + b's' -> b' blooms'
  b' appear' + b'ance' -> b' appearance'
  b" '" + b"'" -> b" ''"
  b'ur' + b'ricane' -> b'urricane'
  b'st' + b'op' -> b'stop'
  b'se' + b'ph' -> b'seph'
  b'if' + b'er' -> b'ifer'
  b'f' + b'ived' -> b'fived'
  b'J' + b'an' -> b'Jan'
  b' stroke' + b's' -> b' strokes'
  b' le' + b'aking' -> b' leaking'
  b' hat' + b'ched' -> b' hatched'
  b' guard' + b'ian' -> b' guardian'
  b' So' + b'cky' -> b' Socky'
  b'eal' + b'ing' -> b'ealing'
  b'arn' + b'ing' -> b'arning'
  b' zoo' + b'keepers' -> b' zookeepers'
  b' t' + b'ant' -> b' tant'
  b' rout' + b'ine' -> b' routine'
  b' persist' + b'ence' -> b' persistence'
  b' do' + b'ves' -> b' doves'
  b'Sn' + b'ap' -> b'Snap'
  b'S' + b'leep' -> b'Sleep'
  b'Ch' + b'icky' -> b'Chicky'
  b' tap' + b's' -> b' taps'
  b' squ' + b'ashes' -> b' squashes'
  b' qu' + b'ilt' -> b' quilt'
  b' pain' + b'ful' -> b' painful'
  b' light' + b'ing' -> b' lighting'
  b' bl' + b'ame' -> b' blame'
  b' adm' + b'it' -> b' admit'
  b'T' + b'oys' -> b'Toys'
  b'Ah' + b'h' -> b'Ahh'
  b' tempt' + b'ing' -> b' tempting'
  b' sh' + b'attered' -> b' shattered'
  b' ri' + b'pp' -> b' ripp'
  b' mo' + b'ld' -> b' mold'
  b' deep' + b'ly' -> b' deeply'
  b' P' + b'uff' -> b' Puff'
  b'gg' + b'les' -> b'ggles'
  b'Th' + b'ree' -> b'Three'
  b'R' + b'alph' -> b'Ralph'
  b'Mat' + b't' -> b'Matt'
  b' thr' + b'one' -> b' throne'
  b' squir' + b'ted' -> b' squirted'
  b' sec' + b'urity' -> b' security'
  b' peek' + b's' -> b' peeks'
  b' electric' + b'ity' -> b' electricity'
  b' cent' + b're' -> b' centre'
  b' bur' + b'gers' -> b' burgers'
  b' Sp' + b'in' -> b' Spin'
  b'em' + b'on' -> b'emon'
  b'c' + b'on' -> b'con'
  b' real' + b'izing' -> b' realizing'
  b' cook' + b's' -> b' cooks'
  b' allow' + b'ing' -> b' allowing'
  b' L' + b'iam' -> b' Liam'
  b'us' + b'hes' -> b'ushes'
  b'ort' + b'h' -> b'orth'
  b'o' + b'ss' -> b'oss'
  b'ck' + b'er' -> b'cker'
  b'Jess' + b'ica' -> b'Jessica'
  b' l' + b'ar' -> b' lar'
  b' exch' + b'ange' -> b' exchange'
  b' cho' + b'pping' -> b' chopping'
  b'Sh' + b'are' -> b'Share'
  b'S' + b'ophia' -> b'Sophia'
  b' sweet' + b'ly' -> b' sweetly'
  b' R' + b'ace' -> b' Race'
  b' Quick' + b'ly' -> b' Quickly'
  b' A' + b'lf' -> b' Alf'
  b'ver' + b'ing' -> b'vering'
  b' sweet' + b'er' -> b' sweeter'
  b' rins' + b'ed' -> b' rinsed'
  b' glitt' + b'ered' -> b' glittered'
  b'is' + b'app' -> b'isapp'
  b'Z' + b'ero' -> b'Zero'
  b'S' + b'w' -> b'Sw'
  b' melt' + b's' -> b' melts'
  b' mel' + b'ody' -> b' melody'
  b' go' + b'ggles' -> b' goggles'
  b' fu' + b'rious' -> b' furious'
  b' ener' + b'getic' -> b' energetic'
  b' defe' + b'ated' -> b' defeated'
  b' build' + b'ers' -> b' builders'
  b' In' + b'ch' -> b' Inch'
  b'as' + b'y' -> b'asy'
  b' wa' + b'ded' -> b' waded'
  b' tant' + b'rum' -> b' tantrum'
  b' sniff' + b'led' -> b' sniffled'
  b' choo' + b'ses' -> b' chooses'
  b' Other' + b'wise' -> b' Otherwise'
  b' Cat' + b's' -> b' Cats'
  b' C' + b'omet' -> b' Comet'
  b' contain' + b'er' -> b' container'
  b' compet' + b'ing' -> b' competing'
  b' G' + b'iant' -> b' Giant'
  b'ere' + b'my' -> b'eremy'
  b'b' + b'ang' -> b'bang'
  b' Sh' + b'arp' -> b' Sharp'
  b' M' + b'ila' -> b' Mila'
  b'ar' + b'ted' -> b'arted'
  b' und' + b'one' -> b' undone'
  b' serious' + b'ly' -> b' seriously'
  b' protect' + b'ion' -> b' protection'
  b' lar' + b'ger' -> b' larger'
  b' l' + b'ull' -> b' lull'
  b' h' + b'udd' -> b' hudd'
  b' attempt' + b's' -> b' attempts'
  b' R' + b'ara' -> b' Rara'
  b' P' + b'ark' -> b' Park'
  b' D' + b'uke' -> b' Duke'
  b'Sh' + b'oo' -> b'Shoo'
  b'L' + b'izzie' -> b'Lizzie'
  b' toss' + b'ing' -> b' tossing'
  b' helicopter' + b's' -> b' helicopters'
  b' coo' + b'ed' -> b' cooed'
  b' cl' + b'uck' -> b' cluck'
  b' buck' + b'les' -> b' buckles'
  b' Wh' + b'ale' -> b' Whale'
  b' Pinch' + b'y' -> b' Pinchy'
  b' C' + b'her' -> b' Cher'
  b'S' + b'weet' -> b'Sweet'
  b' T' + b'ears' -> b' Tears'
  b' Sm' + b'o' -> b' Smo'
  b' O' + b'ver' -> b' Over'
  b'solut' + b'ely' -> b'solutely'
  b'St' + b'ill' -> b'Still'
  b'Sque' + b'aky' -> b'Squeaky'
  b' hum' + b'med' -> b' hummed'
  b' d' + b'edic' -> b' dedic'
  b' courage' + b'ous' -> b' courageous'
  b' M' + b'a' -> b' Ma'
  b' H' + b'or' -> b' Hor'
  b' D' + b'in' -> b' Din'
  b'Mad' + b'dy' -> b'Maddy'
  b'Every' + b'thing' -> b'Everything'
  b'C' + b'urious' -> b'Curious'
  b' rac' + b'ers' -> b' racers'
  b' patient' + b's' -> b' patients'
  b' mu' + b'ster' -> b' muster'
  b' go' + b'd' -> b' god'
  b' deser' + b'ves' -> b' deserves'
  b' al' + b'oud' -> b' aloud'
  b' T' + b'hings' -> b' Things'
  b'ap' + b's' -> b'aps'
  b'U' + b'se' -> b'Use'
  b' Sque' + b'e' -> b' Squee'
  b' D' + b'ragon' -> b' Dragon'
  b' tour' + b's' -> b' tours'
  b' meet' + b's' -> b' meets'
  b' mar' + b'vel' -> b' marvel'
  b' R' + b'usty' -> b' Rusty'
  b' Liz' + b'a' -> b' Liza'
  b' J' + b'et' -> b' Jet'
  b'Fr' + b'oggy' -> b'Froggy'
  b' wra' + b'pper' -> b' wrapper'
  b' R' + b'eddy' -> b' Reddy'
  b' H' + b'ops' -> b' Hops'
  b' Cr' + b'usty' -> b' Crusty'
  b' wh' + b'iskers' -> b' whiskers'
  b' nice' + b'st' -> b' nicest'
  b' impro' + b'ving' -> b' improving'
  b' bo' + b'oth' -> b' booth'
  b' L' + b'and' -> b' Land'
  b'S' + b'urrender' -> b'Surrender'
  b'Rock' + b'y' -> b'Rocky'
  b' meadow' + b's' -> b' meadows'
  b' imag' + b'inary' -> b' imaginary'
  b' bo' + b'ld' -> b' bold'
  b' St' + b'arry' -> b' Starry'
  b'Tw' + b'inkle' -> b'Twinkle'
  b"!'" + b'"' -> b'!\'"'
  b' ob' + b'st' -> b' obst'
  b' bl' + b'ades' -> b' blades'
  b' S' + b'ummer' -> b' Summer'
  b' Pe' + b'bby' -> b' Pebby'
  b'w' + b'are' -> b'ware'
  b'"' + b'!' -> b'"!'
  b' stro' + b'lled' -> b' strolled'

Longest token:
  b' accomplishment'  (15 bytes)  ->  ' accomplishment'
PASSED

========================= 1 passed in 98.14s (0:01:38) =========================
